ID,Tweet ID,User ID,Username,text,Created At,numbers,clean_text,label,label_score,predicted,confidence
1,1896611050881204614,1741330816255553536,DennDarull,Apapun kondisinya jangan sampai orang rumah tahu #motivasi #story https://t.co/qxqYHieUuL,2025-03-03 20:28:46,[],apapun kondisinya orang rumah,positif,3,positif,2.2222144240805917
2,1896547072595378447,1710039859614932992,mg2bet_mg2,Kalo cuma ganteng doang - Maia Estianty #motivasi #motivasisukses #motivasihidup #motivasell #maiaestianty #viral #fypdongggggggg #id #dennysumargo #densu #manggadua #mangga2 #kutipan #katakata #foryoupage #fyppppppppppppppppppppppp https://t.co/PL9LTtw5vW,2025-03-03 20:28:46,"['2', '9', '5']",kalo ganteng doang maia estianty,negatif,-5,negatif,2.222226066328012
3,1896545343606858090,1710039859614932992,mg2bet_mg2,Setiap pernikahan ada rejekinya #motivasi #motivasihidup #motivasisukses #motivasell #dennysumargo #kemalpahlevi #densu #dennysumargo #manggadua #mangga2 #kutipan #katakata https://t.co/sCDFqc4NhP,2025-03-03 20:28:46,"['2', '4']",pernikahan rejekinya,netral,0,netral,2.222220253197535
4,1896515910627963044,127796691,warungsatekamu,Tuhan Yesus berilah kesempatan kepadaku untuk menunjukkan kasih kepada orang-orang yang Engkau hadirkan sebagai sesamaku. Kontribusi oleh Vika Rahelia. #WarungSaTeKaMu #dailyquote #christianart #handlettering #rohanikristen #saatteduh #santapanrohani #renungankristen #motivasi https://t.co/9RnuaLUXhb,2025-03-03 20:28:46,['9'],tuhan yesus berilah kesempatan kepadaku kasih orangorang engkau hadirkan sesamaku kontribusi vika rahelia,negatif,-2,negatif,2.2222069387842507
5,1896510158634910185,1587643235614486528,BPS_Situbondo,menyalahkan keadaan sibuk mencari penyelesaian. Hidup tidak menjadi lebih baik karena kebetulan melainkan karena adanya perubahan. #zonaintegritas #afirmasi #inspirasi #motivasi #asap #BPSSitubondo,2025-03-03 20:28:46,[],menyalahkan sibuk mencari penyelesaian hidup perubahan,negatif,-4,negatif,2.222214854681364
6,1896504254556479666,2991081272,mr_z4m,Konsistensi itu kunci kejayaan! Dalam bulan Ramadhan ini tunjukkan komitmen kita setiap hari. Setiap langkah kecil mendekatkan kita kepada kebaikan Dan Kejayaan dalam perniagaan. Jom buktikan! #Ramadhan #Motivasi #peszamzum #zamzumglobal #sambalpenyetnanaszamzum https://t.co/SLsojZ1a7z,2025-03-03 20:28:46,"['1', '7']",konsistensi kunci kejayaan ramadhan tunjukkan komitmen langkah mendekatkan kebaikan kejayaan perniagaan jom buktikan,positif,16,positif,2.222211247969818
7,1896490310458609894,943421476480225280,DadungAwuk82,BELAS KASIHMU ADALAH RACUN YANG PERLAHAN MEMBUNUHMU #katabijak #afirmasi #motivasi #cinta #kasihsayang #hidup #hidupbebasdrama #videoviral #quotes #katakata #fy https://t.co/ija74P3NMg,2025-03-03 20:28:46,"['74', '3']",belas kasihmu racun perlahan membunuhmu,negatif,-3,negatif,2.222210116003706
8,1896484660810756252,1879756228387368960,pengusahasp,Tugas Manusia Hanya Sebatas berjuang #indonesiabertani #pengusahasetengahpelawak #pupukmahkota #petani #tani #dolomit #motivasi #sawit #sawitriau https://t.co/07KYoh1wIM,2025-03-03 20:28:46,"['07', '1']",tugas manusia sebatas berjuang,positif,2,positif,2.2222310815433555
9,1896450815570973150,1762667610439876608,bpstasik,Sampurasun Sobat Data. Sudah senin kembali ya bedanya senin kali ini kita sudah di bulan Ramadan ya.. Semangat ya puasanya untuk semua Sobat Data.. Semoga lancar dan sehat selalu.. #cintadata #bpsjabar #tasikmalaya #motivasi #quotes https://t.co/1Td8SiZDDW,2025-03-03 20:28:46,"['1', '8']",sampurasun sobat data senin ya bedanya senin kali ramadan ya semangat ya puasanya sobat data semoga lancar sehat,negatif,-6,negatif,2.222220713079023
10,1896428175003132183,2318372370,infaqproduktif,di bawa santai aja kalo gak kuat ambil air wudhu sholat berdoa backingan kita bisa segalanya #qoute #motivasi #konten #semangat https://t.co/9yzSQbzSBH,2025-03-03 20:28:46,['9'],bawa santai aja kalo gak kuat ambil air wudhu sholat berdoa backingan,negatif,-7,negatif,2.2222166735798385
11,1896418713282474088,1548278803239436288,gashokijp,LINK DI MAIN Di Profil Aku ya Sayang #fypシ #viralvideo #motivasi #rejeki #indonesian #semangatbaru2025 https://t.co/kGswQddO15,2025-03-03 20:28:46,"['2025', '15']",link main profil ya sayang,negatif,-1,negatif,2.2222362639175475
12,1896415246040060091,1871222349934313473,TrisnoKT3,Bertanggung Jawab Lah Atas Jalan Yang Kau Pilih #TrisnoKT #story #motivasi https://t.co/euKFRMoeOW,2025-03-03 20:28:46,[],bertanggung jalan kau pilih,negatif,-2,negatif,2.2222311836946655
13,1896611050881204614,1741330816255553536,DennDarull,Apapun kondisinya jangan sampai orang rumah tahu #motivasi #story https://t.co/qxqYHieUuL,2025-03-03 20:29:42,[],apapun kondisinya orang rumah,positif,3,positif,2.2222144240805917
14,1896547072595378447,1710039859614932992,mg2bet_mg2,Kalo cuma ganteng doang - Maia Estianty #motivasi #motivasisukses #motivasihidup #motivasell #maiaestianty #viral #fypdongggggggg #id #dennysumargo #densu #manggadua #mangga2 #kutipan #katakata #foryoupage #fyppppppppppppppppppppppp https://t.co/PL9LTtw5vW,2025-03-03 20:29:42,"['2', '9', '5']",kalo ganteng doang maia estianty,negatif,-5,negatif,2.222226066328012
15,1896545343606858090,1710039859614932992,mg2bet_mg2,Setiap pernikahan ada rejekinya #motivasi #motivasihidup #motivasisukses #motivasell #dennysumargo #kemalpahlevi #densu #dennysumargo #manggadua #mangga2 #kutipan #katakata https://t.co/sCDFqc4NhP,2025-03-03 20:29:42,"['2', '4']",pernikahan rejekinya,netral,0,netral,2.222220253197535
16,1896515910627963044,127796691,warungsatekamu,Tuhan Yesus berilah kesempatan kepadaku untuk menunjukkan kasih kepada orang-orang yang Engkau hadirkan sebagai sesamaku. Kontribusi oleh Vika Rahelia. #WarungSaTeKaMu #dailyquote #christianart #handlettering #rohanikristen #saatteduh #santapanrohani #renungankristen #motivasi https://t.co/9RnuaLUXhb,2025-03-03 20:29:42,['9'],tuhan yesus berilah kesempatan kepadaku kasih orangorang engkau hadirkan sesamaku kontribusi vika rahelia,negatif,-2,negatif,2.2222069387842507
17,1896510158634910185,1587643235614486528,BPS_Situbondo,menyalahkan keadaan sibuk mencari penyelesaian. Hidup tidak menjadi lebih baik karena kebetulan melainkan karena adanya perubahan. #zonaintegritas #afirmasi #inspirasi #motivasi #asap #BPSSitubondo,2025-03-03 20:29:42,[],menyalahkan sibuk mencari penyelesaian hidup perubahan,negatif,-4,negatif,2.222214854681364
18,1896504254556479666,2991081272,mr_z4m,Konsistensi itu kunci kejayaan! Dalam bulan Ramadhan ini tunjukkan komitmen kita setiap hari. Setiap langkah kecil mendekatkan kita kepada kebaikan Dan Kejayaan dalam perniagaan. Jom buktikan! #Ramadhan #Motivasi #peszamzum #zamzumglobal #sambalpenyetnanaszamzum https://t.co/SLsojZ1a7z,2025-03-03 20:29:42,"['1', '7']",konsistensi kunci kejayaan ramadhan tunjukkan komitmen langkah mendekatkan kebaikan kejayaan perniagaan jom buktikan,positif,16,positif,2.222211247969818
19,1896490310458609894,943421476480225280,DadungAwuk82,BELAS KASIHMU ADALAH RACUN YANG PERLAHAN MEMBUNUHMU #katabijak #afirmasi #motivasi #cinta #kasihsayang #hidup #hidupbebasdrama #videoviral #quotes #katakata #fy https://t.co/ija74P3NMg,2025-03-03 20:29:42,"['74', '3']",belas kasihmu racun perlahan membunuhmu,negatif,-3,negatif,2.222210116003706
20,1896484660810756252,1879756228387368960,pengusahasp,Tugas Manusia Hanya Sebatas berjuang #indonesiabertani #pengusahasetengahpelawak #pupukmahkota #petani #tani #dolomit #motivasi #sawit #sawitriau https://t.co/07KYoh1wIM,2025-03-03 20:29:42,"['07', '1']",tugas manusia sebatas berjuang,positif,2,positif,2.2222310815433555
21,1896450815570973150,1762667610439876608,bpstasik,Sampurasun Sobat Data. Sudah senin kembali ya bedanya senin kali ini kita sudah di bulan Ramadan ya.. Semangat ya puasanya untuk semua Sobat Data.. Semoga lancar dan sehat selalu.. #cintadata #bpsjabar #tasikmalaya #motivasi #quotes https://t.co/1Td8SiZDDW,2025-03-03 20:29:42,"['1', '8']",sampurasun sobat data senin ya bedanya senin kali ramadan ya semangat ya puasanya sobat data semoga lancar sehat,negatif,-6,negatif,2.222220713079023
22,1896428175003132183,2318372370,infaqproduktif,di bawa santai aja kalo gak kuat ambil air wudhu sholat berdoa backingan kita bisa segalanya #qoute #motivasi #konten #semangat https://t.co/9yzSQbzSBH,2025-03-03 20:29:42,['9'],bawa santai aja kalo gak kuat ambil air wudhu sholat berdoa backingan,negatif,-7,negatif,2.2222166735798385
23,1896418713282474088,1548278803239436288,gashokijp,LINK DI MAIN Di Profil Aku ya Sayang #fypシ #viralvideo #motivasi #rejeki #indonesian #semangatbaru2025 https://t.co/kGswQddO15,2025-03-03 20:29:42,"['2025', '15']",link main profil ya sayang,negatif,-1,negatif,2.2222362639175475
24,1896415246040060091,1871222349934313473,TrisnoKT3,Bertanggung Jawab Lah Atas Jalan Yang Kau Pilih #TrisnoKT #story #motivasi https://t.co/euKFRMoeOW,2025-03-03 20:29:42,[],bertanggung jalan kau pilih,negatif,-2,negatif,2.2222311836946655
25,1896611050881204614,1741330816255553536,DennDarull,Apapun kondisinya jangan sampai orang rumah tahu #motivasi #story https://t.co/qxqYHieUuL,2025-03-03 20:31:01,[],apapun kondisinya orang rumah,positif,3,positif,2.2222144240805917
26,1896547072595378447,1710039859614932992,mg2bet_mg2,Kalo cuma ganteng doang - Maia Estianty #motivasi #motivasisukses #motivasihidup #motivasell #maiaestianty #viral #fypdongggggggg #id #dennysumargo #densu #manggadua #mangga2 #kutipan #katakata #foryoupage #fyppppppppppppppppppppppp https://t.co/PL9LTtw5vW,2025-03-03 20:31:01,"['2', '9', '5']",kalo ganteng doang maia estianty,negatif,-5,negatif,2.222226066328012
27,1896545343606858090,1710039859614932992,mg2bet_mg2,Setiap pernikahan ada rejekinya #motivasi #motivasihidup #motivasisukses #motivasell #dennysumargo #kemalpahlevi #densu #dennysumargo #manggadua #mangga2 #kutipan #katakata https://t.co/sCDFqc4NhP,2025-03-03 20:31:01,"['2', '4']",pernikahan rejekinya,netral,0,netral,2.222220253197535
28,1896515910627963044,127796691,warungsatekamu,Tuhan Yesus berilah kesempatan kepadaku untuk menunjukkan kasih kepada orang-orang yang Engkau hadirkan sebagai sesamaku. Kontribusi oleh Vika Rahelia. #WarungSaTeKaMu #dailyquote #christianart #handlettering #rohanikristen #saatteduh #santapanrohani #renungankristen #motivasi https://t.co/9RnuaLUXhb,2025-03-03 20:31:01,['9'],tuhan yesus berilah kesempatan kepadaku kasih orangorang engkau hadirkan sesamaku kontribusi vika rahelia,negatif,-2,negatif,2.2222069387842507
29,1896510158634910185,1587643235614486528,BPS_Situbondo,menyalahkan keadaan sibuk mencari penyelesaian. Hidup tidak menjadi lebih baik karena kebetulan melainkan karena adanya perubahan. #zonaintegritas #afirmasi #inspirasi #motivasi #asap #BPSSitubondo,2025-03-03 20:31:01,[],menyalahkan sibuk mencari penyelesaian hidup perubahan,negatif,-4,negatif,2.222214854681364
30,1896504254556479666,2991081272,mr_z4m,Konsistensi itu kunci kejayaan! Dalam bulan Ramadhan ini tunjukkan komitmen kita setiap hari. Setiap langkah kecil mendekatkan kita kepada kebaikan Dan Kejayaan dalam perniagaan. Jom buktikan! #Ramadhan #Motivasi #peszamzum #zamzumglobal #sambalpenyetnanaszamzum https://t.co/SLsojZ1a7z,2025-03-03 20:31:01,"['1', '7']",konsistensi kunci kejayaan ramadhan tunjukkan komitmen langkah mendekatkan kebaikan kejayaan perniagaan jom buktikan,positif,16,positif,2.222211247969818
31,1896490310458609894,943421476480225280,DadungAwuk82,BELAS KASIHMU ADALAH RACUN YANG PERLAHAN MEMBUNUHMU #katabijak #afirmasi #motivasi #cinta #kasihsayang #hidup #hidupbebasdrama #videoviral #quotes #katakata #fy https://t.co/ija74P3NMg,2025-03-03 20:31:01,"['74', '3']",belas kasihmu racun perlahan membunuhmu,negatif,-3,negatif,2.222210116003706
32,1896484660810756252,1879756228387368960,pengusahasp,Tugas Manusia Hanya Sebatas berjuang #indonesiabertani #pengusahasetengahpelawak #pupukmahkota #petani #tani #dolomit #motivasi #sawit #sawitriau https://t.co/07KYoh1wIM,2025-03-03 20:31:01,"['07', '1']",tugas manusia sebatas berjuang,positif,2,positif,2.2222310815433555
33,1896450815570973150,1762667610439876608,bpstasik,Sampurasun Sobat Data. Sudah senin kembali ya bedanya senin kali ini kita sudah di bulan Ramadan ya.. Semangat ya puasanya untuk semua Sobat Data.. Semoga lancar dan sehat selalu.. #cintadata #bpsjabar #tasikmalaya #motivasi #quotes https://t.co/1Td8SiZDDW,2025-03-03 20:31:01,"['1', '8']",sampurasun sobat data senin ya bedanya senin kali ramadan ya semangat ya puasanya sobat data semoga lancar sehat,negatif,-6,negatif,2.222220713079023
34,1896428175003132183,2318372370,infaqproduktif,di bawa santai aja kalo gak kuat ambil air wudhu sholat berdoa backingan kita bisa segalanya #qoute #motivasi #konten #semangat https://t.co/9yzSQbzSBH,2025-03-03 20:31:01,['9'],bawa santai aja kalo gak kuat ambil air wudhu sholat berdoa backingan,negatif,-7,negatif,2.2222166735798385
35,1896418713282474088,1548278803239436288,gashokijp,LINK DI MAIN Di Profil Aku ya Sayang #fypシ #viralvideo #motivasi #rejeki #indonesian #semangatbaru2025 https://t.co/kGswQddO15,2025-03-03 20:31:01,"['2025', '15']",link main profil ya sayang,negatif,-1,negatif,2.2222362639175475
36,1896415246040060091,1871222349934313473,TrisnoKT3,Bertanggung Jawab Lah Atas Jalan Yang Kau Pilih #TrisnoKT #story #motivasi https://t.co/euKFRMoeOW,2025-03-03 20:31:01,[],bertanggung jalan kau pilih,negatif,-2,negatif,2.2222311836946655
37,1899775063630676033,1856931953574055936,bRo38543,EKSEKUSI YANG KONSISTEN #motivasihariinijanganmengeluh #motivationalquotes #motivation #inspiration #katamutiara #motivasidirisendiri #quotes #katabijak #edukasi #motivasihidup #viralvideos #motivasi #semuaorang #education #inspirasi #trending #katakatabijak #Motivasidiri https://t.co/UXiKbJFs3w,2025-03-12 15:59:47,['3'],eksekusi konsisten,netral,0,netral,2.2222219147352567
38,1899773697676005470,943421476480225280,DadungAwuk82,ADAKALANYA KITA HARUS MENJADI YANG BERBEDA #katakatabijak #afirmasi #motivasi #pemberontak #pembangkang #katakata #quotes #fyp #videoviral #fy #hidupbebasdrama #hidup https://t.co/7yysezpqRQ,2025-03-12 15:59:47,['7'],adakalanya berbeda,negatif,-4,negatif,2.222240340144469
39,1899718667287543892,451283662,wardatuljannah3,#motivasi Jangan Pernah Menyerah Apapun yang Terjadi Perubahan yang tidak disangka dan luar biasa bisa saja terjadi pada detik - detik terakhir Jangan Menyerah dengan keadaan Berjuanglah dan carilah jalan agar Anda bisa keluar dari keadaan yang buruk. https://t.co/N1xtHB8Xf4,2025-03-12 15:59:47,"['1', '8', '4']",menyerah apapun perubahan disangka detik detik menyerah berjuanglah carilah jalan buruk,negatif,-9,negatif,2.2222279480933462
40,1899713072320934060,1548278803239436288,gashokijp,LINK DI MAIN Di Profil Aku ya Sayang #fypシ #viralvideo #motivasi #rejeki #lebaran #idulfitri https://t.co/jKqmcWVUT5,2025-03-12 15:59:47,['5'],link main profil ya sayang,negatif,-1,negatif,2.2222362639175475
41,1899693686818034029,1856931953574055936,bRo38543,Inovasi Dan Imajinasi #motivasihariinijanganmengeluh #motivationalquotes #motivation #inspiration #katamutiara #motivasidirisendiri #quotes #katabijak #edukasi #motivasihidup #viralvideos #motivasi #semuaorang #education #inspirasi #trending #katakatabijak #Motivasidiri https://t.co/MMVQ3aOxtJ,2025-03-12 15:59:47,['3'],inovasi imajinasi,positif,4,positif,2.2222274102453903
42,1899674176400859200,1871222349934313473,TrisnoKT3,Hidup ini bukan perlombaan #TrisnoKT #story #motivasi https://t.co/hsuzOOpO2m,2025-03-12 15:59:47,['2'],hidup perlombaan,negatif,-4,negatif,2.222228074185661
43,1899671411398189099,1871222349934313473,TrisnoKT3,Tugas manusia hanya berjuang #TrisnoKT #story #motivasi https://t.co/HWeNTlV4eB,2025-03-12 15:59:47,['4'],tugas manusia berjuang,positif,2,positif,2.2222217432608704
44,1899656561326195195,1231277641862221824,MoneyDuckID,Ada yang ngalamin putus karena uang? #moneyduck #putus #putuspacaran #meme #motivasi #katamotivasi #uang https://t.co/rZYPHDOVLj,2025-03-12 15:59:47,[],ngalamin putus uang,negatif,-5,negatif,2.222233230109625
45,1899653147540545997,3493431319,berkatabijak16,Kirim Paket Negeri Konoha || CERITA NEGERI KONOHA #fageforyou #katakata #masukberandafyp #beranda #katakatamotivasi #katakatamutiara #katabijak #fyp #dewasa #motivasi #lucu #quotesmotivasi #quotes #katakatamotivasi #katakata #History #quotesstory #simba69 #zeudiners #LYKN https://t.co/yhaPM9zOOd,2025-03-12 15:59:47,"['69', '9']",kirim paket negeri konoha cerita negeri konoha,positif,2,positif,2.2222290551327513
46,1899775063630676033,1856931953574055936,bRo38543,EKSEKUSI YANG KONSISTEN #motivasihariinijanganmengeluh #motivationalquotes #motivation #inspiration #katamutiara #motivasidirisendiri #quotes #katabijak #edukasi #motivasihidup #viralvideos #motivasi #semuaorang #education #inspirasi #trending #katakatabijak #Motivasidiri https://t.co/UXiKbJFs3w,2025-03-12 16:00:14,['3'],eksekusi konsisten,netral,0,netral,2.2222219147352567
47,1899773697676005470,943421476480225280,DadungAwuk82,ADAKALANYA KITA HARUS MENJADI YANG BERBEDA #katakatabijak #afirmasi #motivasi #pemberontak #pembangkang #katakata #quotes #fyp #videoviral #fy #hidupbebasdrama #hidup https://t.co/7yysezpqRQ,2025-03-12 16:00:14,['7'],adakalanya berbeda,negatif,-4,negatif,2.222240340144469
48,1899718667287543892,451283662,wardatuljannah3,#motivasi Jangan Pernah Menyerah Apapun yang Terjadi Perubahan yang tidak disangka dan luar biasa bisa saja terjadi pada detik - detik terakhir Jangan Menyerah dengan keadaan Berjuanglah dan carilah jalan agar Anda bisa keluar dari keadaan yang buruk. https://t.co/N1xtHB8Xf4,2025-03-12 16:00:14,"['1', '8', '4']",menyerah apapun perubahan disangka detik detik menyerah berjuanglah carilah jalan buruk,negatif,-9,negatif,2.2222279480933462
49,1899713072320934060,1548278803239436288,gashokijp,LINK DI MAIN Di Profil Aku ya Sayang #fypシ #viralvideo #motivasi #rejeki #lebaran #idulfitri https://t.co/jKqmcWVUT5,2025-03-12 16:00:14,['5'],link main profil ya sayang,negatif,-1,negatif,2.2222362639175475
50,1899693686818034029,1856931953574055936,bRo38543,Inovasi Dan Imajinasi #motivasihariinijanganmengeluh #motivationalquotes #motivation #inspiration #katamutiara #motivasidirisendiri #quotes #katabijak #edukasi #motivasihidup #viralvideos #motivasi #semuaorang #education #inspirasi #trending #katakatabijak #Motivasidiri https://t.co/MMVQ3aOxtJ,2025-03-12 16:00:14,['3'],inovasi imajinasi,positif,4,positif,2.2222274102453903
51,1899674176400859200,1871222349934313473,TrisnoKT3,Hidup ini bukan perlombaan #TrisnoKT #story #motivasi https://t.co/hsuzOOpO2m,2025-03-12 16:00:14,['2'],hidup perlombaan,negatif,-4,negatif,2.222228074185661
52,1899671411398189099,1871222349934313473,TrisnoKT3,Tugas manusia hanya berjuang #TrisnoKT #story #motivasi https://t.co/HWeNTlV4eB,2025-03-12 16:00:14,['4'],tugas manusia berjuang,positif,2,positif,2.2222217432608704
53,1899656561326195195,1231277641862221824,MoneyDuckID,Ada yang ngalamin putus karena uang? #moneyduck #putus #putuspacaran #meme #motivasi #katamotivasi #uang https://t.co/rZYPHDOVLj,2025-03-12 16:00:14,[],ngalamin putus uang,negatif,-5,negatif,2.222233230109625
54,1899653147540545997,3493431319,berkatabijak16,Kirim Paket Negeri Konoha || CERITA NEGERI KONOHA #fageforyou #katakata #masukberandafyp #beranda #katakatamotivasi #katakatamutiara #katabijak #fyp #dewasa #motivasi #lucu #quotesmotivasi #quotes #katakatamotivasi #katakata #History #quotesstory #simba69 #zeudiners #LYKN https://t.co/yhaPM9zOOd,2025-03-12 16:00:14,"['69', '9']",kirim paket negeri konoha cerita negeri konoha,positif,2,positif,2.2222290551327513
55,1899775063630676033,1856931953574055936,bRo38543,EKSEKUSI YANG KONSISTEN #motivasihariinijanganmengeluh #motivationalquotes #motivation #inspiration #katamutiara #motivasidirisendiri #quotes #katabijak #edukasi #motivasihidup #viralvideos #motivasi #semuaorang #education #inspirasi #trending #katakatabijak #Motivasidiri https://t.co/UXiKbJFs3w,2025-03-12 16:00:54,['3'],eksekusi konsisten,netral,0,netral,2.2222219147352567
56,1899773697676005470,943421476480225280,DadungAwuk82,ADAKALANYA KITA HARUS MENJADI YANG BERBEDA #katakatabijak #afirmasi #motivasi #pemberontak #pembangkang #katakata #quotes #fyp #videoviral #fy #hidupbebasdrama #hidup https://t.co/7yysezpqRQ,2025-03-12 16:00:54,['7'],adakalanya berbeda,negatif,-4,negatif,2.222240340144469
57,1899718667287543892,451283662,wardatuljannah3,#motivasi Jangan Pernah Menyerah Apapun yang Terjadi Perubahan yang tidak disangka dan luar biasa bisa saja terjadi pada detik - detik terakhir Jangan Menyerah dengan keadaan Berjuanglah dan carilah jalan agar Anda bisa keluar dari keadaan yang buruk. https://t.co/N1xtHB8Xf4,2025-03-12 16:00:54,"['1', '8', '4']",menyerah apapun perubahan disangka detik detik menyerah berjuanglah carilah jalan buruk,negatif,-9,negatif,2.2222279480933462
58,1899713072320934060,1548278803239436288,gashokijp,LINK DI MAIN Di Profil Aku ya Sayang #fypシ #viralvideo #motivasi #rejeki #lebaran #idulfitri https://t.co/jKqmcWVUT5,2025-03-12 16:00:54,['5'],link main profil ya sayang,negatif,-1,negatif,2.2222362639175475
59,1899693686818034029,1856931953574055936,bRo38543,Inovasi Dan Imajinasi #motivasihariinijanganmengeluh #motivationalquotes #motivation #inspiration #katamutiara #motivasidirisendiri #quotes #katabijak #edukasi #motivasihidup #viralvideos #motivasi #semuaorang #education #inspirasi #trending #katakatabijak #Motivasidiri https://t.co/MMVQ3aOxtJ,2025-03-12 16:00:54,['3'],inovasi imajinasi,positif,4,positif,2.2222274102453903
60,1899674176400859200,1871222349934313473,TrisnoKT3,Hidup ini bukan perlombaan #TrisnoKT #story #motivasi https://t.co/hsuzOOpO2m,2025-03-12 16:00:54,['2'],hidup perlombaan,negatif,-4,negatif,2.222228074185661
61,1899671411398189099,1871222349934313473,TrisnoKT3,Tugas manusia hanya berjuang #TrisnoKT #story #motivasi https://t.co/HWeNTlV4eB,2025-03-12 16:00:54,['4'],tugas manusia berjuang,positif,2,positif,2.2222217432608704
62,1899656561326195195,1231277641862221824,MoneyDuckID,Ada yang ngalamin putus karena uang? #moneyduck #putus #putuspacaran #meme #motivasi #katamotivasi #uang https://t.co/rZYPHDOVLj,2025-03-12 16:00:54,[],ngalamin putus uang,negatif,-5,negatif,2.222233230109625
63,1899653147540545997,3493431319,berkatabijak16,Kirim Paket Negeri Konoha || CERITA NEGERI KONOHA #fageforyou #katakata #masukberandafyp #beranda #katakatamotivasi #katakatamutiara #katabijak #fyp #dewasa #motivasi #lucu #quotesmotivasi #quotes #katakatamotivasi #katakata #History #quotesstory #simba69 #zeudiners #LYKN https://t.co/yhaPM9zOOd,2025-03-12 16:00:54,"['69', '9']",kirim paket negeri konoha cerita negeri konoha,positif,2,positif,2.2222290551327513
64,1899596669261660449,2742147296,danielgintingm,#MotivasiHariIni : ADA KALA MEMULAI ADA JUGA KALANYA MENGAKHIRI MENTARI PUN TAK SELAMANYA TERBIT ADA KALANYA IA TERBENAM #TetapSemangat #TetapOptimis #PantangMenyerah https://t.co/0xISu7SdCl,2025-03-12 16:04:22,"['0', '7']",kalanya mentari terbit kalanya terbenam,negatif,-5,negatif,2.222219737462194
65,1898139975394509078,2742147296,danielgintingm,#MotivasiHariIni : YANG PINTAR BELUM TENTU BERHASIL YANG TIDAK PINTAR BELUM TENTU GAGAL SEMUANYA TERGANTUNG KEMAUAN Semua orang memiliki kemampuan perbedaannya adalah bagaimana dia menggunakannya untuk mewujudkan keberhasilannya. #TetapSemangat #TetapOptimis #PantangMenyerah https://t.co/IkMJYoTdyK,2025-03-12 16:04:22,[],pintar berhasil pintar gagal tergantung kemauan orang memiliki kemampuan perbedaannya menggunakannya mewujudkan keberhasilannya,positif,3,positif,2.2222437525700482
66,1897507786654933395,1792377969056616449,topla_id,Kadang kita butuh sedikit dorongan ekstra untuk melangkah lebih jauh. Inilah saatnya untuk bangkit semangat dan terus maju! #MotivasiHariIni #Semangat #KataKataBijak #PositiveVibes #MindsetPositif #TetapSemangat #RaihImpian #MotivasiDiri #KataBijak #Topla #Produklokal https://t.co/bE2NJIzaXd,2025-03-12 16:04:22,['2'],kadang butuh dorongan ekstra melangkah bangkit semangat maju,negatif,-4,negatif,2.222200012964598
67,1896816104028479599,2742147296,danielgintingm,#MotivasiHariIni : KEKUATAN SEJATI TAK BERASAL DARI FISIK TAPI BERASAL DARI KETEGUHAN HATI TIADA YANG BISA MERUNTUHKAN KETEGUHAN HATI #TetapSemangat #TetapOptimis #PantangMenyerah https://t.co/aAzdqLYKQ0,2025-03-12 16:04:22,['0'],kekuatan sejati berasal fisik berasal keteguhan hati tiada meruntuhkan keteguhan hati,negatif,-13,negatif,2.2222182773923005
68,1896746082463584516,1856931953574055936,bRo38543,Ubah Cara berpikir #motivationalquotes #katamutiara #motivation #inspiration #motivasidirisendiri #quotes #katabijak #edukasi #motivasihidup #viralvideos #motivasi #semuaorang #education #inspirasi #trending #katakatabijak #Motivasidiri #MotivasiHariIni #tiktok #tiktokviral https://t.co/WjYHx7m1Yo,2025-03-12 16:04:22,"['7', '1']",ubah berpikir,netral,0,netral,2.222220275989723
69,1895616260467261728,2742147296,danielgintingm,#MotivasiHariIni : BEKERJA DENGAN BAIK HASILNYA BELUM TENTU BAIK TAPI BEKERJA DENGAN BURUK HASILNYA SUDAH PASTI BURUK #TetapSemangat #TetapOptimis #PantangMenyerah https://t.co/ZKdgG0j2xi,2025-03-12 16:04:22,"['0', '2']",hasilnya buruk hasilnya buruk,negatif,-10,negatif,2.2222235323269994
70,1894193459776688270,1183162696708980736,littlerockztars,kuliah seseru ini cuma dengerin presentasi ko milih bolos #motivasihariini,2025-03-12 16:04:22,[],kuliah seseru dengerin presentasi ko milih bolos,negatif,-7,negatif,2.2222189895344524
71,1894157296059781589,2742147296,danielgintingm,#MotivasiHariIni : JANGAN MENYERAH TETAPLAH SEMANGAT KEBAHAGIAAN AKAN HADIR SETELAH LELAHMU Berlarilah ketika kamu bisa berjalan jika harus merangkak jika perlu yang penting jangan pernah menyerah. #TetapSemangat #TetapOptimis #PantangMenyerah https://t.co/ILKNxlfx04,2025-03-12 16:04:22,['04'],menyerah tetaplah semangat kebahagiaan hadir lelahmu berlarilah berjalan merangkak menyerah,negatif,-11,negatif,2.224179516874294
72,1893888601609384120,1380373705587531778,smspay_id,Saat tantangan terasa berat dan jalan terasa terjal ingat kembali alasan mengapa kamu memulai! Setiap langkah kecil tetap membawa kita lebih dekat ke tujuan. Tetap semangat! #MotivasiHariIni #JanganMenyerah #IngatTujuanmu #SemangatKerja #NeverGiveUp #GrowthMindset #SMSPay https://t.co/ZEUQDxepNU,2025-03-12 16:04:22,[],tantangan berat jalan terjal alasan langkah membawa tujuan semangat,positif,3,positif,2.2222374540205534
73,1893072276494663799,2742147296,danielgintingm,#MotivasiHariIni : KEHIDUPAN TAK MEMBERIMU KESEMPATAN KEDUA TAPI IA KADANG MEMBERIKAN AWAL YANG BARU https://t.co/pmCYXszcAc,2025-03-12 16:04:22,[],kehidupan memberimu kesempatan kadang,positif,3,positif,2.222211107979007
74,1892706136828088435,2742147296,danielgintingm,#MotivasiHariIni : TANPA KEBERANIAN TAKKAN ADA KEMENANGAN TANPA PERJUANGAN TAKKAN ADA AKHIR BAHAGIA #TetapSemangat #TetapOptimis #PantangMenyerah https://t.co/2KOg64dVL8,2025-03-12 16:04:22,"['2', '64', '8']",keberanian takkan kemenangan perjuangan takkan bahagia,negatif,-1,negatif,2.222219019886875
75,1892347449177428391,2742147296,danielgintingm,#MotivasiHariIni : TIDAK ADA PROSES YANG MUDAH UNTUK TUJUAN YANG INDAH AKAN ADA HARI SULIT UNTUK MEMBUAT DIRI MENJADI LEBIH KUAT https://t.co/sTuJR5g7au,2025-03-12 16:04:22,"['5', '7']",proses mudah tujuan indah sulit kuat,negatif,-5,negatif,2.2222189880830627
76,1891997181264961701,2742147296,danielgintingm,#MotivasiHariIni : DIBALIK BAYANG-BAYANG SELALU ADA CAHAYA ........ https://t.co/0lBtozVoDx #TetapSemangat #TetapOptimis #PantangMenyerah,2025-03-12 16:04:22,['0'],dibalik bayangbayang cahaya,negatif,-3,negatif,2.2222334971137823
77,1895806757123080652,1817210599933095936,Dm41nCJ,HAHAHJDK #art #ibispaint #pico #piconjo #fnf #mem #picosschool https://t.co/qLZkqQkhqI,2025-03-12 16:06:42,[],hahahjdk,netral,0,negatif,2.159005914321281
78,1892280742463316345,3402735665,CdglDario,#Kit #Tastiera #Mem #Chanical e #Mouse #Ottico #3200DPI #USB [MS-110-KKMF1-IT] - 75.00EUR : https://t.co/BDGDn9xdej @91SWGLOVIS @vincos @vincenzonibali @vincenzo @CdglDario @bravolismar @bravoAlvin @bravo @mariobianchi18 @lap_ussyyy @blobrai3 @giannimagini @fumoffus @Nonuccidere https://t.co/G9Czw8apHQ,2025-03-12 16:06:42,"['3200', '110', '1', '75', '00', '9', '91', '18', '3', '9', '8']",e ms110kkmf1it 7500eur,netral,0,netral,2.1906298035563996
79,1892058767782555794,1661763259903639553,SinghChahat24,Dost ne apna dukh vykti kiya h Action to lena pdega na #jeemains2025 #Trending #mem https://t.co/UZtoV6iZP7,2025-03-12 16:06:42,"['2025', '6', '7']",dost ne apna dukh vykti kiya h action to lena pdega na,netral,0,negatif,2.1502965979401134
80,1890600158447947937,1754861514161541120,M3ij_,Wowowo doodle. #AMPHOREUS #Stelle #HSRFanart #HonkaiStarRail #Aglaea #Phainon #DanHeng #Castorice #Hyacine #Anaxa #Mem #Cipher #Tribbie https://t.co/h9x1kIvqSm,2025-03-12 16:06:42,"['9', '1']",wowowo doodle,netral,0,netral,2.1906298035563996
81,1889445101300228276,1595266890183630850,Davranovv,Omar Momani yoki Hamid Sahari #mem tayyormikan? @omomani @Hamidsahari20,2025-03-12 16:06:42,['20'],omar momani yoki hamid sahari tayyormikan,netral,0,netral,2.1906298035563996
82,1888476860499317000,1874184868256747520,legsidelaugh,Marnus #CricketTwitter #mem https://t.co/p74AQtU6yA,2025-03-12 16:06:42,"['74', '6']",marnus,netral,0,negatif,2.159005914321281
83,1886248327248851282,1231277641862221824,MoneyDuckID,Semua tergantung gimana mengatur uangnya kalau kamu bagaimana? #moneyduck #uang #aturuang #miskin #maukaya #mem #kutipan #katamotivasi https://t.co/dGhtwUvgR8,2025-03-12 16:06:42,['8'],tergantung gimana mengatur uangnya,positif,3,positif,2.2050036927208705
84,1884332637248217381,1816118961404272644,GavinJulius002,Pov All in di crypto tapi gak punya mental investor #cryptomarket #mem https://t.co/31pNub88zx,2025-03-12 16:06:42,"['31', '88']",pov all in crypto gak mental investor,netral,0,negatif,2.126043561859004
85,1880710084856262785,1818369149589925888,whoisfazenda,YO TRUMP MITA $MITRUMP $SOL $TRUMP TRUMP MITA (MITRUMP) - Pump CA:BjLKAmiM4krzWNWbnqAo6zGQN8mnKzewMNHeWRD8pump #TRUMP #trump #sol #pumpfun #meme #mem #coin #crypto #solana #elon,2025-03-12 16:06:42,"['4', '6', '8', '8']",yo trump mita mitrump sol trump trump mita mitrump pump cabjlkamim4krzwnwbnqao6zgqn8mnkzewmnhewrd8pump,netral,0,netral,2.1906298035563996
86,1880109694666371554,1707778479310487552,andreprass_1,Bar diputuske pacare e ndes jenenge KEYLA #fyp #ForYou #ForYouPage #fypindonesia #fypchallenge #ThisIs4You #TikTok #TikTokChallenge #TikTokIndonesia #TikTokTrend #TikTokFamous #TikTok4Fun #TikTokers #duet #live #trending #comedy #love #funny #komediviral #viral #ViralVideo #mem https://t.co/UwVNTMCITz,2025-03-12 16:06:42,"['4', '4']",bar diputuske pacare e ndes jenenge keyla,netral,0,netral,2.1906298035563996
87,1879780240555442282,2548509200,LizLizrios507,@inkonchain #Ink #mem HoHOho https://t.co/ktx6d68QcF,2025-03-12 16:06:42,"['6', '68']",hohoho,netral,0,negatif,2.159005914321281
88,1868934259152662692,1826088292225372160,Exefan_gay,Mili suhariki. #SarkTheDemon #SarkNU #nightmareunuverse #NU #mem #lmao https://t.co/0feddbPqvP,2025-03-12 16:06:42,['0'],mili suhariki,netral,0,netral,2.1906298035563996
89,1861963061327970624,845853097482080257,vianangbantaye,Wag kayong ano ha mannerism lang yan Maging Matalino#pbbm #ytshorts #trending #vpsara #viralvideo #funny #mem... https://t.co/ZXHcKYgFYS via @YouTube,2025-03-12 16:06:42,[],wag kayong ano ha mannerism lang yan maging matalino via,netral,0,netral,2.1876205486635403
90,1899775063630676033,1856931953574055936,bRo38543,EKSEKUSI YANG KONSISTEN #motivasihariinijanganmengeluh #motivationalquotes #motivation #inspiration #katamutiara #motivasidirisendiri #quotes #katabijak #edukasi #motivasihidup #viralvideos #motivasi #semuaorang #education #inspirasi #trending #katakatabijak #Motivasidiri https://t.co/UXiKbJFs3w,2025-03-12 16:10:29,['3'],eksekusi konsisten,netral,0,netral,2.2222219147352567
91,1899773697676005470,943421476480225280,DadungAwuk82,ADAKALANYA KITA HARUS MENJADI YANG BERBEDA #katakatabijak #afirmasi #motivasi #pemberontak #pembangkang #katakata #quotes #fyp #videoviral #fy #hidupbebasdrama #hidup https://t.co/7yysezpqRQ,2025-03-12 16:10:29,['7'],adakalanya berbeda,negatif,-4,negatif,2.222240340144469
92,1899735253301789164,1879756228387368960,pengusahasp,Masih dalam zona bekerja. soaln jalan-jalan gampang entar diatur #pertanian #dolomit #katakata #katabijak #motivasi #kerja #kapurdolomit #tani https://t.co/RsJKTMSJIf,2025-03-12 16:10:29,[],zona soaln jalanjalan gampang entar diatur,negatif,-3,negatif,2.222234465839881
93,1899718667287543892,451283662,wardatuljannah3,#motivasi Jangan Pernah Menyerah Apapun yang Terjadi Perubahan yang tidak disangka dan luar biasa bisa saja terjadi pada detik - detik terakhir Jangan Menyerah dengan keadaan Berjuanglah dan carilah jalan agar Anda bisa keluar dari keadaan yang buruk. https://t.co/N1xtHB8Xf4,2025-03-12 16:10:29,"['1', '8', '4']",menyerah apapun perubahan disangka detik detik menyerah berjuanglah carilah jalan buruk,negatif,-9,negatif,2.2222279480933462
94,1899713072320934060,1548278803239436288,gashokijp,LINK DI MAIN Di Profil Aku ya Sayang #fypシ #viralvideo #motivasi #rejeki #lebaran #idulfitri https://t.co/jKqmcWVUT5,2025-03-12 16:10:29,['5'],link main profil ya sayang,negatif,-1,negatif,2.2222362639175475
95,1899693686818034029,1856931953574055936,bRo38543,Inovasi Dan Imajinasi #motivasihariinijanganmengeluh #motivationalquotes #motivation #inspiration #katamutiara #motivasidirisendiri #quotes #katabijak #edukasi #motivasihidup #viralvideos #motivasi #semuaorang #education #inspirasi #trending #katakatabijak #Motivasidiri https://t.co/MMVQ3aOxtJ,2025-03-12 16:10:29,['3'],inovasi imajinasi,positif,4,positif,2.2222274102453903
96,1899674176400859200,1871222349934313473,TrisnoKT3,Hidup ini bukan perlombaan #TrisnoKT #story #motivasi https://t.co/hsuzOOpO2m,2025-03-12 16:10:29,['2'],hidup perlombaan,negatif,-4,negatif,2.222228074185661
97,1899671411398189099,1871222349934313473,TrisnoKT3,Tugas manusia hanya berjuang #TrisnoKT #story #motivasi https://t.co/HWeNTlV4eB,2025-03-12 16:10:29,['4'],tugas manusia berjuang,positif,2,positif,2.2222217432608704
98,1899656561326195195,1231277641862221824,MoneyDuckID,Ada yang ngalamin putus karena uang? #moneyduck #putus #putuspacaran #meme #motivasi #katamotivasi #uang https://t.co/rZYPHDOVLj,2025-03-12 16:10:29,[],ngalamin putus uang,negatif,-5,negatif,2.222233230109625
99,1899653147540545997,3493431319,berkatabijak16,Kirim Paket Negeri Konoha || CERITA NEGERI KONOHA #fageforyou #katakata #masukberandafyp #beranda #katakatamotivasi #katakatamutiara #katabijak #fyp #dewasa #motivasi #lucu #quotesmotivasi #quotes #katakatamotivasi #katakata #History #quotesstory #simba69 #zeudiners #LYKN https://t.co/yhaPM9zOOd,2025-03-12 16:10:29,"['69', '9']",kirim paket negeri konoha cerita negeri konoha,positif,2,positif,2.2222290551327513
110,1900815749838479604,1880094234952560640,KataBijak444,Tetap melangkah #trending #katakatabijak #motivasihariini #tetapmelangkah https://t.co/WCGqWZCJ2P,2025-03-15 23:14:51,['2'],melangkah,netral,0,netral,2.222222328827308
111,1900771183722983597,1856931953574055936,bRo38543,Tabur Tuai #motivasihariinijanganmengeluh #motivationalquotes #motivation #inspiration #katamutiara #motivasidirisendiri #quotes #katabijak #edukasi #motivasihidup #viralvideos #motivasi #semuaorang #education #inspirasi #trending #katakatabijak #Motivasidiri #MotivasiHariIni https://t.co/0gxR794VOU,2025-03-15 23:14:51,"['0', '794']",tabur tuai,netral,0,netral,2.222193703133421
112,1900118413256638932,1856931953574055936,bRo38543,Ilmu Padi #motivasihariinijanganmengeluh #motivationalquotes #motivation #inspiration#katamutiara #motivasidirisendiri #quotes #katabijak #edukasi #motivasihidup #viralvideos #motivasi #semuaorang #education #inspirasi #trending #katakatabijak #Motivasidiri #MotivasiHariIni https://t.co/a4hQ4zdTwG,2025-03-15 23:14:51,"['4', '4']",ilmu padi,positif,4,positif,2.22220525045866
113,1899959457737826733,2742147296,danielgintingm,#MotivasiHariIni : JADILAH KUAT ! HIDUP INI TERLALU SINGKAT JIKA DIGUNAKAN HANYA UNTUK MERATAP INGAT! SELALU ADA PELANGI SETELAH HUJAN #TetapSemangat #TetapOptimis #PantangMenyerah https://t.co/8oQnbNmRGI,2025-03-15 23:14:51,['8'],kuat hidup singkat meratap pelangi hujan,negatif,-8,negatif,2.2222185103555487
114,1899596669261660449,2742147296,danielgintingm,#MotivasiHariIni : ADA KALA MEMULAI ADA JUGA KALANYA MENGAKHIRI MENTARI PUN TAK SELAMANYA TERBIT ADA KALANYA IA TERBENAM #TetapSemangat #TetapOptimis #PantangMenyerah https://t.co/0xISu7SdCl,2025-03-15 23:14:51,"['0', '7']",kalanya mentari terbit kalanya terbenam,negatif,-5,negatif,2.222219737462194
115,1898139975394509078,2742147296,danielgintingm,#MotivasiHariIni : YANG PINTAR BELUM TENTU BERHASIL YANG TIDAK PINTAR BELUM TENTU GAGAL SEMUANYA TERGANTUNG KEMAUAN Semua orang memiliki kemampuan perbedaannya adalah bagaimana dia menggunakannya untuk mewujudkan keberhasilannya. #TetapSemangat #TetapOptimis #PantangMenyerah https://t.co/IkMJYoTdyK,2025-03-15 23:14:51,[],pintar berhasil pintar gagal tergantung kemauan orang memiliki kemampuan perbedaannya menggunakannya mewujudkan keberhasilannya,positif,3,positif,2.2222437525700482
116,1897507786654933395,1792377969056616449,topla_id,Kadang kita butuh sedikit dorongan ekstra untuk melangkah lebih jauh. Inilah saatnya untuk bangkit semangat dan terus maju! #MotivasiHariIni #Semangat #KataKataBijak #PositiveVibes #MindsetPositif #TetapSemangat #RaihImpian #MotivasiDiri #KataBijak #Topla #Produklokal https://t.co/bE2NJIzaXd,2025-03-15 23:14:51,['2'],kadang butuh dorongan ekstra melangkah bangkit semangat maju,negatif,-4,negatif,2.222200012964598
117,1896816104028479599,2742147296,danielgintingm,#MotivasiHariIni : KEKUATAN SEJATI TAK BERASAL DARI FISIK TAPI BERASAL DARI KETEGUHAN HATI TIADA YANG BISA MERUNTUHKAN KETEGUHAN HATI #TetapSemangat #TetapOptimis #PantangMenyerah https://t.co/aAzdqLYKQ0,2025-03-15 23:14:51,['0'],kekuatan sejati berasal fisik berasal keteguhan hati tiada meruntuhkan keteguhan hati,negatif,-13,negatif,2.2222182773923005
118,1896746082463584516,1856931953574055936,bRo38543,Ubah Cara berpikir #motivationalquotes #katamutiara #motivation #inspiration #motivasidirisendiri #quotes #katabijak #edukasi #motivasihidup #viralvideos #motivasi #semuaorang #education #inspirasi #trending #katakatabijak #Motivasidiri #MotivasiHariIni #tiktok #tiktokviral https://t.co/WjYHx7m1Yo,2025-03-15 23:14:51,"['7', '1']",ubah berpikir,netral,0,netral,2.222220275989723
119,1895616260467261728,2742147296,danielgintingm,#MotivasiHariIni : BEKERJA DENGAN BAIK HASILNYA BELUM TENTU BAIK TAPI BEKERJA DENGAN BURUK HASILNYA SUDAH PASTI BURUK #TetapSemangat #TetapOptimis #PantangMenyerah https://t.co/ZKdgG0j2xi,2025-03-15 23:14:51,"['0', '2']",hasilnya buruk hasilnya buruk,negatif,-10,negatif,2.2222235323269994
120,1894193459776688270,1183162696708980736,littlerockztars,kuliah seseru ini cuma dengerin presentasi ko milih bolos #motivasihariini,2025-03-15 23:14:51,[],kuliah seseru dengerin presentasi ko milih bolos,negatif,-7,negatif,2.2222189895344524
121,1894157296059781589,2742147296,danielgintingm,#MotivasiHariIni : JANGAN MENYERAH TETAPLAH SEMANGAT KEBAHAGIAAN AKAN HADIR SETELAH LELAHMU Berlarilah ketika kamu bisa berjalan jika harus merangkak jika perlu yang penting jangan pernah menyerah. #TetapSemangat #TetapOptimis #PantangMenyerah https://t.co/ILKNxlfx04,2025-03-15 23:14:51,['04'],menyerah tetaplah semangat kebahagiaan hadir lelahmu berlarilah berjalan merangkak menyerah,negatif,-11,negatif,2.224179516874294
122,1893888601609384120,1380373705587531778,smspay_id,Saat tantangan terasa berat dan jalan terasa terjal ingat kembali alasan mengapa kamu memulai! Setiap langkah kecil tetap membawa kita lebih dekat ke tujuan. Tetap semangat! #MotivasiHariIni #JanganMenyerah #IngatTujuanmu #SemangatKerja #NeverGiveUp #GrowthMindset #SMSPay https://t.co/ZEUQDxepNU,2025-03-15 23:14:51,[],tantangan berat jalan terjal alasan langkah membawa tujuan semangat,positif,3,positif,2.2222374540205534
123,1893072276494663799,2742147296,danielgintingm,#MotivasiHariIni : KEHIDUPAN TAK MEMBERIMU KESEMPATAN KEDUA TAPI IA KADANG MEMBERIKAN AWAL YANG BARU https://t.co/pmCYXszcAc,2025-03-15 23:14:51,[],kehidupan memberimu kesempatan kadang,positif,3,positif,2.222211107979007
124,1892706136828088435,2742147296,danielgintingm,#MotivasiHariIni : TANPA KEBERANIAN TAKKAN ADA KEMENANGAN TANPA PERJUANGAN TAKKAN ADA AKHIR BAHAGIA #TetapSemangat #TetapOptimis #PantangMenyerah https://t.co/2KOg64dVL8,2025-03-15 23:14:51,"['2', '64', '8']",keberanian takkan kemenangan perjuangan takkan bahagia,negatif,-1,negatif,2.222219019886875
125,1892347449177428391,2742147296,danielgintingm,#MotivasiHariIni : TIDAK ADA PROSES YANG MUDAH UNTUK TUJUAN YANG INDAH AKAN ADA HARI SULIT UNTUK MEMBUAT DIRI MENJADI LEBIH KUAT https://t.co/sTuJR5g7au,2025-03-15 23:14:51,"['5', '7']",proses mudah tujuan indah sulit kuat,negatif,-5,negatif,2.2222189880830627
126,1891997181264961701,2742147296,danielgintingm,#MotivasiHariIni : DIBALIK BAYANG-BAYANG SELALU ADA CAHAYA ........ https://t.co/0lBtozVoDx #TetapSemangat #TetapOptimis #PantangMenyerah,2025-03-15 23:14:51,['0'],dibalik bayangbayang cahaya,negatif,-3,negatif,2.2222334971137823
127,1891764415336415353,1255123679320686592,al3_fad,Selasa adalah hari untuk memperbaiki dan meningkatkan diri! Jangan ragu untuk mengambil langkah baru menuju kesuksesan. #SelasaSemangat #MotivasiHariIni https://t.co/hdQ2xIpZAq,2025-03-15 23:14:51,['2'],selasa memperbaiki meningkatkan ragu mengambil langkah kesuksesan,positif,1,positif,2.2222342229026
128,1891254878250422467,2742147296,danielgintingm,#MotivasiHariIni : HEI! KAMU ITU LUAR BIASA..... https://t.co/PBiTkliBCi #TetapSemangat #TetapOptimis #PantangMenyerah,2025-03-15 23:14:51,[],hei,netral,0,netral,2.2222286744010638
129,1890531758216487244,2742147296,danielgintingm,#MotivasiHariIni : TANPA RASA SAKIT ... https://t.co/WJ9uZwqSJr #TetapSemangat #TetapOptimis #PantangMenyerah,2025-03-15 23:14:51,['9'],sakit,negatif,-5,negatif,2.222221930939875
130,1889973539031363937,1694391186642063360,BANGYUSS88,COCOK LANGSUNG OTW MARKAS DARMONO BUAT JAM 7 BOS SEMOGA BERUNTUNG... #MOTIVASIHARIINI Najwa DAN SANDRA DEWI https://t.co/srK3OxW9PL,2025-03-15 23:14:51,"['7', '3', '9']",cocok langsung otw markas darmono jam 7 bos semoga beruntung najwa sandra dewi,positif,7,positif,2.222212072779325
131,1889221632537084007,1886247326039351296,ikawati_sari8,Hari ini adalah kesempatan baru untuk menjadi versi terbaik diri kita. #MotivasiHariIni,2025-03-15 23:14:51,[],kesempatan versi terbaik,positif,5,positif,2.222227140691762
132,1889198504947433569,1886239623825018880,heni_melati,Hari ini adalah kesempatan baru untuk menjadi versi terbaik diri kita. #MotivasiHariIni,2025-03-15 23:14:51,[],kesempatan versi terbaik,positif,5,positif,2.222227140691762
133,1889177191532941787,1885213471710863362,elinara_suci,Hari ini adalah kesempatan baru untuk menjadi versi terbaik diri kita. #MotivasiHariIni,2025-03-15 23:14:51,[],kesempatan versi terbaik,positif,5,positif,2.222227140691762
134,1889154716149690440,1885223836641333248,ferya_selvia,Hari ini adalah kesempatan baru untuk menjadi versi terbaik diri kita. #MotivasiHariIni,2025-03-15 23:14:51,[],kesempatan versi terbaik,positif,5,positif,2.222227140691762
135,1887993780542034102,2742147296,danielgintingm,#MotivasiHariIni : Terlalu memikirkan masa lalu hanya akan membutakan masa depanmu. Ingat ! SESEORANG DITENTUKAN OLEH SIAPA DIRINYA SEKARANG BUKAN DIRINYA YANG DULU #TetapSemangat #TetapOptimis #PantangMenyerah https://t.co/XgcxSijAwb,2025-03-15 23:14:51,[],memikirkan membutakan depanmu ditentukan,negatif,-3,negatif,2.2222406573282663
136,1887677148477174034,1887676550205874180,erisyajina,Kesuksesan itu bukan tentang seberapa cepat kita sampai tapi tentang seberapa jauh kita bertahan. #MotivasiHariIni,2025-03-15 23:14:51,[],kesuksesan cepat bertahan,negatif,-7,negatif,2.222209972275479
137,1887268804188905812,2742147296,danielgintingm,#MotivasiHariIni : TIADA KERUGIAN BESAR TANPA KEUNTUNGAN KECIL Bahkan di saat kehilangan masih ada sesuatu yang bisa diperoleh. Jangan berputus asa sikapi segala sesuatu dari sudut pandang positif. #TetapSemangat #TetapOptimis #PantangMenyerah https://t.co/NZhL7zcSz2,2025-03-15 23:14:51,"['7', '2']",tiada kerugian keuntungan kehilangan diperoleh berputus asa sikapi sudut pandang positif,negatif,-7,negatif,2.222229399707521
138,1886990305515159875,1255123679320686592,al3_fad,Rabu adalah pertengahan perjalanan jangan menyerah tetap semangat! Setiap langkah kecil hari ini mendekatkanmu pada impian besar. Teruslah berusaha karena hal baik selalu menanti mereka yang tak berhenti berjuang! #SemangatRabu #MotivasiHariIni https://t.co/58InoO2U9P,2025-03-15 23:14:51,"['58', '2', '9']",rabu pertengahan perjalanan menyerah semangat langkah mendekatkanmu impian teruslah berusaha berhenti berjuang,negatif,-1,negatif,2.2222144903137466
139,1885217460410089724,1877073553864142853,RicoRDP25,Hari ini mungkin berat tapi setiap langkah yang kamu ambil mendekatkanmu pada tujuan. Tetap maju tetap percaya! #MotivasiHariIni #YouCanDoIt,2025-03-15 23:14:51,[],berat langkah ambil mendekatkanmu tujuan maju percaya,positif,1,positif,2.222198696699514
140,1885191278566011267,1875366100827078656,LangkahSpiritua,Jangan menunggu perubahan dari luar. Jadilah perubahan itu sendiri. Pesan ini terus menginspirasiku dalam menulis MARUM. Baca ceritanya: [https://t.co/IeWvlkEVgu] #MotivasiHariIni #MARUM,2025-03-15 23:14:51,[],menunggu perubahan perubahan pesan menginspirasiku menulis marum baca ceritanya,positif,3,positif,2.222226103131323
141,1885094892680208624,2742147296,danielgintingm,#MotivasiHariIni : Setiap insan memilik kekurangan juga kelebihan MAKSIMALKAN POTENSI DAN KELEBIHAN DEMI TERWUJUDNYA KEBERHASILAN YANG DIIMPIKAN jangan berleha-leha lagi angkat semangatmu dan galilah potensimu. #TetapSemangat #TetapOptimis #PantangMenyerah https://t.co/rafEzLj9Bq,2025-03-15 23:14:51,['9'],insan memilik kekurangan kelebihan maksimalkan potensi kelebihan terwujudnya keberhasilan diimpikan berlehaleha angkat semangatmu galilah potensimu,negatif,-3,negatif,2.2222190697512993
142,1884780009359089816,1877073553864142853,RicoRDP25,Setiap hari adalah kesempatan baru untuk tumbuh belajar dan menjadi lebih baik. Jangan takut melangkah karena semua perubahan besar dimulai dari langkah kecil. Tetap semangat. #MotivasiHariIni #TetapSemangat #GrowAndGlow,2025-03-15 23:14:51,[],kesempatan tumbuh belajar takut melangkah perubahan langkah semangat,positif,6,positif,2.212227361659932
143,1882924834671432073,2742147296,danielgintingm,#MotivasiHariIni : AYO MELANGKAHLAH DENGAN PENUH SEMANGAT GAPAI MIMPIMU JANGAN CUMA DUDUK DAN BERHARAP BERTINDAKLAH! Keberhasilan tidak datang begitu saja bagai sebuah keajaiban wujudkan mimpimu dan keajaiban kan terjadi. #TetapSemangat #TetapOptimis #PantangMenyerah https://t.co/nJxH6vgbLr,2025-03-15 23:14:51,['6'],ayo melangkahlah penuh semangat gapai mimpimu duduk berharap bertindaklah keberhasilan keajaiban wujudkan mimpimu keajaiban,negatif,-5,negatif,2.2222345286412377
144,1882629067540987965,1877073553864142853,RicoRDP25,Setiap langkah kecil adalah awal dari sesuatu yang besar. Mulai saja sisanya akan mengikuti. #KeepGoing #MotivasiHariIni,2025-03-15 23:14:51,[],langkah sisanya mengikuti,positif,7,positif,2.222225365228806
145,1882593909395890407,2742147296,danielgintingm,#MotivasiHariIni : DARI KESALAHAN KITA BELAJAR MANA YANG BENAR BUKANKAH DARI RASA PAHIT KITA TAHU YANG MANIS? #TetapSemangat #TetapOptimis #PantangMenyerah https://t.co/VDUXZsoQpj,2025-03-15 23:14:51,[],kesalahan belajar pahit manis,negatif,-7,negatif,2.226004641761705
146,1882308419832701213,1833853418529800192,jaylas1205,Hari ini adalah kesempatan baru untuk membuat hari esok lebih baik. Jangan menunggu kesempatan ciptakanlah. Setiap hari adalah kesempatan untuk memulai kembali. #MotivasiHariIni #InspirasiHidup #KataKataMotivasi #HariBaruHariBaik #SemangatHidup https://t.co/Moc8ap3fa2,2025-03-15 23:14:51,"['8', '3', '2']",kesempatan esok menunggu kesempatan ciptakanlah kesempatan,negatif,-5,negatif,2.222222119943152
147,1881995688336388135,1478570521381851137,bdk_surabaya,Halo #koncobdk Setiap detik yang kita miliki adalah kesempatan berharga. Jangan biarkan waktu berlalu begitu saja tanpa makna. Ayo ambil langkah pertama dan wujudkan apa yang kita impikan! #MotivasiHariIni #TindakanUntukMasaDepan #WaktuBerkualitas #SemangatBeraksi https://t.co/12sEmAWrn6,2025-03-15 23:14:51,"['12', '6']",halo detik miliki kesempatan berharga biarkan makna ayo ambil langkah wujudkan impikan,positif,9,positif,2.2222075317991754
148,1881829282261192795,1508101274847559683,AyedAmad_,Hari ini adalah peluang baru untuk melangkah lebih dekat ke impianmu. Jangan sia-siakan waktu karena setiap detik yang diisi dengan usaha akan mendekatkanmu pada keberhasilan. #MotivasiHariIni #LangkahBaru #JanganMenyerah #MenujuImpian,2025-03-15 23:14:51,[],peluang melangkah impianmu siasiakan detik diisi usaha mendekatkanmu keberhasilan,negatif,-4,negatif,2.2222201961768207
149,1881471463791984734,2742147296,danielgintingm,#MotivasiHariIni : Bangkitlah dari keterperukanmu hari ini hari yang baru yakinkan dirimu SELALU ADA PELUANG BARU DI SETIAP HARI YANG BARU JEMPUTLAH PELUANGMU! #TetapSemangat #TetapOptimis #PantangMenyerah https://t.co/fGbaZb02PG,2025-03-15 23:14:51,['02'],bangkitlah keterperukanmu yakinkan dirimu peluang jemputlah peluangmu,negatif,-1,negatif,2.222217687970323
150,1881219075512422548,1879019446402179072,amir_saleh77,Hari ini adalah hari untuk mencapai impianmu! #MotivasiHariIni,2025-03-15 23:14:51,[],mencapai impianmu,netral,0,netral,2.2222063848042404
151,1881219069774631184,1879020252438425600,odelia_halena,Hari ini adalah hari untuk mencapai impianmu! #MotivasiHariIni,2025-03-15 23:14:51,[],mencapai impianmu,netral,0,netral,2.2222063848042404
152,1881109704145064442,2742147296,danielgintingm,#MotivasiHariIni : TEGARLAH TERUSLAH MELANGKAH semua yang Anda butuhkan akan datang kepada Anda pada waktu yang tepat percayalah. #TetapSemangat #TetapOptimis #PantangMenyerah https://t.co/1gnJlp2iZG,2025-03-15 23:14:51,"['1', '2']",tegarlah teruslah melangkah butuhkan percayalah,netral,0,netral,2.2222275664622972
153,1880665815562985957,1833853418529800192,jaylas1205,Jangan takut untuk bermimpi besar. Kreativitas adalah kunci kesuksesan. Teruslah berinovasi tidak ada batasan untuk berkarya. #MotivasiHariIni #InspirasiPagi #SemangatBaru #KesempatanBaru #JanganMenyerah https://t.co/p06ucpHk93,2025-03-15 23:14:51,"['06', '93']",takut bermimpi kreativitas kunci kesuksesan teruslah berinovasi batasan berkarya,positif,9,positif,2.2222258074178836
154,1880537679647142117,1880531054202888192,Ml76530Ml,Bangkitkan semangatmu! Tonton animasi motivasi ini sekarang! https://t.co/tTS1suZtGM #MotivasiHariIni #AnimasiInspirasional,2025-03-15 23:14:51,['1'],bangkitkan semangatmu tonton animasi motivasi,negatif,-7,negatif,2.224642823544928
155,1880381692701294889,2742147296,danielgintingm,#MotivasiHariIni : LAKUKAN PROSESNYA DENGAN USAHA DAN UPAYA TERBAIK AGAR MENDAPATKAN HASIL TERBAIK INGAT PROSES TAKKAN PERNAH MENGKHIANATI HASIL Terkadang kita mengalami kegagalan karena kita terlalu mengkhawatirkan keberhasilan itu sendiri. https://t.co/iv5Yk8oYAh,2025-03-15 23:14:51,"['5', '8']",lakukan prosesnya usaha upaya terbaik hasil terbaik proses takkan mengkhianati hasil terkadang mengalami kegagalan mengkhawatirkan keberhasilan,positif,4,positif,2.2222253155410168
156,1880021537560080393,2742147296,danielgintingm,#MotivasiHariIni : Cerita sukses sering kali kita dengar namun sayangnya itu bukanlah cerita sukses kita sendiri. AYO BANGKIT SEMANGATLAH CIPTAKAN CERITA SUKSESMU SENDIRI. #TetapSemangat #TetapOptimis #PantangMenyerah https://t.co/vHzvM5QRmr,2025-03-15 23:14:51,['5'],cerita sukses kali dengar sayangnya cerita sukses ayo bangkit semangatlah ciptakan cerita suksesmu,negatif,-7,negatif,2.2222214231539112
157,1879297271462027660,2742147296,danielgintingm,#MotivasiHariIni : KEGIGIHANMU ADALAH KUNCI DALAM PROSES MEWUJUDKAN MIMPIMU Tetap semangat tiada yang bisa mengalahkan kegigihan tidak juga bakat kejeniusan atau kepandaian. Ketekunan dan tekad melebihi semua itu. #TetapSemangat #TetapOptimis #PantangMenyerah https://t.co/LzjNq1q4GW,2025-03-15 23:14:51,"['1', '4']",kegigihanmu kunci proses mewujudkan mimpimu semangat tiada mengalahkan kegigihan bakat kejeniusan kepandaian ketekunan tekad melebihi,negatif,-9,negatif,2.2222171182573915
158,1877320667260985408,1475675071125413888,FelixPantow_,Tidak ada langkah kecil yang sia-sia jika dilakukan dengan tekad yang besar. Teruslah melangkah karena setiap usaha mendekatkan kita pada tujuan yang luar biasa. #MotivasiHariIni #JanganMenyerah https://t.co/4raQCIg6Hb,2025-03-15 23:14:51,"['4', '6']",langkah siasia tekad teruslah melangkah usaha mendekatkan tujuan,negatif,-3,negatif,2.222189364814672
159,1877120783253639352,2742147296,danielgintingm,#MotivasiHariIni : KEKHAWATIRAN HANYALAH SEMENTARA NAMUN PENYESALAN AKAN BERLAKU SEUMUR HIDUP Selagi ada kesempatan raihlah peluang jangan biarkan berlalu begitu saja agar tidak menyesal nantinya. #TetapSemangat #TetapOptimis #PantangMenyerah https://t.co/3wkMd9a8Fc,2025-03-15 23:14:51,"['3', '9', '8']",kekhawatiran penyesalan berlaku seumur hidup selagi kesempatan raihlah peluang biarkan menyesal,negatif,-17,negatif,2.222246517770523
160,1876760618683769021,2742147296,danielgintingm,#MotivasiHariIni : Apa yang tidak berhasil dilakukan hari ini kelak suatu hari kan berhasil TETAPLAH MENCOBA! #TetapSemangat #TetapOptimis #PantangMenyerah https://t.co/hbr452nJq5,2025-03-15 23:14:51,"['452', '5']",berhasil kelak berhasil tetaplah mencoba,positif,6,positif,2.22222364987466
161,1876484285810835725,1749369327101554688,JendelaKataID,7/366 Keramik pecah bisa jadi karya seni yang lebih indah kalau kita tahu cara merangkainya. Sama seperti hidup semua bisa diperbaiki. #KintsugiHidup #MotivasiHariIni,2025-03-15 23:14:51,"['7', '366']",7366 keramik pecah karya seni indah merangkainya hidup diperbaiki,negatif,-7,negatif,2.222221889816175
162,1876396609648644106,2742147296,danielgintingm,#MotivasiHariIni : Namanya kesempatan selalu tak terduga kedatangannya siap sedialah selalu untuk menangkap setiap kesempatan yang datang karena KESEMPATAN YANG DIGUNAKAN DENGAN BAIK BISA MENDATANGKAN KEBERHASILAN. #TetapSemangat #TetapOptimis #PantangMenyerah https://t.co/4ebU9wehN4,2025-03-15 23:14:51,"['4', '9', '4']",namanya kesempatan terduga kedatangannya sedialah menangkap kesempatan kesempatan keberhasilan,negatif,-3,negatif,2.222218650527989
163,1876153430634639501,2151432885,wendymuhammadwm,Kata siapa aku kuat? Malamku penuh tangis siangku tertutup tawa. Kadang kita terlihat tegar padahal hati sedang rapuh. Tapi percayalah badai pasti berlalu. #DrakorVibes #HidupItuPerjuangan #PelangiSetelahHujan #EmosiDrakor #FYP #QuotesKehidupan #MotivasiHariIni https://t.co/2TDp3nXE5B,2025-03-15 23:14:51,"['2', '3', '5']",kuat malamku penuh tangis siangku tertutup tawa kadang tegar hati rapuh percayalah badai,negatif,-20,negatif,2.222242878988078
164,1876146324669968510,1867759951713906691,klikebookid,Hidup stuck itu berat tapi jangan biarkan itu mendefinisikanmu. Ambil 3 langkah kecil ini mulai hari ini dan lihat perubahan besar dalam hidupmu. #BangkitDariStuck #MotivasiHariIni #PerubahanHidup #TipsKesuksesan #BlueprintKesuksesan https://t.co/02PqykOQQQ,2025-03-15 23:14:51,"['3', '02']",hidup stuck berat biarkan mendefinisikanmu ambil 3 langkah lihat perubahan hidupmu,negatif,-1,negatif,2.234872308481855
165,1876036841713078359,2742147296,danielgintingm,#MotivasiHariIni : NIKMATNYA KEBERHASILAN SEBENARNYA TERLETAK PADA PROSES MERAIHNYA BUKAN PADA HASILNYA Cara sukses mungkin bisa ditiru orang lain namun kenikmatan proses mencapainya harus dialami masing-masing. #TetapSemangat #TetapOptimis #PantangMenyerah https://t.co/d5cb1OKIuc,2025-03-15 23:14:51,"['5', '1']",nikmatnya keberhasilan terletak proses meraihnya hasilnya sukses ditiru orang kenikmatan proses mencapainya dialami masingmasing,positif,9,positif,2.2222467786430053
166,1875940595543470563,1874890615223390208,whoopxixixi,Awal tahun masih terasa segar tapi ingat bukan cuma kalender yang harus berubah mindset juga! Fokus konsisten dan bikin tahun ini lebih baik dari sebelumnya. #MotivasiHariIni #AwalTahun,2025-03-15 23:14:51,[],segar kalender berubah mindset fokus konsisten bikin,positif,2,positif,2.18492304537171
167,1871551252213203429,1597531078943592448,AnhietaHsndn,Kamu nggak akan pernah tahu seberapa kuat kamu sampai kekuatan jadi satu-satunya pilihan. #anhietahasanuddin #quotes #motivasihariini #motivasi #inspirasi https://t.co/0vSsJmRUu7,2025-03-15 23:14:51,"['0', '7']",nggak kuat kekuatan satusatunya pilihan,positif,2,positif,2.22222720716139
168,1871550905746931880,1597531078943592448,AnhietaHsndn,Rasa takut adalah penjara. Ambisi adalah kunci kebebasan. #anhietahasanuddin #quotes #motivasihariini #motivasi #inspirasi https://t.co/bGrB1QkpY9,2025-03-15 23:14:51,"['1', '9']",takut penjara ambisi kunci kebebasan,negatif,-1,negatif,2.222231388820335
169,1871550517903851793,1597531078943592448,AnhietaHsndn,Jangan hidup untuk membuktikan sesuatu ke orang lain. Hiduplah untuk dirimu sendiri. #anhietahasanuddin #quotes #motivasihariini #motivasi #inspirasi https://t.co/yFC82gseYW,2025-03-15 23:14:51,['82'],hidup membuktikan orang hiduplah dirimu,negatif,-9,negatif,2.2222217071014994
170,1871550085752127661,1597531078943592448,AnhietaHsndn,Kegagalan terbesarmu adalah saat kamu berhenti mencoba. #anhietahasanuddin #quotes #motivasihariini #motivasi #inspirasi https://t.co/yuA6zYK50r,2025-03-15 23:14:51,"['6', '50']",kegagalan terbesarmu berhenti mencoba,netral,0,netral,2.22222555299944
171,1870252387757379958,2742147296,danielgintingm,#MotivasiHariIni : JANGAN BIARKAN KERAGUANMU MENGHALANGI LANGKAHMU PERTEBAL KEYAKINANMU AGAR MENIPIS KERAGUANMU keraguan hanya membuatmu kehilangan hal baik yg mungkin dimenangkan dengan takut mencoba.Buang jauh keraguanmu sebelum ia merebut mimpimu #TetapSemangat #TetapOptimis https://t.co/1E1xZTrCBQ,2025-03-15 23:14:51,"['1', '1']",biarkan keraguanmu menghalangi langkahmu pertebal keyakinanmu menipis keraguanmu keraguan membuatmu kehilangan yg dimenangkan takut mencobabuang keraguanmu merebut mimpimu,negatif,-17,negatif,2.2245966207071417
172,1869895495478612196,1536545794295312385,indagjabar,Bahagia itu sederhana Kebahagiaan datang dari iman yang tertanam di hati dan amal kebaikan yang kita lakukan untuk diri sendiri dan orang lain. Mulai dari sekarang yuk perbanyak amal saleh #JumatPenuhMakna #MotivasiHariIni #jawabarat #IndagPESAT #disperindagjabar https://t.co/OIPHizudjY,2025-03-15 23:14:51,[],bahagia sederhana kebahagiaan iman tertanam hati amal kebaikan lakukan orang yuk perbanyak amal saleh,positif,4,positif,2.2222236430017417
173,1869876599140823242,2742147296,danielgintingm,#MotivasiHariIni : KEYAKINAN AKAN MERAIH KEBERHASILAN ADALAH MODAL DASAR DALAM MELAKUKAN APAPUN Keraguan tidak akan meneguhkan keyakinan malah sebaliknya akan melemahkan. Singkirkan keraguan sebelum melangkah. #TetapSemangat #TetapOptimis https://t.co/jR7pIZZNmy,2025-03-15 23:14:51,['7'],keyakinan meraih keberhasilan modal dasar apapun keraguan meneguhkan keyakinan melemahkan singkirkan keraguan melangkah,negatif,-6,negatif,2.22219946547382
174,1869832691090366833,1067221938,gal_galih,Setiap hari adalah kesempatan baru untuk belajar dan tumbuh. Mari kita hadapi tantangan dengan semangat dan tekad yang kuat. #MotivasiHariIni #SemangatBaru,2025-03-15 23:14:51,[],kesempatan belajar tumbuh mari hadapi tantangan semangat tekad kuat,negatif,-5,negatif,2.232063572069554
175,1869639687306129429,1752691829596938240,AsadUmay,@omanbdur @fauzii_khsan @tanyarlfes Kalau orang lain bisa Ya pasti..... KITA BELUM TENTU #motivasihariini,2025-03-15 23:14:51,[],orang ya,positif,4,positif,2.2222487288921027
176,1869265849590374908,1762671082585411584,beritarealita,Setiap langkah kecil yang kamu ambil hari ini akan membawa kamu lebih dekat ke impianmu. Jangan pernah berhenti mencoba! #MotivasiHariIni #Semangat,2025-03-15 23:14:51,[],langkah ambil membawa impianmu berhenti mencoba,negatif,-1,negatif,2.2222040238620635
177,1868849983577084338,3272433726,pesanstempel,Mulai dari langkah kecil karena ide hebat tak akan berarti tanpa tindakan. #MotivasiHariIni #Flashindo #KutipanInspiratiff #BerkreasiTanpaBatas https://t.co/hK9gKttzwy,2025-03-15 23:14:51,['9'],langkah ide hebat tindakan,positif,7,positif,2.2222075278073983
178,1868422931581378690,2742147296,danielgintingm,#MotivasiHariIni : KEGAGALAN HANYALAH PEMBUKTIAN BAHWA CARA YANG DIAMBIL BELUM TEPAT MASIH BANYAK CARA LAINNYA COBA LAGI! Bila telah diperjuangkan dengan sungguh-sungguh baik hasilnya berhasil atau gagal sesungguhnya semangat perjuangan itu adalah keberhasilan tersendiri https://t.co/S1KxSY2X70,2025-03-15 23:14:51,"['1', '2', '70']",kegagalan pembuktian diambil coba diperjuangkan sungguhsungguh hasilnya berhasil gagal sesungguhnya semangat perjuangan keberhasilan tersendiri,positif,1,positif,2.2222369120506955
179,1867700205480808579,2742147296,danielgintingm,#MotivasiHariIni : Untuk bermimpi gratis tidak perlu bayar namun untuk mewujudkan mimpi butuh perjuangan dan pengorbanan yang harus dibayar. PERJUANGAN DAN PENGORBANAN YANG DIBAYAR UNTUK MEWUJUDKAN MIMPI ADALAH INVESTASI YANG KELAK DIPETIK HASILNYA #TetapSemangat #TetapOptimis https://t.co/8KEI2PZztH,2025-03-15 23:14:51,"['8', '2']",bermimpi gratis bayar mewujudkan mimpi butuh perjuangan pengorbanan dibayar perjuangan pengorbanan dibayar mewujudkan mimpi investasi kelak dipetik hasilnya,netral,0,netral,2.222208142009764
180,1867336118150344721,2742147296,danielgintingm,#MotivasiHariIni : perubahan besar mungkin tidak terjadi serta merta tetapi dengan usaha bahkan yang sulit dapat menjadi mudah. DENGAN KEYAKINAN DIRI MAKA SEGALA KESULITAN AKAN DAPAT DILALUI WALAU BERAT SEKALIPUN #TetapSemangat #TetapOptimis https://t.co/MeDUW0Gc5F,2025-03-15 23:14:51,"['0', '5']",perubahan merta usaha sulit mudah keyakinan kesulitan berat,negatif,-6,negatif,2.223126904866846
181,1866972590679740762,2742147296,danielgintingm,#MotivasiHariIni : Jangan biarkan rintangan dan tantangan menghentikanmu mereka tidak lebih besar darimu. JAGA API SEMANGATMU TETAP MENYALA DENGAN BEGITU ENGKAU TELAH MENJAGA IMPIAMU TETAP HIDUP #TetapSemangat #TetapOptimis https://t.co/mtuaReH5NC,2025-03-15 23:14:51,['5'],biarkan rintangan tantangan menghentikanmu darimu jaga api semangatmu menyala engkau menjaga impiamu hidup,negatif,-21,negatif,2.2222183336989083
182,1866248884441460812,2742147296,danielgintingm,#MotivasiHariIni : tidak ada yang bisa kembali dan memulai awal yang baru tetapi siapapun dapat memulai hari ini dan membuat akhir yang baru. HAL TERBAIK YANG DILAKUKAN SETIAP SAAT AKAN MEMBERIKAN AKHIR YANG TERBAIK PULA #TetapSemangat #TetapOptimis https://t.co/pTqOrmue22,2025-03-15 23:14:51,['22'],terbaik terbaik,positif,10,positif,2.240689212496
183,1865887493255844169,2742147296,danielgintingm,#MotivasiHariIni : YAKINLAH PADA MIMPIMU KERJAKAN MIMPIMU BAWA DALAM DOA MIMPIMU NISCAYA MIMPIMU KAN TERWUJUD NYATA #TetapSemangat #TetapOptimis https://t.co/68JMOuuub3,2025-03-15 23:14:51,"['68', '3']",yakinlah mimpimu kerjakan mimpimu bawa doa mimpimu niscaya mimpimu terwujud nyata,negatif,-9,negatif,2.2222214643275326
184,1864073577949229337,2742147296,danielgintingm,#MotivasiHariIni : SELAMA MASIH ADA KESEMPATAN TETAPLAH BERJUANG DAN PANTANG MENYERAH Kesempatan selalu ada bagi mereka yang tetap semangat memperjuangkan mimpinya. Ayo pacu lagi semangatmu kawan! #TetapSemangat #TetapOptimis https://t.co/qVyRoNe7S0,2025-03-15 23:14:51,"['7', '0']",kesempatan tetaplah berjuang pantang menyerah kesempatan semangat memperjuangkan mimpinya ayo pacu semangatmu kawan,negatif,-5,negatif,2.222230740208985
185,1863520729649893842,4757549449,theprawito,Tantangan hari ini adalah pelajaran untuk esok hari. Tetaplah melangkah karena setiap langkah kecil membawa kita lebih dekat ke tujuan besar. #MotivasiHariIni #KeepMovingForward,2025-03-15 23:14:51,[],tantangan pelajaran esok tetaplah melangkah langkah membawa tujuan,positif,4,positif,2.2222105497651397
186,1863175936730149190,1341802860,wroger0129,Jangan pernah meremehkan langkah kecil karena setiap perjalanan besar dimulai dengan langkah pertama. #MotivasiHariIni,2025-03-15 23:14:51,[],meremehkan langkah perjalanan langkah,positif,3,positif,2.2272001032959796
187,1855112334962016693,361198359,anzaniaprillia,#MotivasiHariIni aku mau sharing pengalaman dan tips diet ala aku yang bisa turun 14kg dalam waktu 5bulan dengan metode diet ini!! Cek kolom komentar!! #SemuaJadiMudah #diet #gayahidupsehat #dietjourney #perjalanandiet #pengalamandiet #DIETIF #IntermittentFasting https://t.co/XeaiD6sIEx,2025-03-15 23:14:51,"['14', '5', '6']",sharing pengalaman tips diet ala turun 14kg 5bulan metode diet cek kolom komentar,negatif,-9,negatif,2.222217520120056
188,1854655434214588669,2742147296,danielgintingm,#MotivasiHariIni : PERTIPIS KERAGUANMU DAN PERTEBAL RASA PERCAYA DIRIMU AGAR TAK TERHALANG LANGKAHMU MERAIH IMPIANMU Keraguan adalah penghalang jalan menuju keberhasilan. Ingat keraguanmu bs membunuh mimpimu. Yakinkan dirimu&amp; melangkahlah dgn pasti. #TetapSemangat #TetapOptimis https://t.co/sbM0f0AbSO,2025-03-15 23:14:51,"['0', '0']",pertipis keraguanmu pertebal percaya dirimu terhalang langkahmu meraih impianmu keraguan penghalang jalan keberhasilan keraguanmu bs membunuh mimpimu yakinkan dirimuamp melangkahlah dgn,negatif,-7,negatif,2.2222302506370744
189,1854293037775753417,2742147296,danielgintingm,#MotivasiHariIni : KETIKA SEGALA SESUATU TAMPAKNYA MELAWANMU INGATLAH PESAWATPUN LEPAS LANDAS MELAWAN ANGIN BUKAN BERSAMA ANGIN Apapun yang terjadi tetaplah tegar dan semangat serta lakukan usaha terbaikmu niscaya tujuanmu kan tercapai. #TetapSemangat #TetapOptimis https://t.co/1zjmetVppI,2025-03-15 23:14:51,['1'],melawanmu ingatlah pesawatpun lepas landas melawan angin angin apapun tetaplah tegar semangat lakukan usaha terbaikmu niscaya tujuanmu tercapai,negatif,-8,negatif,2.222200983685496
190,1854058685968023965,1602558922392424448,Higurumagf,Ga selamanya gua harus gini terus gua ga boleh lengah dalam hidup harus tetep berusaha meskipun ntar dah banyak uang #motivasihariini,2025-03-15 23:14:51,[],ga gua gini gua ga lengah hidup tetep berusaha ntar dah uang,negatif,-20,negatif,2.244979681919872
191,1853932948531351906,2742147296,danielgintingm,#MotivasiHariIni : PENANTIANMU TIDAKLAH SIA SIA SABARLAH MENANTI DAN TERIMALAH BUAH PENANTIANMU Kesabaran bukan tentang menunggu tetapi kemampuan untuk menjaga sikap yang baik saat menunggu. #TetapSemangat #TetapOptimis https://t.co/aeysFi9VuF,2025-03-15 23:14:51,['9'],penantianmu sia sia sabarlah terimalah buah penantianmu kesabaran menunggu kemampuan menjaga sikap menunggu,negatif,-11,negatif,2.2222177630945175
192,1853748172172271797,80530965,sayvul,#MotivasiHariIni : HIDUP ADALAH PERTANYAAN DAN BAGAIMANA KITA MENJALANINYA ADALAH JAWABANNYA Jalani hidup dengan cara terbaik yang kita bisa agar jawaban terbaik pula yang akan diterima. #TetapSemangat #TetapOptimis,2025-03-15 23:14:51,[],hidup menjalaninya jawabannya jalani hidup terbaik terbaik diterima,positif,4,positif,2.2222248850992643
193,1853567208620011830,2742147296,danielgintingm,#MotivasiHariIni : jangan pernah menyerah pada sesuatu yang benar-benar Anda inginkan MEMANG SULIT UNTUK MENUNGGU TAPI LEBIH SULIT LAGI PENYESALAN #TetapSemangat #TetapOptimis https://t.co/bH8JdmGtBH,2025-03-15 23:14:51,['8'],menyerah benarbenar sulit menunggu sulit penyesalan,negatif,-7,negatif,2.237752939873311
194,1853281151483601009,1138069735705235457,RFadhilul,Tidak ada ruang untuk sombomh tapi tidak ada ruang untuk lalai #pelajaranhidup #motivasihariini,2025-03-15 23:14:51,[],ruang sombomh ruang lalai,negatif,-10,negatif,2.2222251844592815
195,1853221138421404144,2742147296,danielgintingm,#MotivasiHariIni : HIDUP ADALAH PERTANYAAN DAN BAGAIMANA KITA MENJALANINYA ADALAH JAWABANNYA Jalani hidup dengan cara terbaik yang kita bisa agar jawaban terbaik pula yang akan diterima. #TetapSemangat #TetapOptimis https://t.co/OUnFujIIAS,2025-03-15 23:14:51,[],hidup menjalaninya jawabannya jalani hidup terbaik terbaik diterima,positif,4,positif,2.2222248850992643
196,1851779216171569533,2742147296,danielgintingm,#MotivasiHariIni : BAGIAN TERPENTING DALAM MEWUJUDKAN MIMPI ADALAH DENGAN BERTINDAK BUKAN HANYA MEMILIKI IDE Banyak orang punya ide tapi hanya sedikit orang yang memutuskan untuk melakukan sesuatu terhadap ide-ide tersebut. #TetapSemangat #TetapOptimis #GanjaristOptimis https://t.co/U3DkofsOo1,2025-03-15 23:14:51,"['3', '1']",terpenting mewujudkan mimpi bertindak memiliki ide orang ide orang memutuskan ideide,negatif,-5,negatif,2.2082554630716387
197,1851415489341456563,2742147296,danielgintingm,#MotivasiHariIni : TANPA KERJA KERAS TAKKAN ADA PERTUMBUHAN SEMUA YANG BAIK TIDAK AKAN TERJADI HANYA DENGAN BERDIAM DIRI Tanpa kerja keras tidak ada yang tumbuh selain rumput liar. Semua hal baik butuh kerja keras dan upaya. #TetapSemangat #TetapOptimis https://t.co/NmmjmMfDYq,2025-03-15 23:14:51,[],kerja keras takkan pertumbuhan berdiam kerja keras tumbuh rumput liar butuh kerja keras upaya,negatif,-3,negatif,2.184178112968207
198,1851175856145907775,1831540281390538752,venny_noveny,Kadang yang kita butuhkan hanya langkah kecil untuk memulai sesuatu yang besar. #MotivasiHariIni,2025-03-15 23:14:51,[],kadang butuhkan langkah,positif,7,positif,2.222218877771038
199,1849943155547963716,2742147296,danielgintingm,#MotivasiHariIni : APA YANG TIDAK DIMULAI HARI INI TAKKAN SELESAI BESOK Kata kunci meraih keberhasilan adalah memulai Anda takkan pernah sampai ke tujuan tanpa mulai melangkah. Perjalanan satu mil dimulai dengan satu langkah awal. Ayo mulailah sekarang juga. Jangan tunggu lagi. https://t.co/RR4cayiLY7,2025-03-15 23:14:51,"['4', '7']",takkan selesai besok kunci meraih keberhasilan takkan tujuan melangkah perjalanan mil langkah ayo tunggu,positif,2,positif,2.1957694587591288
200,1849663694965440932,1246425615877541890,napiah_z,Ketika Batu cadas pecah di pukulan ke-101; bukan pukulan terakhir yg membuatnya pecah namun pukulan-pukulan sebelumnya* #katahariini #motivasihariini,2025-03-15 23:14:51,['101'],batu cadas pecah pukulan ke101 pukulan yg membuatnya pecah pukulanpukulan,negatif,-11,negatif,2.222215288951842
201,1849581947389083660,2742147296,danielgintingm,#MotivasiHariIni : KUALITAS KARAKTERMU MENENTUKAN KEBERHASILANMU SEBELUM BERMIMPI MILIKILAH DULU KUALITAS KARAKTER YANG MENDUKUNG MIMPIMU Keahlian yang mumpuni harus dibarengi dengan kerja keras dan kegigihan. Ketekunan pun harus ditopang pengetahuan dan keahlian yang baik. https://t.co/pKGX6YkeHW,2025-03-15 23:14:51,['6'],kualitas karaktermu menentukan keberhasilanmu bermimpi milikilah kualitas karakter mendukung mimpimu keahlian mumpuni dibarengi kerja keras kegigihan ketekunan ditopang pengetahuan keahlian,positif,20,positif,2.2081523116007507
202,1848867487028547931,1287361317590851588,MKNSarawak,Selamat pagi! Mulakan hari dengan senyuman dan semangat baru. Setiap pagi adalah peluang untuk kejayaan yang lebih besar. Jadikan hari ini bermakna! #MKNSarawak #MalaysiaMADANI #HEMAT #KeselamatanNegaraTanggungjawabBersama #SelamatPagi #SemangatBaru #MotivasiHariIni https://t.co/moRCwFnE8N,2025-03-15 23:14:51,['8'],selamat pagi mulakan senyuman semangat pagi peluang kejayaan jadikan bermakna,positif,10,positif,2.1981738310021806
203,1848711151506293068,3800987839,gkakrilik,Kadang kita hanya perlu fokus pada diri sendiri karena kebahagiaan sejati tidak butuh pengakuan dari orang lain. Ingat jadi versi terbaik dirimu bukan untuk orang lain tapi untuk dirimu sendiri. #Flashindo #MotivasiHariIni #SelfReminder #KutipanFiersaBesari https://t.co/QGllwQ3xHx,2025-03-15 23:14:51,['3'],kadang fokus kebahagiaan sejati butuh pengakuan orang versi terbaik dirimu orang dirimu,positif,3,positif,2.222191375112481
204,1848711151208829102,3272433726,pesanstempel,Kadang kita hanya perlu fokus pada diri sendiri karena kebahagiaan sejati tidak butuh pengakuan dari orang lain. Ingat jadi versi terbaik dirimu bukan untuk orang lain tapi untuk dirimu sendiri. #Flashindo #MotivasiHariIni #SelfReminder #KutipanFiersaBesari https://t.co/L5rC5qzhIe,2025-03-15 23:14:51,"['5', '5']",kadang fokus kebahagiaan sejati butuh pengakuan orang versi terbaik dirimu orang dirimu,positif,3,positif,2.222191375112481
205,1848711150831071726,1224169204493905921,flashindo_yk,Kadang kita hanya perlu fokus pada diri sendiri karena kebahagiaan sejati tidak butuh pengakuan dari orang lain. Ingat jadi versi terbaik dirimu bukan untuk orang lain tapi untuk dirimu sendiri. #Flashindo #MotivasiHariIni #SelfReminder #KutipanFiersaBesari https://t.co/1X2o7nKvIC,2025-03-15 23:14:51,"['1', '2', '7']",kadang fokus kebahagiaan sejati butuh pengakuan orang versi terbaik dirimu orang dirimu,positif,3,positif,2.222191375112481
206,1848508501406134461,2742147296,danielgintingm,#MotivasiHariIni : TANPA KEYAKINAN TIDAK ADA YANG MUNGKIN DENGAN KEYAKINAN TIDAK ADA YANG TIDAK MUNGKIN Keyakinan diri dan kerja keras serta doa akan selalu membuat Anda berhasil. #TetapSemangat #TetapOptimis https://t.co/n8sx8sgtDT,2025-03-15 23:14:51,"['8', '8']",keyakinan keyakinan keyakinan kerja keras doa berhasil,positif,1,positif,2.1945239766784503
207,1848122023509413942,573388760,Laziswafalhilal,Assalamu'alaikum #SemangatPagi Bagaimana pagimu hari ini? Yuk mari berpikir positif #motivasihariini #motivasipagi #reminder #islamicreminder #quotesoftheday https://t.co/YHxpvSTtq6,2025-03-15 23:14:51,['6'],assalamualaikum pagimu yuk mari berpikir positif,positif,10,negatif,2.0817467119254047
208,1847046264925704334,2742147296,danielgintingm,#MotivasiHariIni : KESUNGGUHAN HATI MEMUDAHKAN JALAN MERAIH MIMPI TEKADKAN APAPUN YANG TERJADI LANGKAH TETAP HARUS DIAYUN #TetapSemangat #TetapOptimis https://t.co/39izhvVgdZ,2025-03-15 23:14:51,['39'],kesungguhan hati memudahkan jalan meraih mimpi tekadkan apapun langkah diayun,positif,3,positif,2.1983843352213652
209,1846683317040828462,2742147296,danielgintingm,#MotivasiHariIni : Jangan pikirkan kesuksesan lupakan saja yang perlu dilakukan adalah LAKUKAN YANG TERBAIK YANG KITA BISA SETIAP KESEMPATAN MAKA KESUKSESAN AKAN MENGIKUTI DENGAN SENDIRINYA #TetapSemangat #TetapOptimis https://t.co/4xXwzjbmHZ,2025-03-15 23:14:51,['4'],pikirkan kesuksesan lupakan lakukan terbaik kesempatan kesuksesan mengikuti,positif,9,positif,2.1716518793123605
210,1846322882546487410,2742147296,danielgintingm,#MotivasiHariIni : KEGAGALAN ADALAH BUMBU YANG MEMBERI RASA PADA KESUKSESAN Kesuksesan akan terasa lebih nikmat bila diracik dengan kegagalan. Gagal? Bangkit dan coba lagi! #TetapSemangat #TetapOptimis https://t.co/YtQ7VLxyNx,2025-03-15 23:14:51,['7'],kegagalan bumbu kesuksesan kesuksesan nikmat diracik kegagalan gagal bangkit coba,negatif,-1,negatif,2.2155581163542606
211,1846080227325497406,1590543355859329024,bmtarthaamanah,Dalam setiap tantangan hidup kita diperintahkan untuk terus bersabar dan berusaha. Allah senantiasa memberikan jalan bagi hamba-Nya yang bersabar siap siaga dan senantiasa bertakwa. #AyatOfTheDay #MotivasiHariIni #QSAliImran #KSPPSBMTArthaAmanah #Alquran #Motivasi #Sabar #fyp https://t.co/RGGYTfxPbD,2025-03-15 23:14:51,[],tantangan hidup diperintahkan bersabar berusaha allah senantiasa jalan hambanya bersabar siaga senantiasa bertakwa,positif,2,positif,2.204437859357304
212,1845965548536094959,1838147574353833984,firlidigitalzj,Marcus Aurelius said: Pikiranmu adalah kunci penting untuk kelangsungan hidupmu #marcusaurelius #ramawikuno #filsuf #motivasihariini #katakatahariini https://t.co/w0o0WS44E9,2025-03-15 23:14:51,"['0', '0', '44', '9']",marcus aurelius said pikiranmu kunci kelangsungan hidupmu,positif,3,positif,2.222231948172634
213,1845958685644018091,2742147296,danielgintingm,#MotivasiHariIni : Sukses dan kebahagiaan 2 hal yang mirip namun berbeda yang ingin diraih setiap insan. SUKSES ADALAH MENDAPATKAN APA YANG DIINGINKAN KEBAHAGIAAN ADALAH MENSYUKURI TERWUJUDNYA KEINGINAN #TetapSemangat #TetapOptimis https://t.co/ICrYM2POKt,2025-03-15 23:14:51,"['2', '2']",sukses kebahagiaan 2 berbeda diraih insan sukses kebahagiaan mensyukuri terwujudnya,positif,10,positif,2.222233486017681
214,1845593426710122896,2742147296,danielgintingm,#MotivasiHariIni : IMPIAN IBARAT SAYAP MEMBANTU BURUNG TETAP BISA TERBANG Pegang teguh impianmu jangan sampai mati karena jika impian mati hidupmu bagai burung bersayap patah tidak bisa terbang. #TetapSemangat #TetapOptimis https://t.co/cuxNWAeajb,2025-03-15 23:14:51,[],impian sayap membantu burung terbang pegang teguh impianmu mati impian mati hidupmu burung bersayap patah terbang,negatif,-14,negatif,2.222211481961845
215,1844891635068670336,2742147296,danielgintingm,#MotivasiHariIni : Ketika kita tahu diri kita tidak mudah terbawa arus opini orang lain. Kita memiliki integritas yang kukuh dalam nilai-nilai kita. KENALI DIRI SENDIRI. SIKAP TAHU DIRI MEMBANTU DIRI MERAIH MIMPI #TetapSemangat #TetapOptimis https://t.co/Gc6llNJyXW,2025-03-15 23:14:51,['6'],mudah terbawa arus opini orang memiliki integritas kukuh nilainilai kenali sikap membantu meraih mimpi,negatif,-5,negatif,2.222217560325429
216,1844522623943967064,2742147296,danielgintingm,#MotivasiHariIni : KESULITAN TIDAK SEHARUSNYA MELUMPUHKANMU TAPI MEMBANTUMU MENJADI PRIBADI MUMPUNI Hadapi kesulitan dengan gagah berani buktikan bahwa dirimu lebih kuat dari kesulitan itu. Jadilah pemenang melalui kesulitanmu. #TetapSemangat #TetapOptimis https://t.co/v7MqA3uz6u,2025-03-15 23:14:51,"['7', '3', '6']",kesulitan melumpuhkanmu membantumu pribadi mumpuni hadapi kesulitan gagah berani buktikan dirimu kuat kesulitan pemenang kesulitanmu,negatif,-17,negatif,2.2222316814905856
217,1844171229336567868,2742147296,danielgintingm,#MotivasiHariIni : Jika Anda selalu melakukan apa yang selalu Anda lakukan Anda akan selalu mendapatkan apa yang Anda inginkan. JIKA SELALU MELAKUKAN YANG TERBAIK HAL TERBAIK JUGA YANG KAN DIPEROLEH #TetapSemangat #TetapOptimis https://t.co/iPmNDxbiKP,2025-03-15 23:14:51,[],lakukan terbaik terbaik diperoleh,positif,10,positif,2.2309787279053257
218,1843782619823305145,2742147296,danielgintingm,#MotivasiHariIni : KEBERANIAN ADALAH MENOLAK RASA TAKUT PENGUASAAN RASA TAKUT TAPI BUKAN KETIADAAN RASA TAKUT memulai sesuatu memang butuh keberanian tanpanya Anda tak mungkin melangkah maju atasi ketakutan dengan kepercayaan diri dan keyakinan. #TetapSemangat #TetapOptimis https://t.co/bOd9sRHyR5,2025-03-15 23:14:51,"['9', '5']",keberanian menolak takut penguasaan takut ketiadaan takut butuh keberanian tanpanya melangkah maju atasi ketakutan kepercayaan keyakinan,negatif,-24,negatif,2.2222222340110203
219,1843509210753184241,1590543355859329024,bmtarthaamanah,Jadikan hari ini lebih bermakna dengan memperbanyak amal kebaikan karena setiap tindakan baik yang kita lakukan akan menjadi penghapus dosa-dosa kita. Jangan lupa dirikanlah salat pada waktunya dan penuhi hari-harimu dengan mengingat Allah. #AyatOfTheDay #MotivasiHariIni https://t.co/ahur4yZYIn,2025-03-15 23:14:51,['4'],jadikan bermakna memperbanyak amal kebaikan tindakan lakukan penghapus dosadosa lupa dirikanlah salat penuhi hariharimu allah,positif,19,positif,2.2021488958362623
220,1843058105829269614,2742147296,danielgintingm,#MotivasiHariIni : Jika kita tak pernah merasakan pahitnya kegagalan kita takkan pernah bisa merasakan manisnya keberhasilan karena DARI RASA PAHIT KEGAGALAN KITA BISA TAHU RASA MANIS KEBERHASILAN #TetapSemangat #TetapOptimis https://t.co/VBzZLufYz2,2025-03-15 23:14:51,['2'],merasakan pahitnya kegagalan takkan merasakan manisnya keberhasilan pahit kegagalan manis keberhasilan,negatif,-5,negatif,2.222217569959088
221,1842335525652632030,2742147296,danielgintingm,#MotivasiHariIni : KEGAGALAN MENGAJARKANMU BAGAIMANA AGAR TIDAK GAGAL LAGI Kegagalan terkadang tak terhindarkan tapi bijaklah mereka yang belajar dari kegagalan karena kegagalan adalah guru yang terbaik untuk mendapatkan keberhasilan. #TetapSemangat #TetapOptimis https://t.co/UEbIjjqlFB,2025-03-15 23:14:51,[],kegagalan mengajarkanmu gagal kegagalan terkadang terhindarkan bijaklah belajar kegagalan kegagalan guru terbaik keberhasilan,positif,10,negatif,2.0956719199352762
222,1900815749838479604,1880094234952560640,KataBijak444,Tetap melangkah #trending #katakatabijak #motivasihariini #tetapmelangkah https://t.co/WCGqWZCJ2P,2025-03-16 23:39:49,['2'],melangkah,netral,0,netral,2.222222328827308
223,1900771183722983597,1856931953574055936,bRo38543,Tabur Tuai #motivasihariinijanganmengeluh #motivationalquotes #motivation #inspiration #katamutiara #motivasidirisendiri #quotes #katabijak #edukasi #motivasihidup #viralvideos #motivasi #semuaorang #education #inspirasi #trending #katakatabijak #Motivasidiri #MotivasiHariIni https://t.co/0gxR794VOU,2025-03-16 23:39:49,"['0', '794']",tabur tuai,netral,0,netral,2.222193703133421
224,1900118413256638932,1856931953574055936,bRo38543,Ilmu Padi #motivasihariinijanganmengeluh #motivationalquotes #motivation #inspiration#katamutiara #motivasidirisendiri #quotes #katabijak #edukasi #motivasihidup #viralvideos #motivasi #semuaorang #education #inspirasi #trending #katakatabijak #Motivasidiri #MotivasiHariIni https://t.co/a4hQ4zdTwG,2025-03-16 23:39:49,"['4', '4']",ilmu padi,positif,4,positif,2.22220525045866
225,1899959457737826733,2742147296,danielgintingm,#MotivasiHariIni : JADILAH KUAT ! HIDUP INI TERLALU SINGKAT JIKA DIGUNAKAN HANYA UNTUK MERATAP INGAT! SELALU ADA PELANGI SETELAH HUJAN #TetapSemangat #TetapOptimis #PantangMenyerah https://t.co/8oQnbNmRGI,2025-03-16 23:39:49,['8'],kuat hidup singkat meratap pelangi hujan,negatif,-8,negatif,2.2222185103555487
226,1899596669261660449,2742147296,danielgintingm,#MotivasiHariIni : ADA KALA MEMULAI ADA JUGA KALANYA MENGAKHIRI MENTARI PUN TAK SELAMANYA TERBIT ADA KALANYA IA TERBENAM #TetapSemangat #TetapOptimis #PantangMenyerah https://t.co/0xISu7SdCl,2025-03-16 23:39:49,"['0', '7']",kalanya mentari terbit kalanya terbenam,negatif,-5,negatif,2.222219737462194
227,1898139975394509078,2742147296,danielgintingm,#MotivasiHariIni : YANG PINTAR BELUM TENTU BERHASIL YANG TIDAK PINTAR BELUM TENTU GAGAL SEMUANYA TERGANTUNG KEMAUAN Semua orang memiliki kemampuan perbedaannya adalah bagaimana dia menggunakannya untuk mewujudkan keberhasilannya. #TetapSemangat #TetapOptimis #PantangMenyerah https://t.co/IkMJYoTdyK,2025-03-16 23:39:49,[],pintar berhasil pintar gagal tergantung kemauan orang memiliki kemampuan perbedaannya menggunakannya mewujudkan keberhasilannya,positif,3,positif,2.2222437525700482
228,1897507786654933395,1792377969056616449,topla_id,Kadang kita butuh sedikit dorongan ekstra untuk melangkah lebih jauh. Inilah saatnya untuk bangkit semangat dan terus maju! #MotivasiHariIni #Semangat #KataKataBijak #PositiveVibes #MindsetPositif #TetapSemangat #RaihImpian #MotivasiDiri #KataBijak #Topla #Produklokal https://t.co/bE2NJIzaXd,2025-03-16 23:39:49,['2'],kadang butuh dorongan ekstra melangkah bangkit semangat maju,negatif,-4,negatif,2.222200012964598
229,1896816104028479599,2742147296,danielgintingm,#MotivasiHariIni : KEKUATAN SEJATI TAK BERASAL DARI FISIK TAPI BERASAL DARI KETEGUHAN HATI TIADA YANG BISA MERUNTUHKAN KETEGUHAN HATI #TetapSemangat #TetapOptimis #PantangMenyerah https://t.co/aAzdqLYKQ0,2025-03-16 23:39:49,['0'],kekuatan sejati berasal fisik berasal keteguhan hati tiada meruntuhkan keteguhan hati,negatif,-13,negatif,2.2222182773923005
230,1896746082463584516,1856931953574055936,bRo38543,Ubah Cara berpikir #motivationalquotes #katamutiara #motivation #inspiration #motivasidirisendiri #quotes #katabijak #edukasi #motivasihidup #viralvideos #motivasi #semuaorang #education #inspirasi #trending #katakatabijak #Motivasidiri #MotivasiHariIni #tiktok #tiktokviral https://t.co/WjYHx7m1Yo,2025-03-16 23:39:49,"['7', '1']",ubah berpikir,netral,0,netral,2.222220275989723
231,1895616260467261728,2742147296,danielgintingm,#MotivasiHariIni : BEKERJA DENGAN BAIK HASILNYA BELUM TENTU BAIK TAPI BEKERJA DENGAN BURUK HASILNYA SUDAH PASTI BURUK #TetapSemangat #TetapOptimis #PantangMenyerah https://t.co/ZKdgG0j2xi,2025-03-16 23:39:49,"['0', '2']",hasilnya buruk hasilnya buruk,negatif,-10,negatif,2.2222235323269994
232,1894193459776688270,1183162696708980736,littlerockztars,kuliah seseru ini cuma dengerin presentasi ko milih bolos #motivasihariini,2025-03-16 23:39:49,[],kuliah seseru dengerin presentasi ko milih bolos,negatif,-7,negatif,2.2222189895344524
233,1894157296059781589,2742147296,danielgintingm,#MotivasiHariIni : JANGAN MENYERAH TETAPLAH SEMANGAT KEBAHAGIAAN AKAN HADIR SETELAH LELAHMU Berlarilah ketika kamu bisa berjalan jika harus merangkak jika perlu yang penting jangan pernah menyerah. #TetapSemangat #TetapOptimis #PantangMenyerah https://t.co/ILKNxlfx04,2025-03-16 23:39:49,['04'],menyerah tetaplah semangat kebahagiaan hadir lelahmu berlarilah berjalan merangkak menyerah,negatif,-11,negatif,2.224179516874294
234,1893888601609384120,1380373705587531778,smspay_id,Saat tantangan terasa berat dan jalan terasa terjal ingat kembali alasan mengapa kamu memulai! Setiap langkah kecil tetap membawa kita lebih dekat ke tujuan. Tetap semangat! #MotivasiHariIni #JanganMenyerah #IngatTujuanmu #SemangatKerja #NeverGiveUp #GrowthMindset #SMSPay https://t.co/ZEUQDxepNU,2025-03-16 23:39:49,[],tantangan berat jalan terjal alasan langkah membawa tujuan semangat,positif,3,positif,2.2222374540205534
235,1893072276494663799,2742147296,danielgintingm,#MotivasiHariIni : KEHIDUPAN TAK MEMBERIMU KESEMPATAN KEDUA TAPI IA KADANG MEMBERIKAN AWAL YANG BARU https://t.co/pmCYXszcAc,2025-03-16 23:39:49,[],kehidupan memberimu kesempatan kadang,positif,3,positif,2.222211107979007
236,1892706136828088435,2742147296,danielgintingm,#MotivasiHariIni : TANPA KEBERANIAN TAKKAN ADA KEMENANGAN TANPA PERJUANGAN TAKKAN ADA AKHIR BAHAGIA #TetapSemangat #TetapOptimis #PantangMenyerah https://t.co/2KOg64dVL8,2025-03-16 23:39:49,"['2', '64', '8']",keberanian takkan kemenangan perjuangan takkan bahagia,negatif,-1,negatif,2.222219019886875
237,1892347449177428391,2742147296,danielgintingm,#MotivasiHariIni : TIDAK ADA PROSES YANG MUDAH UNTUK TUJUAN YANG INDAH AKAN ADA HARI SULIT UNTUK MEMBUAT DIRI MENJADI LEBIH KUAT https://t.co/sTuJR5g7au,2025-03-16 23:39:49,"['5', '7']",proses mudah tujuan indah sulit kuat,negatif,-5,negatif,2.2222189880830627
238,1891997181264961701,2742147296,danielgintingm,#MotivasiHariIni : DIBALIK BAYANG-BAYANG SELALU ADA CAHAYA ........ https://t.co/0lBtozVoDx #TetapSemangat #TetapOptimis #PantangMenyerah,2025-03-16 23:39:49,['0'],dibalik bayangbayang cahaya,negatif,-3,negatif,2.2222334971137823
239,1891764415336415353,1255123679320686592,al3_fad,Selasa adalah hari untuk memperbaiki dan meningkatkan diri! Jangan ragu untuk mengambil langkah baru menuju kesuksesan. #SelasaSemangat #MotivasiHariIni https://t.co/hdQ2xIpZAq,2025-03-16 23:39:49,['2'],selasa memperbaiki meningkatkan ragu mengambil langkah kesuksesan,positif,1,positif,2.2222342229026
240,1885094892680208624,2742147296,danielgintingm,#MotivasiHariIni : Setiap insan memilik kekurangan juga kelebihan MAKSIMALKAN POTENSI DAN KELEBIHAN DEMI TERWUJUDNYA KEBERHASILAN YANG DIIMPIKAN jangan berleha-leha lagi angkat semangatmu dan galilah potensimu. #TetapSemangat #TetapOptimis #PantangMenyerah https://t.co/rafEzLj9Bq,2025-03-16 23:39:49,['9'],insan memilik kekurangan kelebihan maksimalkan potensi kelebihan terwujudnya keberhasilan diimpikan berlehaleha angkat semangatmu galilah potensimu,negatif,-3,negatif,2.2222190697512993
241,1884780009359089816,1877073553864142853,RicoRDP25,Setiap hari adalah kesempatan baru untuk tumbuh belajar dan menjadi lebih baik. Jangan takut melangkah karena semua perubahan besar dimulai dari langkah kecil. Tetap semangat. #MotivasiHariIni #TetapSemangat #GrowAndGlow,2025-03-16 23:39:49,[],kesempatan tumbuh belajar takut melangkah perubahan langkah semangat,positif,6,positif,2.212227361659932
242,1882924834671432073,2742147296,danielgintingm,#MotivasiHariIni : AYO MELANGKAHLAH DENGAN PENUH SEMANGAT GAPAI MIMPIMU JANGAN CUMA DUDUK DAN BERHARAP BERTINDAKLAH! Keberhasilan tidak datang begitu saja bagai sebuah keajaiban wujudkan mimpimu dan keajaiban kan terjadi. #TetapSemangat #TetapOptimis #PantangMenyerah https://t.co/nJxH6vgbLr,2025-03-16 23:39:49,['6'],ayo melangkahlah penuh semangat gapai mimpimu duduk berharap bertindaklah keberhasilan keajaiban wujudkan mimpimu keajaiban,negatif,-5,negatif,2.2222345286412377
243,1882629067540987965,1877073553864142853,RicoRDP25,Setiap langkah kecil adalah awal dari sesuatu yang besar. Mulai saja sisanya akan mengikuti. #KeepGoing #MotivasiHariIni,2025-03-16 23:39:49,[],langkah sisanya mengikuti,positif,7,positif,2.222225365228806
244,1882593909395890407,2742147296,danielgintingm,#MotivasiHariIni : DARI KESALAHAN KITA BELAJAR MANA YANG BENAR BUKANKAH DARI RASA PAHIT KITA TAHU YANG MANIS? #TetapSemangat #TetapOptimis #PantangMenyerah https://t.co/VDUXZsoQpj,2025-03-16 23:39:49,[],kesalahan belajar pahit manis,negatif,-7,negatif,2.226004641761705
245,1882308419832701213,1833853418529800192,jaylas1205,Hari ini adalah kesempatan baru untuk membuat hari esok lebih baik. Jangan menunggu kesempatan ciptakanlah. Setiap hari adalah kesempatan untuk memulai kembali. #MotivasiHariIni #InspirasiHidup #KataKataMotivasi #HariBaruHariBaik #SemangatHidup https://t.co/Moc8ap3fa2,2025-03-16 23:39:49,"['8', '3', '2']",kesempatan esok menunggu kesempatan ciptakanlah kesempatan,negatif,-5,negatif,2.222222119943152
246,1881995688336388135,1478570521381851137,bdk_surabaya,Halo #koncobdk Setiap detik yang kita miliki adalah kesempatan berharga. Jangan biarkan waktu berlalu begitu saja tanpa makna. Ayo ambil langkah pertama dan wujudkan apa yang kita impikan! #MotivasiHariIni #TindakanUntukMasaDepan #WaktuBerkualitas #SemangatBeraksi https://t.co/12sEmAWrn6,2025-03-16 23:39:49,"['12', '6']",halo detik miliki kesempatan berharga biarkan makna ayo ambil langkah wujudkan impikan,positif,9,positif,2.2222075317991754
247,1881829282261192795,1508101274847559683,AyedAmad_,Hari ini adalah peluang baru untuk melangkah lebih dekat ke impianmu. Jangan sia-siakan waktu karena setiap detik yang diisi dengan usaha akan mendekatkanmu pada keberhasilan. #MotivasiHariIni #LangkahBaru #JanganMenyerah #MenujuImpian,2025-03-16 23:39:49,[],peluang melangkah impianmu siasiakan detik diisi usaha mendekatkanmu keberhasilan,negatif,-4,negatif,2.2222201961768207
248,1881471463791984734,2742147296,danielgintingm,#MotivasiHariIni : Bangkitlah dari keterperukanmu hari ini hari yang baru yakinkan dirimu SELALU ADA PELUANG BARU DI SETIAP HARI YANG BARU JEMPUTLAH PELUANGMU! #TetapSemangat #TetapOptimis #PantangMenyerah https://t.co/fGbaZb02PG,2025-03-16 23:39:49,['02'],bangkitlah keterperukanmu yakinkan dirimu peluang jemputlah peluangmu,negatif,-1,negatif,2.222217687970323
249,1881219075512422548,1879019446402179072,amir_saleh77,Hari ini adalah hari untuk mencapai impianmu! #MotivasiHariIni,2025-03-16 23:39:49,[],mencapai impianmu,netral,0,netral,2.2222063848042404
250,1881219069774631184,1879020252438425600,odelia_halena,Hari ini adalah hari untuk mencapai impianmu! #MotivasiHariIni,2025-03-16 23:39:49,[],mencapai impianmu,netral,0,netral,2.2222063848042404
251,1881109704145064442,2742147296,danielgintingm,#MotivasiHariIni : TEGARLAH TERUSLAH MELANGKAH semua yang Anda butuhkan akan datang kepada Anda pada waktu yang tepat percayalah. #TetapSemangat #TetapOptimis #PantangMenyerah https://t.co/1gnJlp2iZG,2025-03-16 23:39:49,"['1', '2']",tegarlah teruslah melangkah butuhkan percayalah,netral,0,netral,2.2222275664622972
252,1880665815562985957,1833853418529800192,jaylas1205,Jangan takut untuk bermimpi besar. Kreativitas adalah kunci kesuksesan. Teruslah berinovasi tidak ada batasan untuk berkarya. #MotivasiHariIni #InspirasiPagi #SemangatBaru #KesempatanBaru #JanganMenyerah https://t.co/p06ucpHk93,2025-03-16 23:39:49,"['06', '93']",takut bermimpi kreativitas kunci kesuksesan teruslah berinovasi batasan berkarya,positif,9,positif,2.2222258074178836
253,1880537679647142117,1880531054202888192,Ml76530Ml,Bangkitkan semangatmu! Tonton animasi motivasi ini sekarang! https://t.co/tTS1suZtGM #MotivasiHariIni #AnimasiInspirasional,2025-03-16 23:39:49,['1'],bangkitkan semangatmu tonton animasi motivasi,negatif,-7,negatif,2.224642823544928
254,1880381692701294889,2742147296,danielgintingm,#MotivasiHariIni : LAKUKAN PROSESNYA DENGAN USAHA DAN UPAYA TERBAIK AGAR MENDAPATKAN HASIL TERBAIK INGAT PROSES TAKKAN PERNAH MENGKHIANATI HASIL Terkadang kita mengalami kegagalan karena kita terlalu mengkhawatirkan keberhasilan itu sendiri. https://t.co/iv5Yk8oYAh,2025-03-16 23:39:49,"['5', '8']",lakukan prosesnya usaha upaya terbaik hasil terbaik proses takkan mengkhianati hasil terkadang mengalami kegagalan mengkhawatirkan keberhasilan,positif,4,positif,2.2222253155410168
255,1880021537560080393,2742147296,danielgintingm,#MotivasiHariIni : Cerita sukses sering kali kita dengar namun sayangnya itu bukanlah cerita sukses kita sendiri. AYO BANGKIT SEMANGATLAH CIPTAKAN CERITA SUKSESMU SENDIRI. #TetapSemangat #TetapOptimis #PantangMenyerah https://t.co/vHzvM5QRmr,2025-03-16 23:39:49,['5'],cerita sukses kali dengar sayangnya cerita sukses ayo bangkit semangatlah ciptakan cerita suksesmu,negatif,-7,negatif,2.2222214231539112
256,1879297271462027660,2742147296,danielgintingm,#MotivasiHariIni : KEGIGIHANMU ADALAH KUNCI DALAM PROSES MEWUJUDKAN MIMPIMU Tetap semangat tiada yang bisa mengalahkan kegigihan tidak juga bakat kejeniusan atau kepandaian. Ketekunan dan tekad melebihi semua itu. #TetapSemangat #TetapOptimis #PantangMenyerah https://t.co/LzjNq1q4GW,2025-03-16 23:39:49,"['1', '4']",kegigihanmu kunci proses mewujudkan mimpimu semangat tiada mengalahkan kegigihan bakat kejeniusan kepandaian ketekunan tekad melebihi,negatif,-9,negatif,2.2222171182573915
257,1877320667260985408,1475675071125413888,FelixPantow_,Tidak ada langkah kecil yang sia-sia jika dilakukan dengan tekad yang besar. Teruslah melangkah karena setiap usaha mendekatkan kita pada tujuan yang luar biasa. #MotivasiHariIni #JanganMenyerah https://t.co/4raQCIg6Hb,2025-03-16 23:39:49,"['4', '6']",langkah siasia tekad teruslah melangkah usaha mendekatkan tujuan,negatif,-3,negatif,2.222189364814672
258,1877120783253639352,2742147296,danielgintingm,#MotivasiHariIni : KEKHAWATIRAN HANYALAH SEMENTARA NAMUN PENYESALAN AKAN BERLAKU SEUMUR HIDUP Selagi ada kesempatan raihlah peluang jangan biarkan berlalu begitu saja agar tidak menyesal nantinya. #TetapSemangat #TetapOptimis #PantangMenyerah https://t.co/3wkMd9a8Fc,2025-03-16 23:39:49,"['3', '9', '8']",kekhawatiran penyesalan berlaku seumur hidup selagi kesempatan raihlah peluang biarkan menyesal,negatif,-17,negatif,2.222246517770523
259,1876760618683769021,2742147296,danielgintingm,#MotivasiHariIni : Apa yang tidak berhasil dilakukan hari ini kelak suatu hari kan berhasil TETAPLAH MENCOBA! #TetapSemangat #TetapOptimis #PantangMenyerah https://t.co/hbr452nJq5,2025-03-16 23:39:49,"['452', '5']",berhasil kelak berhasil tetaplah mencoba,positif,6,positif,2.22222364987466
260,1876484285810835725,1749369327101554688,JendelaKataID,7/366 Keramik pecah bisa jadi karya seni yang lebih indah kalau kita tahu cara merangkainya. Sama seperti hidup semua bisa diperbaiki. #KintsugiHidup #MotivasiHariIni,2025-03-16 23:39:49,"['7', '366']",7366 keramik pecah karya seni indah merangkainya hidup diperbaiki,negatif,-7,negatif,2.222221889816175
261,1876396609648644106,2742147296,danielgintingm,#MotivasiHariIni : Namanya kesempatan selalu tak terduga kedatangannya siap sedialah selalu untuk menangkap setiap kesempatan yang datang karena KESEMPATAN YANG DIGUNAKAN DENGAN BAIK BISA MENDATANGKAN KEBERHASILAN. #TetapSemangat #TetapOptimis #PantangMenyerah https://t.co/4ebU9wehN4,2025-03-16 23:39:49,"['4', '9', '4']",namanya kesempatan terduga kedatangannya sedialah menangkap kesempatan kesempatan keberhasilan,negatif,-3,negatif,2.222218650527989
262,1876153430634639501,2151432885,wendymuhammadwm,Kata siapa aku kuat? Malamku penuh tangis siangku tertutup tawa. Kadang kita terlihat tegar padahal hati sedang rapuh. Tapi percayalah badai pasti berlalu. #DrakorVibes #HidupItuPerjuangan #PelangiSetelahHujan #EmosiDrakor #FYP #QuotesKehidupan #MotivasiHariIni https://t.co/2TDp3nXE5B,2025-03-16 23:39:49,"['2', '3', '5']",kuat malamku penuh tangis siangku tertutup tawa kadang tegar hati rapuh percayalah badai,negatif,-20,negatif,2.222242878988078
263,1876146324669968510,1867759951713906691,klikebookid,Hidup stuck itu berat tapi jangan biarkan itu mendefinisikanmu. Ambil 3 langkah kecil ini mulai hari ini dan lihat perubahan besar dalam hidupmu. #BangkitDariStuck #MotivasiHariIni #PerubahanHidup #TipsKesuksesan #BlueprintKesuksesan https://t.co/02PqykOQQQ,2025-03-16 23:39:49,"['3', '02']",hidup stuck berat biarkan mendefinisikanmu ambil 3 langkah lihat perubahan hidupmu,negatif,-1,negatif,2.234872308481855
264,1876036841713078359,2742147296,danielgintingm,#MotivasiHariIni : NIKMATNYA KEBERHASILAN SEBENARNYA TERLETAK PADA PROSES MERAIHNYA BUKAN PADA HASILNYA Cara sukses mungkin bisa ditiru orang lain namun kenikmatan proses mencapainya harus dialami masing-masing. #TetapSemangat #TetapOptimis #PantangMenyerah https://t.co/d5cb1OKIuc,2025-03-16 23:39:49,"['5', '1']",nikmatnya keberhasilan terletak proses meraihnya hasilnya sukses ditiru orang kenikmatan proses mencapainya dialami masingmasing,positif,9,positif,2.2222467786430053
265,1875940595543470563,1874890615223390208,whoopxixixi,Awal tahun masih terasa segar tapi ingat bukan cuma kalender yang harus berubah mindset juga! Fokus konsisten dan bikin tahun ini lebih baik dari sebelumnya. #MotivasiHariIni #AwalTahun,2025-03-16 23:39:49,[],segar kalender berubah mindset fokus konsisten bikin,positif,2,positif,2.18492304537171
266,1875745747829964872,1729531817089507328,kureiruu,ngerakit meja belajar 2 jam sendirian ga kelar2 hampir mninggal anj tapi ak ingat minase aja bisa kok bertahan hidup 5 tahun tanpa hirukawa masa ak gabisa #MotivasiHariIni #JanganMenyerah https://t.co/lBkjHzHwjk,2025-03-16 23:39:49,"['2', '2', '5']",ngerakit meja belajar 2 jam ga kelar2 mninggal anj ak minase aja bertahan hidup 5 hirukawa ak gabisa,negatif,-4,negatif,2.222231835288747
267,1875483282131054783,1056903218574151681,toni071982,Jangan takut untuk gagal karena dari kegagalan kita belajar dan tumbuh. Tetap fokus percaya pada dirimu sendiri dan kerjakan yang terbaik. Setiap harinya adalah kesempatan untuk menjadi versi terbaik dari dirimu! #MotivasiHariIni #SemangatPagi,2025-03-16 23:39:49,[],takut gagal kegagalan belajar tumbuh fokus percaya dirimu kerjakan terbaik harinya kesempatan versi terbaik dirimu,positif,3,positif,2.234089576228175
268,1875062824915091862,1749369327101554688,JendelaKataID,Jangan takut gagal karena setiap kegagalan adalah langkah kecil menuju kesuksesan. Tetap bergerak tetap percaya dan jangan menyerah pada mimpimu. #MotivasiHariIni #SemangatHidup #NeverGiveUp,2025-03-16 23:39:49,[],takut gagal kegagalan langkah kesuksesan bergerak percaya menyerah mimpimu,negatif,-6,negatif,2.222210088008231
269,1873742347709943924,1056903218574151681,toni071982,Selamat pagi! Mulai hari ini dengan semangat dan motivasi. Ingatlah bahwa kesuksesan dimulai dari langkah pertama. Jangan ragu untuk memulai! #MotivasiHariIni #Senin #Semangat #Kesuksesan #Inspirasi https://t.co/B0hqNGw01D,2025-03-16 23:39:49,"['0', '01']",selamat pagi semangat motivasi ingatlah kesuksesan langkah ragu,negatif,-1,negatif,2.225719301001774
270,1869876599140823242,2742147296,danielgintingm,#MotivasiHariIni : KEYAKINAN AKAN MERAIH KEBERHASILAN ADALAH MODAL DASAR DALAM MELAKUKAN APAPUN Keraguan tidak akan meneguhkan keyakinan malah sebaliknya akan melemahkan. Singkirkan keraguan sebelum melangkah. #TetapSemangat #TetapOptimis https://t.co/jR7pIZZNmy,2025-03-16 23:39:49,['7'],keyakinan meraih keberhasilan modal dasar apapun keraguan meneguhkan keyakinan melemahkan singkirkan keraguan melangkah,negatif,-6,negatif,2.22219946547382
271,1869832691090366833,1067221938,gal_galih,Setiap hari adalah kesempatan baru untuk belajar dan tumbuh. Mari kita hadapi tantangan dengan semangat dan tekad yang kuat. #MotivasiHariIni #SemangatBaru,2025-03-16 23:39:49,[],kesempatan belajar tumbuh mari hadapi tantangan semangat tekad kuat,negatif,-5,negatif,2.232063572069554
272,1869639687306129429,1752691829596938240,AsadUmay,@omanbdur @fauzii_khsan @tanyarlfes Kalau orang lain bisa Ya pasti..... KITA BELUM TENTU #motivasihariini,2025-03-16 23:39:49,[],orang ya,positif,4,positif,2.2222487288921027
273,1869265849590374908,1762671082585411584,beritarealita,Setiap langkah kecil yang kamu ambil hari ini akan membawa kamu lebih dekat ke impianmu. Jangan pernah berhenti mencoba! #MotivasiHariIni #Semangat,2025-03-16 23:39:49,[],langkah ambil membawa impianmu berhenti mencoba,negatif,-1,negatif,2.2222040238620635
274,1868849983577084338,3272433726,pesanstempel,Mulai dari langkah kecil karena ide hebat tak akan berarti tanpa tindakan. #MotivasiHariIni #Flashindo #KutipanInspiratiff #BerkreasiTanpaBatas https://t.co/hK9gKttzwy,2025-03-16 23:39:49,['9'],langkah ide hebat tindakan,positif,7,positif,2.2222075278073983
275,1868422931581378690,2742147296,danielgintingm,#MotivasiHariIni : KEGAGALAN HANYALAH PEMBUKTIAN BAHWA CARA YANG DIAMBIL BELUM TEPAT MASIH BANYAK CARA LAINNYA COBA LAGI! Bila telah diperjuangkan dengan sungguh-sungguh baik hasilnya berhasil atau gagal sesungguhnya semangat perjuangan itu adalah keberhasilan tersendiri https://t.co/S1KxSY2X70,2025-03-16 23:39:49,"['1', '2', '70']",kegagalan pembuktian diambil coba diperjuangkan sungguhsungguh hasilnya berhasil gagal sesungguhnya semangat perjuangan keberhasilan tersendiri,positif,1,positif,2.2222369120506955
276,1867700205480808579,2742147296,danielgintingm,#MotivasiHariIni : Untuk bermimpi gratis tidak perlu bayar namun untuk mewujudkan mimpi butuh perjuangan dan pengorbanan yang harus dibayar. PERJUANGAN DAN PENGORBANAN YANG DIBAYAR UNTUK MEWUJUDKAN MIMPI ADALAH INVESTASI YANG KELAK DIPETIK HASILNYA #TetapSemangat #TetapOptimis https://t.co/8KEI2PZztH,2025-03-16 23:39:49,"['8', '2']",bermimpi gratis bayar mewujudkan mimpi butuh perjuangan pengorbanan dibayar perjuangan pengorbanan dibayar mewujudkan mimpi investasi kelak dipetik hasilnya,netral,0,netral,2.222208142009764
277,1867336118150344721,2742147296,danielgintingm,#MotivasiHariIni : perubahan besar mungkin tidak terjadi serta merta tetapi dengan usaha bahkan yang sulit dapat menjadi mudah. DENGAN KEYAKINAN DIRI MAKA SEGALA KESULITAN AKAN DAPAT DILALUI WALAU BERAT SEKALIPUN #TetapSemangat #TetapOptimis https://t.co/MeDUW0Gc5F,2025-03-16 23:39:49,"['0', '5']",perubahan merta usaha sulit mudah keyakinan kesulitan berat,negatif,-6,negatif,2.223126904866846
278,1866972590679740762,2742147296,danielgintingm,#MotivasiHariIni : Jangan biarkan rintangan dan tantangan menghentikanmu mereka tidak lebih besar darimu. JAGA API SEMANGATMU TETAP MENYALA DENGAN BEGITU ENGKAU TELAH MENJAGA IMPIAMU TETAP HIDUP #TetapSemangat #TetapOptimis https://t.co/mtuaReH5NC,2025-03-16 23:39:49,['5'],biarkan rintangan tantangan menghentikanmu darimu jaga api semangatmu menyala engkau menjaga impiamu hidup,negatif,-21,negatif,2.2222183336989083
279,1866248884441460812,2742147296,danielgintingm,#MotivasiHariIni : tidak ada yang bisa kembali dan memulai awal yang baru tetapi siapapun dapat memulai hari ini dan membuat akhir yang baru. HAL TERBAIK YANG DILAKUKAN SETIAP SAAT AKAN MEMBERIKAN AKHIR YANG TERBAIK PULA #TetapSemangat #TetapOptimis https://t.co/pTqOrmue22,2025-03-16 23:39:49,['22'],terbaik terbaik,positif,10,positif,2.240689212496
280,1865887493255844169,2742147296,danielgintingm,#MotivasiHariIni : YAKINLAH PADA MIMPIMU KERJAKAN MIMPIMU BAWA DALAM DOA MIMPIMU NISCAYA MIMPIMU KAN TERWUJUD NYATA #TetapSemangat #TetapOptimis https://t.co/68JMOuuub3,2025-03-16 23:39:49,"['68', '3']",yakinlah mimpimu kerjakan mimpimu bawa doa mimpimu niscaya mimpimu terwujud nyata,negatif,-9,negatif,2.2222214643275326
281,1864073577949229337,2742147296,danielgintingm,#MotivasiHariIni : SELAMA MASIH ADA KESEMPATAN TETAPLAH BERJUANG DAN PANTANG MENYERAH Kesempatan selalu ada bagi mereka yang tetap semangat memperjuangkan mimpinya. Ayo pacu lagi semangatmu kawan! #TetapSemangat #TetapOptimis https://t.co/qVyRoNe7S0,2025-03-16 23:39:49,"['7', '0']",kesempatan tetaplah berjuang pantang menyerah kesempatan semangat memperjuangkan mimpinya ayo pacu semangatmu kawan,negatif,-5,negatif,2.222230740208985
282,1863520729649893842,4757549449,theprawito,Tantangan hari ini adalah pelajaran untuk esok hari. Tetaplah melangkah karena setiap langkah kecil membawa kita lebih dekat ke tujuan besar. #MotivasiHariIni #KeepMovingForward,2025-03-16 23:39:49,[],tantangan pelajaran esok tetaplah melangkah langkah membawa tujuan,positif,4,positif,2.2222105497651397
283,1863175936730149190,1341802860,wroger0129,Jangan pernah meremehkan langkah kecil karena setiap perjalanan besar dimulai dengan langkah pertama. #MotivasiHariIni,2025-03-16 23:39:49,[],meremehkan langkah perjalanan langkah,positif,3,positif,2.2272001032959796
284,1862861333257150541,1512327246593228801,ArieHendraS21,Jangan takut gagal! Setiap langkah termasuk kegagalan adalah bukti bahwa kamu berani mencoba dan mendekati sukses. #MotivasiHariIni #BeraniCoba #PantangMenyerah #SuksesBersama #SemangatPositif https://t.co/ie8cmxyOU5,2025-03-16 23:39:49,"['8', '5']",takut gagal langkah kegagalan bukti berani mencoba mendekati sukses,negatif,-4,negatif,2.2222405593359653
285,1862265957009563838,2742147296,danielgintingm,#MotivasiHariIni : Berdirilah di depan cermin dan lihatlah dirimu sendiri lalu berteriaklah dengan keras AKU AKAN TERUS BERJUANG DAN TIDAK PERNAH MENYERAH dan kamu adalah pemenang! #TetapSemangat #TetapOptimis https://t.co/cu3jLCocfx,2025-03-16 23:39:49,['3'],berdirilah cermin lihatlah dirimu berteriaklah keras berjuang menyerah pemenang,positif,1,positif,2.2222248897588415
286,1861541616114376912,2742147296,danielgintingm,#MotivasiHariIni : PILIHANMU HARI INI MENENTUKAN MASA DEPANMU PILIHLAH YANG TERBAIK Setiap pilihan membawa konsekuensi di hari esok melibatkan Yang Maha Kuasa dalam menentukan pilihan adalah sebuah kebijaksanaan. #TetapSemangat #TetapOptimis https://t.co/Le3y9KNJBC,2025-03-16 23:39:49,"['3', '9']",pilihanmu menentukan depanmu pilihlah terbaik pilihan membawa konsekuensi esok melibatkan maha kuasa menentukan pilihan kebijaksanaan,positif,17,positif,2.2222115908183286
287,1861410231596785725,1341802860,wroger0129,Jangan takut memulai meski kecil langkahnya. Perjalanan besar dimulai dari satu langkah sederhana. #MotivasiHariIni #Semangat,2025-03-16 23:39:49,[],takut langkahnya perjalanan langkah sederhana,negatif,-5,negatif,2.2270491738542786
288,1861179440111460395,2742147296,danielgintingm,#MotivasiHariIni : sebagian besar rintangan mencair ketika kita memutuskan untuk berjalan dengan berani menembusnya. JANGAN JADIKAN HALANGAN SEBAGAI PENGHALANG UNTUK MAJU NAMUN JADIKAN MOTIVASI UNTUK TERUS MAJU #TetapSemangat #TetapOptimis https://t.co/eKrYAiVzGM,2025-03-16 23:39:49,[],rintangan mencair memutuskan berjalan berani menembusnya jadikan halangan penghalang maju jadikan motivasi maju,negatif,-9,negatif,2.2048659894865406
289,1860814234667590081,2742147296,danielgintingm,#MotivasiHariIni : SAAT MENGAGUMI TAMAN ORANG LAIN JANGAN LUPA MERAWAT BUNGAMU SENDIRI Tidak ada salahnya mengagumi milik orang lain tapi alangkah baiknya hal baik yang mereka miliki gunakan juga untuk mengembangkan milik sendiri. #TetapSemangat #TetapOptimis https://t.co/k08QsAoyqE,2025-03-16 23:39:49,['08'],mengagumi taman orang lupa merawat bungamu salahnya mengagumi milik orang alangkah baiknya miliki mengembangkan milik,negatif,-4,negatif,2.222252706591056
290,1859725932959047725,2742147296,danielgintingm,#MotivasiHariIni : Kekecewaan sifatnya terbatas sebaliknya harapan tanpa batas. Apapun yang terjadi tetaplah berharap. TERIMALAH KEKECEWAAN YANG TERBATAS DAN JANGAN PERNAH KEHILANGAN HARAPAN YANG TAK TERBATAS #TetapSemangat #TetapOptimis https://t.co/JsbCzaYNBJ,2025-03-16 23:39:49,[],kekecewaan sifatnya terbatas harapan batas apapun tetaplah berharap terimalah kekecewaan terbatas kehilangan harapan terbatas,negatif,-7,negatif,2.2222227843856475
291,1859360633311170949,2742147296,danielgintingm,#MotivasiHariIni : dibutuhkan banyak keberanian untuk melewati masa-masa sulit. JANGAN PERNAH MENYERAH HAL-HAL BAIK SEDANG DALAM PERJALANAN DATANG PADAMU #TetapSemangat #TetapOptimis https://t.co/7nNkqsIeAX,2025-03-16 23:39:49,['7'],dibutuhkan keberanian melewati masamasa sulit menyerah halhal perjalanan padamu,negatif,-1,negatif,2.222222099552338
292,1858801848972701791,919786093582495745,RajawaliRAK,Bersatu adalah sebuah awal Menjaga kebersamaan adalah kemajuan Bekerja bersama adalah kesuksesan #RajawaliAdikarya #RAKteam #RAK #quotes #quote #motivasi #inspirasi #katamotivasi #erp #enterpriseresourceplanning #businessplan #inspirasisore #katamotivasi #motivasihariini https://t.co/VlbLB5fc76,2025-03-16 23:39:49,"['5', '76']",bersatu menjaga kebersamaan kemajuan kesuksesan,negatif,-4,negatif,2.222218037257394
293,1858640151649685935,2742147296,danielgintingm,#MotivasiHariIni : Setiap orang punya jalan hidupnya sendiri. Jadilah diri sendiri MIMPIKANLAH IMPIANMU LALU BANGUN WUJUDKAN MIMPIMU #TetapSemangat #TetapOptimis https://t.co/Q2ttucLP4h,2025-03-16 23:39:49,"['2', '4']",orang jalan hidupnya mimpikanlah impianmu bangun wujudkan mimpimu,netral,0,netral,2.207209087330681
294,1858281766920101966,2742147296,danielgintingm,#MotivasiHariIni : ALAH BISA KARENA BIASA PENGULANGAN ADALAH KUNCI UNTUK MENGUASAI Semakin sering melakukan akan semakin mahir. Jangan bosan untuk mengulangi hal yang bisa membawa diri meraih keberhasilan. #TetapSemangat #TetapOptimis https://t.co/aBfhHshkja,2025-03-16 23:39:49,[],alah pengulangan kunci menguasai mahir bosan mengulangi membawa meraih keberhasilan,negatif,-2,negatif,2.222212777335733
295,1857557686713569366,2742147296,danielgintingm,#MotivasiHariIni : PILIHANMU HARI INI MENENTUKAN MASA DEPANMU INGAT DIRIMU HARI INI ADALAH HASIL PILIHANMU DI MASA LALU hidup adalah soal pilihan dan setiap pilihan yang kita buat membentuk diri kita. #TetapSemangat #TetapOptimis https://t.co/oYlXfT9YTh,2025-03-16 23:39:49,['9'],pilihanmu menentukan depanmu dirimu hasil pilihanmu hidup pilihan pilihan membentuk,positif,8,positif,2.222248107560244
296,1857195130530513186,2742147296,danielgintingm,#MotivasiHariIni : KEKUATAN KETEKUNAN MAMPU MENGATASI SEGALA HAMBATAN TETAPLAH MELANGKAH DAN RAIHLAH KEMENANGANMU Tekadkan dalam hati bahwa tidak peduli apa yang menghadang tidak peduli seberapa sulit tidak peduli seberapa tidak adil #TetapSemangat #TetapOptimis https://t.co/gRf17PV8QK,2025-03-16 23:39:49,"['17', '8']",kekuatan ketekunan mengatasi hambatan tetaplah melangkah raihlah kemenanganmu tekadkan hati peduli menghadang peduli sulit peduli adil,negatif,-5,negatif,2.2222348440296473
297,1856903382176502130,1837790291157237760,liliserena20,Jangan tunda apa yang bisa dilakukan hari ini. Kadang-kadang kesempatan tidak datang dua kali. #MotivasiHariIni,2025-03-16 23:39:49,[],tunda kadangkadang kesempatan kali,netral,0,netral,2.1313546360107876
298,1856832841507824052,2742147296,danielgintingm,#MotivasiHariIni : SELALU ADA HARAPAN BAGI MEREKA YANG TETAP BERHARAP walau pikiran mengatakan tidak ada harapan tetaplah berharap. Harapan adalah sauh yang kuat dan aman bagi jiwa kita. #TetapSemangat #TetapOptimis https://t.co/8GSWndzIjB,2025-03-16 23:39:49,['8'],harapan berharap pikiran harapan tetaplah berharap harapan sauh kuat aman jiwa,negatif,-9,negatif,2.22221101655116
299,1856623063674343844,289406247,indowebsite,Jadilah Sejuk dan Membumi Ketika kita mampu membawa kesejukan dan kerendahan hati dalam setiap langkah kita akan menjadi pribadi yang lebih bermakna bagi diri sendiri dan orang lain. #SejukDalamDamai #TetapMembumi #RendahHati #KetenanganHati #MotivasiHariIni https://t.co/Rg557PKt9q,2025-03-16 23:39:49,"['557', '9']",sejuk membumi membawa kesejukan kerendahan hati langkah pribadi bermakna orang,positif,3,positif,2.222215177681373
300,1856260685589819574,289406247,indowebsite,Jangan pernah menyerah atau kehilangan harapan! #NeverGiveUp #TetapSemangat #HarapanSelaluAda #DoaDanUsaha #MotivasiHariIni #indowebsite https://t.co/j1GvCF3XAg,2025-03-16 23:39:49,"['1', '3']",menyerah kehilangan harapan,negatif,-8,negatif,2.2339585847169476
301,1856229877906895345,1590543355859329024,bmtarthaamanah,Mari buka hati dan pikiran untuk saling memberi dan menerima nasihat dalam kebenaran dan kesabaran agar menjadi pribadi yang lebih baik. #Qoutes #Motivasi #UmarBinKhattab #PerbaikanDiri #Kebenaran #Kesabaran #Ketaqwaan #BMTArthaAmanahSanden #Sanden #Bantul #DIY #MotivasiHariIni https://t.co/JJRhyL7wGU,2025-03-16 23:39:49,['7'],mari buka hati pikiran menerima nasihat kebenaran kesabaran pribadi,negatif,-1,negatif,2.2222017813621737
302,1855784749811499388,1111670600366325760,poltek_atim,Dalam menjalani Kehidupan selalu ada pasang surut yang akan kita hadapi. Dan Kita selalu punya pilihan untuk tetap bertahan. #PoliteknikATIMakassar #quotesoftheday #inspirasihidup #motivasihariini https://t.co/x8FL60IBT6,2025-03-16 23:39:49,"['8', '60', '6']",menjalani kehidupan pasang surut hadapi pilihan bertahan,positif,4,positif,2.222226573386514
303,1855216892522435057,1853631570575499264,Ferry2052800,Quote inspiratif hari ini: 'Jangan takut gagal karena kegagalan adalah langkah menuju sukses.' Setuju? #MotivasiHariIni,2025-03-16 23:39:49,[],quote inspiratif takut gagal kegagalan langkah sukses setuju,negatif,-4,negatif,2.2222100533447056
304,1855112334962016693,361198359,anzaniaprillia,#MotivasiHariIni aku mau sharing pengalaman dan tips diet ala aku yang bisa turun 14kg dalam waktu 5bulan dengan metode diet ini!! Cek kolom komentar!! #SemuaJadiMudah #diet #gayahidupsehat #dietjourney #perjalanandiet #pengalamandiet #DIETIF #IntermittentFasting https://t.co/XeaiD6sIEx,2025-03-16 23:39:49,"['14', '5', '6']",sharing pengalaman tips diet ala turun 14kg 5bulan metode diet cek kolom komentar,negatif,-9,negatif,2.222217520120056
305,1854655434214588669,2742147296,danielgintingm,#MotivasiHariIni : PERTIPIS KERAGUANMU DAN PERTEBAL RASA PERCAYA DIRIMU AGAR TAK TERHALANG LANGKAHMU MERAIH IMPIANMU Keraguan adalah penghalang jalan menuju keberhasilan. Ingat keraguanmu bs membunuh mimpimu. Yakinkan dirimu&amp; melangkahlah dgn pasti. #TetapSemangat #TetapOptimis https://t.co/sbM0f0AbSO,2025-03-16 23:39:49,"['0', '0']",pertipis keraguanmu pertebal percaya dirimu terhalang langkahmu meraih impianmu keraguan penghalang jalan keberhasilan keraguanmu bs membunuh mimpimu yakinkan dirimuamp melangkahlah dgn,negatif,-7,negatif,2.2222302506370744
306,1854293037775753417,2742147296,danielgintingm,#MotivasiHariIni : KETIKA SEGALA SESUATU TAMPAKNYA MELAWANMU INGATLAH PESAWATPUN LEPAS LANDAS MELAWAN ANGIN BUKAN BERSAMA ANGIN Apapun yang terjadi tetaplah tegar dan semangat serta lakukan usaha terbaikmu niscaya tujuanmu kan tercapai. #TetapSemangat #TetapOptimis https://t.co/1zjmetVppI,2025-03-16 23:39:49,['1'],melawanmu ingatlah pesawatpun lepas landas melawan angin angin apapun tetaplah tegar semangat lakukan usaha terbaikmu niscaya tujuanmu tercapai,negatif,-8,negatif,2.222200983685496
307,1854058685968023965,1602558922392424448,Higurumagf,Ga selamanya gua harus gini terus gua ga boleh lengah dalam hidup harus tetep berusaha meskipun ntar dah banyak uang #motivasihariini,2025-03-16 23:39:49,[],ga gua gini gua ga lengah hidup tetep berusaha ntar dah uang,negatif,-20,negatif,2.244979681919872
308,1853932948531351906,2742147296,danielgintingm,#MotivasiHariIni : PENANTIANMU TIDAKLAH SIA SIA SABARLAH MENANTI DAN TERIMALAH BUAH PENANTIANMU Kesabaran bukan tentang menunggu tetapi kemampuan untuk menjaga sikap yang baik saat menunggu. #TetapSemangat #TetapOptimis https://t.co/aeysFi9VuF,2025-03-16 23:39:49,['9'],penantianmu sia sia sabarlah terimalah buah penantianmu kesabaran menunggu kemampuan menjaga sikap menunggu,negatif,-11,negatif,2.2222177630945175
309,1853748172172271797,80530965,sayvul,#MotivasiHariIni : HIDUP ADALAH PERTANYAAN DAN BAGAIMANA KITA MENJALANINYA ADALAH JAWABANNYA Jalani hidup dengan cara terbaik yang kita bisa agar jawaban terbaik pula yang akan diterima. #TetapSemangat #TetapOptimis,2025-03-16 23:39:49,[],hidup menjalaninya jawabannya jalani hidup terbaik terbaik diterima,positif,4,positif,2.2222248850992643
310,1845965548536094959,1838147574353833984,firlidigitalzj,Marcus Aurelius said: Pikiranmu adalah kunci penting untuk kelangsungan hidupmu #marcusaurelius #ramawikuno #filsuf #motivasihariini #katakatahariini https://t.co/w0o0WS44E9,2025-03-16 23:39:49,"['0', '0', '44', '9']",marcus aurelius said pikiranmu kunci kelangsungan hidupmu,positif,3,positif,2.222231948172634
311,1845958685644018091,2742147296,danielgintingm,#MotivasiHariIni : Sukses dan kebahagiaan 2 hal yang mirip namun berbeda yang ingin diraih setiap insan. SUKSES ADALAH MENDAPATKAN APA YANG DIINGINKAN KEBAHAGIAAN ADALAH MENSYUKURI TERWUJUDNYA KEINGINAN #TetapSemangat #TetapOptimis https://t.co/ICrYM2POKt,2025-03-16 23:39:49,"['2', '2']",sukses kebahagiaan 2 berbeda diraih insan sukses kebahagiaan mensyukuri terwujudnya,positif,10,positif,2.222233486017681
312,1845593426710122896,2742147296,danielgintingm,#MotivasiHariIni : IMPIAN IBARAT SAYAP MEMBANTU BURUNG TETAP BISA TERBANG Pegang teguh impianmu jangan sampai mati karena jika impian mati hidupmu bagai burung bersayap patah tidak bisa terbang. #TetapSemangat #TetapOptimis https://t.co/cuxNWAeajb,2025-03-16 23:39:49,[],impian sayap membantu burung terbang pegang teguh impianmu mati impian mati hidupmu burung bersayap patah terbang,negatif,-14,negatif,2.222211481961845
313,1844891635068670336,2742147296,danielgintingm,#MotivasiHariIni : Ketika kita tahu diri kita tidak mudah terbawa arus opini orang lain. Kita memiliki integritas yang kukuh dalam nilai-nilai kita. KENALI DIRI SENDIRI. SIKAP TAHU DIRI MEMBANTU DIRI MERAIH MIMPI #TetapSemangat #TetapOptimis https://t.co/Gc6llNJyXW,2025-03-16 23:39:49,['6'],mudah terbawa arus opini orang memiliki integritas kukuh nilainilai kenali sikap membantu meraih mimpi,negatif,-5,negatif,2.222217560325429
314,1844522623943967064,2742147296,danielgintingm,#MotivasiHariIni : KESULITAN TIDAK SEHARUSNYA MELUMPUHKANMU TAPI MEMBANTUMU MENJADI PRIBADI MUMPUNI Hadapi kesulitan dengan gagah berani buktikan bahwa dirimu lebih kuat dari kesulitan itu. Jadilah pemenang melalui kesulitanmu. #TetapSemangat #TetapOptimis https://t.co/v7MqA3uz6u,2025-03-16 23:39:49,"['7', '3', '6']",kesulitan melumpuhkanmu membantumu pribadi mumpuni hadapi kesulitan gagah berani buktikan dirimu kuat kesulitan pemenang kesulitanmu,negatif,-17,negatif,2.2222316814905856
315,1844171229336567868,2742147296,danielgintingm,#MotivasiHariIni : Jika Anda selalu melakukan apa yang selalu Anda lakukan Anda akan selalu mendapatkan apa yang Anda inginkan. JIKA SELALU MELAKUKAN YANG TERBAIK HAL TERBAIK JUGA YANG KAN DIPEROLEH #TetapSemangat #TetapOptimis https://t.co/iPmNDxbiKP,2025-03-16 23:39:49,[],lakukan terbaik terbaik diperoleh,positif,10,positif,2.2309787279053257
316,1843782619823305145,2742147296,danielgintingm,#MotivasiHariIni : KEBERANIAN ADALAH MENOLAK RASA TAKUT PENGUASAAN RASA TAKUT TAPI BUKAN KETIADAAN RASA TAKUT memulai sesuatu memang butuh keberanian tanpanya Anda tak mungkin melangkah maju atasi ketakutan dengan kepercayaan diri dan keyakinan. #TetapSemangat #TetapOptimis https://t.co/bOd9sRHyR5,2025-03-16 23:39:49,"['9', '5']",keberanian menolak takut penguasaan takut ketiadaan takut butuh keberanian tanpanya melangkah maju atasi ketakutan kepercayaan keyakinan,negatif,-24,negatif,2.2222222340110203
317,1843509210753184241,1590543355859329024,bmtarthaamanah,Jadikan hari ini lebih bermakna dengan memperbanyak amal kebaikan karena setiap tindakan baik yang kita lakukan akan menjadi penghapus dosa-dosa kita. Jangan lupa dirikanlah salat pada waktunya dan penuhi hari-harimu dengan mengingat Allah. #AyatOfTheDay #MotivasiHariIni https://t.co/ahur4yZYIn,2025-03-16 23:39:49,['4'],jadikan bermakna memperbanyak amal kebaikan tindakan lakukan penghapus dosadosa lupa dirikanlah salat penuhi hariharimu allah,positif,19,positif,2.2021488958362623
318,1843058105829269614,2742147296,danielgintingm,#MotivasiHariIni : Jika kita tak pernah merasakan pahitnya kegagalan kita takkan pernah bisa merasakan manisnya keberhasilan karena DARI RASA PAHIT KEGAGALAN KITA BISA TAHU RASA MANIS KEBERHASILAN #TetapSemangat #TetapOptimis https://t.co/VBzZLufYz2,2025-03-16 23:39:49,['2'],merasakan pahitnya kegagalan takkan merasakan manisnya keberhasilan pahit kegagalan manis keberhasilan,negatif,-5,negatif,2.222217569959088
319,1842335525652632030,2742147296,danielgintingm,#MotivasiHariIni : KEGAGALAN MENGAJARKANMU BAGAIMANA AGAR TIDAK GAGAL LAGI Kegagalan terkadang tak terhindarkan tapi bijaklah mereka yang belajar dari kegagalan karena kegagalan adalah guru yang terbaik untuk mendapatkan keberhasilan. #TetapSemangat #TetapOptimis https://t.co/UEbIjjqlFB,2025-03-16 23:39:49,[],kegagalan mengajarkanmu gagal kegagalan terkadang terhindarkan bijaklah belajar kegagalan kegagalan guru terbaik keberhasilan,positif,10,negatif,2.0956719199352762
320,1842062389212283053,1719346529549639680,wisatadjogjacom,Kadang memang ada yang harus dikorbankan tapi keseimbangan adalah kuncinya. Adil atau tidak setiap orang akan menemukan jalannya sendiri. #KeseimbanganHidup #PerjalananHidup #AdilAtauTidak #RefleksiDiri #BelajarDariHidup #MotivasiHariIni #RenunganHidup https://t.co/Qq4YQPBVZn,2025-03-16 23:39:49,['4'],kadang dikorbankan keseimbangan kuncinya adil orang menemukan jalannya,positif,6,negatif,2.1557701871247303
321,1841608945875689482,2742147296,danielgintingm,#MotivasiHariIni : Berharap itu harus namun terlalu berharap akan menimbulkan kekecewaan HARAPAN SEPERTI TEMBIKAR YANG BAGUS SEMAKIN ERAT ANDA MEMEGANGNYA SEMAKIN BESAR KEMUNGKINAN AKAN RETAK #TetapSemangat #TetapOptimis https://t.co/GT26kNMlP9,2025-03-16 23:39:49,"['26', '9']",berharap berharap menimbulkan kekecewaan harapan tembikar bagus erat memegangnya retak,negatif,-17,negatif,2.2222136475447725
322,1840883293157491162,2742147296,danielgintingm,#MotivasiHariIni : DENGAN MELAKUKAN YANG TERBAIK ANDA TIDAK PERLU KHAWATIR AKAN KEGAGALAN Hanya dengan melakukan yang terbaik dalam setiap hal yang dilakukan keberhasilan bukanlah cuma harapan kosong belaka ianya akan datang dengan sendirinya. #TetapSemangat #TetapOptimis https://t.co/8pDDgP95gH,2025-03-16 23:39:49,"['8', '95']",terbaik khawatir kegagalan terbaik keberhasilan harapan kosong belaka ianya,netral,0,netral,2.115156640553679
323,1839799774670925847,2742147296,danielgintingm,#MotivasiHariIni : SIKAP MENTAL YANG BENAR MEMBANTUMU MERAIH MIMPIMU BERPIKIR POSITIF PERCAYA DIRI RASA SYUKUR DAN PANTANG MUNDUR CIRI ORANG MEMILIKI SIKAP MENTAL YANG BENAR #TetapSemangat #TetapOptimis https://t.co/ssHjIa35VX,2025-03-16 23:39:49,['35'],sikap mental membantumu meraih mimpimu berpikir positif percaya syukur pantang mundur ciri orang memiliki sikap mental,positif,11,negatif,2.1553325303530397
324,1839433174717464650,2742147296,danielgintingm,#MotivasiHariIni TETAP FOKUS PADA TUJUANMU FOKUSMU MENENTUKAN MASA DEPANMU Fokus pada kegagalan masa lalu justru akan membuat seseorang bertambah gagal. Fokuslah pada masa depan. #TetapSemangat #TetapOptimis https://t.co/yfX1UZOVhm,2025-03-16 23:39:49,['1'],fokus tujuanmu fokusmu menentukan depanmu fokus kegagalan bertambah gagal fokuslah,negatif,-13,negatif,2.2222270763412233
325,1901396595398332521,1791828108741611520,rx_innovate,Setiap ujian adalah tanda kekuatanmu. Jangan bertanya kenapa aku? tapi yakinlah bahwa Allah memilihmu karena kamu mampu #Motivasi #AlQuran #Hijrah #SelfReminder https://t.co/Ko3vDVAvyF,2025-03-16 23:42:46,['3'],ujian tanda kekuatanmu yakinlah allah memilihmu,positif,4,positif,2.2222362552423323
326,1901396545221935335,1791828108741611520,rx_innovate,Setiap ujian adalah tanda kekuatanmu. Jangan bertanya kenapa aku? tapi yakinlah bahwa Allah memilihmu karena kamu mampu. #Motivasi #AlQuran #Hijrah #SelfReminder https://t.co/2jBevlqHZV,2025-03-16 23:42:46,['2'],ujian tanda kekuatanmu yakinlah allah memilihmu,positif,4,positif,2.2222362552423323
327,1901479647415558640,3493431319,berkatabijak16,Pak Prabowo Berharap Koruptor Bertobat || CERITA NEGERI KONOHA #katakata #katakatamotivasi #katakatamutiara #katabijak #fyp #motivasi #lucu #quotesmotivasi #quotes #katakatamotivasi #katakata #History #quotesstory #simba69 #comedyvideo #standupcomedy #BUS_LIGHTTHEWORLD #imdev https://t.co/eidtUmTmpl,2025-03-17 04:14:43,['69'],prabowo berharap koruptor bertobat cerita negeri konoha,negatif,-7,negatif,2.2110599198153618
328,1901472901993541669,1876072552331935744,pktjtegal,@kemenhub151 @BPSDMP151 @PPSDMPD . . . HUMAS PKTJ #PROPRESTASI #Motivasi Tegal-Jawa Tengah,2025-03-17 04:14:43,"['151', '151']",humas pktj tegaljawa,netral,0,netral,2.1906298035563996
329,1901468542769443076,1231277641862221824,MoneyDuckID,Tapi uang sumber kebahagiaan... #moneyduck #uang #bahagia #motivasi #kutipan #aturuang https://t.co/ZDVVHwLPxW,2025-03-17 04:14:43,[],uang sumber kebahagiaan,positif,4,positif,2.2222309504801827
330,1901463913579032772,1762667610439876608,bpstasik,Sampurasun Sobat Data. Gimana awal minggunya? Semoga selalu sehat dan semangat ya Sobat Data. #cintadata #bpsjabar #tasikmalaya #motivasi #quotes https://t.co/J3v1s0o8He,2025-03-17 04:14:43,"['3', '1', '0', '8']",sampurasun sobat data gimana minggunya semoga sehat semangat ya sobat data,negatif,-12,negatif,2.224345696886732
331,1901445642167484526,2901113682,Rolink_Walter,9️⃣ Lu sendiri pernah ngalamin hal kayak gini nggak? Drop pendapat lu di reply kita ngobrol bareng! #AnakMuda #TujuanHidup #SelfGrowth #Motivasi #RolinkWalter,2025-03-17 04:14:43,['9'],9 lu ngalamin kayak gini nggak drop pendapat lu reply ngobrol bareng,negatif,-9,negatif,2.22221559804132
332,1901396595398332521,1791828108741611520,rx_innovate,Setiap ujian adalah tanda kekuatanmu. Jangan bertanya kenapa aku? tapi yakinlah bahwa Allah memilihmu karena kamu mampu #Motivasi #AlQuran #Hijrah #SelfReminder https://t.co/Ko3vDVAvyF,2025-03-17 04:14:43,['3'],ujian tanda kekuatanmu yakinlah allah memilihmu,positif,4,positif,2.2222362552423323
333,1901396545221935335,1791828108741611520,rx_innovate,Setiap ujian adalah tanda kekuatanmu. Jangan bertanya kenapa aku? tapi yakinlah bahwa Allah memilihmu karena kamu mampu. #Motivasi #AlQuran #Hijrah #SelfReminder https://t.co/2jBevlqHZV,2025-03-17 04:14:43,['2'],ujian tanda kekuatanmu yakinlah allah memilihmu,positif,4,positif,2.2222362552423323
334,1900815749838479604,1880094234952560640,KataBijak444,Tetap melangkah #trending #katakatabijak #motivasihariini #tetapmelangkah https://t.co/WCGqWZCJ2P,2025-03-17 04:18:16,['2'],melangkah,netral,0,netral,2.222222328827308
335,1900771183722983597,1856931953574055936,bRo38543,Tabur Tuai #motivasihariinijanganmengeluh #motivationalquotes #motivation #inspiration #katamutiara #motivasidirisendiri #quotes #katabijak #edukasi #motivasihidup #viralvideos #motivasi #semuaorang #education #inspirasi #trending #katakatabijak #Motivasidiri #MotivasiHariIni https://t.co/0gxR794VOU,2025-03-17 04:18:16,"['0', '794']",tabur tuai,netral,0,netral,2.222193703133421
336,1900118413256638932,1856931953574055936,bRo38543,Ilmu Padi #motivasihariinijanganmengeluh #motivationalquotes #motivation #inspiration#katamutiara #motivasidirisendiri #quotes #katabijak #edukasi #motivasihidup #viralvideos #motivasi #semuaorang #education #inspirasi #trending #katakatabijak #Motivasidiri #MotivasiHariIni https://t.co/a4hQ4zdTwG,2025-03-17 04:18:16,"['4', '4']",ilmu padi,positif,4,positif,2.22220525045866
337,1899959457737826733,2742147296,danielgintingm,#MotivasiHariIni : JADILAH KUAT ! HIDUP INI TERLALU SINGKAT JIKA DIGUNAKAN HANYA UNTUK MERATAP INGAT! SELALU ADA PELANGI SETELAH HUJAN #TetapSemangat #TetapOptimis #PantangMenyerah https://t.co/8oQnbNmRGI,2025-03-17 04:18:16,['8'],kuat hidup singkat meratap pelangi hujan,negatif,-8,negatif,2.2222185103555487
338,1899596669261660449,2742147296,danielgintingm,#MotivasiHariIni : ADA KALA MEMULAI ADA JUGA KALANYA MENGAKHIRI MENTARI PUN TAK SELAMANYA TERBIT ADA KALANYA IA TERBENAM #TetapSemangat #TetapOptimis #PantangMenyerah https://t.co/0xISu7SdCl,2025-03-17 04:18:16,"['0', '7']",kalanya mentari terbit kalanya terbenam,negatif,-5,negatif,2.222219737462194
339,1898139975394509078,2742147296,danielgintingm,#MotivasiHariIni : YANG PINTAR BELUM TENTU BERHASIL YANG TIDAK PINTAR BELUM TENTU GAGAL SEMUANYA TERGANTUNG KEMAUAN Semua orang memiliki kemampuan perbedaannya adalah bagaimana dia menggunakannya untuk mewujudkan keberhasilannya. #TetapSemangat #TetapOptimis #PantangMenyerah https://t.co/IkMJYoTdyK,2025-03-17 04:18:16,[],pintar berhasil pintar gagal tergantung kemauan orang memiliki kemampuan perbedaannya menggunakannya mewujudkan keberhasilannya,positif,3,positif,2.2222437525700482
340,1897507786654933395,1792377969056616449,topla_id,Kadang kita butuh sedikit dorongan ekstra untuk melangkah lebih jauh. Inilah saatnya untuk bangkit semangat dan terus maju! #MotivasiHariIni #Semangat #KataKataBijak #PositiveVibes #MindsetPositif #TetapSemangat #RaihImpian #MotivasiDiri #KataBijak #Topla #Produklokal https://t.co/bE2NJIzaXd,2025-03-17 04:18:16,['2'],kadang butuh dorongan ekstra melangkah bangkit semangat maju,negatif,-4,negatif,2.222200012964598
341,1896816104028479599,2742147296,danielgintingm,#MotivasiHariIni : KEKUATAN SEJATI TAK BERASAL DARI FISIK TAPI BERASAL DARI KETEGUHAN HATI TIADA YANG BISA MERUNTUHKAN KETEGUHAN HATI #TetapSemangat #TetapOptimis #PantangMenyerah https://t.co/aAzdqLYKQ0,2025-03-17 04:18:16,['0'],kekuatan sejati berasal fisik berasal keteguhan hati tiada meruntuhkan keteguhan hati,negatif,-13,negatif,2.2222182773923005
342,1896746082463584516,1856931953574055936,bRo38543,Ubah Cara berpikir #motivationalquotes #katamutiara #motivation #inspiration #motivasidirisendiri #quotes #katabijak #edukasi #motivasihidup #viralvideos #motivasi #semuaorang #education #inspirasi #trending #katakatabijak #Motivasidiri #MotivasiHariIni #tiktok #tiktokviral https://t.co/WjYHx7m1Yo,2025-03-17 04:18:16,"['7', '1']",ubah berpikir,netral,0,netral,2.222220275989723
343,1895616260467261728,2742147296,danielgintingm,#MotivasiHariIni : BEKERJA DENGAN BAIK HASILNYA BELUM TENTU BAIK TAPI BEKERJA DENGAN BURUK HASILNYA SUDAH PASTI BURUK #TetapSemangat #TetapOptimis #PantangMenyerah https://t.co/ZKdgG0j2xi,2025-03-17 04:18:16,"['0', '2']",hasilnya buruk hasilnya buruk,negatif,-10,negatif,2.2222235323269994
344,1894193459776688270,1183162696708980736,littlerockztars,kuliah seseru ini cuma dengerin presentasi ko milih bolos #motivasihariini,2025-03-17 04:18:16,[],kuliah seseru dengerin presentasi ko milih bolos,negatif,-7,negatif,2.2222189895344524
345,1894157296059781589,2742147296,danielgintingm,#MotivasiHariIni : JANGAN MENYERAH TETAPLAH SEMANGAT KEBAHAGIAAN AKAN HADIR SETELAH LELAHMU Berlarilah ketika kamu bisa berjalan jika harus merangkak jika perlu yang penting jangan pernah menyerah. #TetapSemangat #TetapOptimis #PantangMenyerah https://t.co/ILKNxlfx04,2025-03-17 04:18:16,['04'],menyerah tetaplah semangat kebahagiaan hadir lelahmu berlarilah berjalan merangkak menyerah,negatif,-11,negatif,2.224179516874294
346,1893888601609384120,1380373705587531778,smspay_id,Saat tantangan terasa berat dan jalan terasa terjal ingat kembali alasan mengapa kamu memulai! Setiap langkah kecil tetap membawa kita lebih dekat ke tujuan. Tetap semangat! #MotivasiHariIni #JanganMenyerah #IngatTujuanmu #SemangatKerja #NeverGiveUp #GrowthMindset #SMSPay https://t.co/ZEUQDxepNU,2025-03-17 04:18:16,[],tantangan berat jalan terjal alasan langkah membawa tujuan semangat,positif,3,positif,2.2222374540205534
347,1893072276494663799,2742147296,danielgintingm,#MotivasiHariIni : KEHIDUPAN TAK MEMBERIMU KESEMPATAN KEDUA TAPI IA KADANG MEMBERIKAN AWAL YANG BARU https://t.co/pmCYXszcAc,2025-03-17 04:18:16,[],kehidupan memberimu kesempatan kadang,positif,3,positif,2.222211107979007
348,1892706136828088435,2742147296,danielgintingm,#MotivasiHariIni : TANPA KEBERANIAN TAKKAN ADA KEMENANGAN TANPA PERJUANGAN TAKKAN ADA AKHIR BAHAGIA #TetapSemangat #TetapOptimis #PantangMenyerah https://t.co/2KOg64dVL8,2025-03-17 04:18:16,"['2', '64', '8']",keberanian takkan kemenangan perjuangan takkan bahagia,negatif,-1,negatif,2.222219019886875
349,1892347449177428391,2742147296,danielgintingm,#MotivasiHariIni : TIDAK ADA PROSES YANG MUDAH UNTUK TUJUAN YANG INDAH AKAN ADA HARI SULIT UNTUK MEMBUAT DIRI MENJADI LEBIH KUAT https://t.co/sTuJR5g7au,2025-03-17 04:18:16,"['5', '7']",proses mudah tujuan indah sulit kuat,negatif,-5,negatif,2.2222189880830627
350,1891997181264961701,2742147296,danielgintingm,#MotivasiHariIni : DIBALIK BAYANG-BAYANG SELALU ADA CAHAYA ........ https://t.co/0lBtozVoDx #TetapSemangat #TetapOptimis #PantangMenyerah,2025-03-17 04:18:16,['0'],dibalik bayangbayang cahaya,negatif,-3,negatif,2.2222334971137823
351,1891764415336415353,1255123679320686592,al3_fad,Selasa adalah hari untuk memperbaiki dan meningkatkan diri! Jangan ragu untuk mengambil langkah baru menuju kesuksesan. #SelasaSemangat #MotivasiHariIni https://t.co/hdQ2xIpZAq,2025-03-17 04:18:16,['2'],selasa memperbaiki meningkatkan ragu mengambil langkah kesuksesan,positif,1,positif,2.2222342229026
352,1891254878250422467,2742147296,danielgintingm,#MotivasiHariIni : HEI! KAMU ITU LUAR BIASA..... https://t.co/PBiTkliBCi #TetapSemangat #TetapOptimis #PantangMenyerah,2025-03-17 04:18:16,[],hei,netral,0,netral,2.2222286744010638
353,1890531758216487244,2742147296,danielgintingm,#MotivasiHariIni : TANPA RASA SAKIT ... https://t.co/WJ9uZwqSJr #TetapSemangat #TetapOptimis #PantangMenyerah,2025-03-17 04:18:16,['9'],sakit,negatif,-5,negatif,2.222221930939875
354,1889973539031363937,1694391186642063360,BANGYUSS88,COCOK LANGSUNG OTW MARKAS DARMONO BUAT JAM 7 BOS SEMOGA BERUNTUNG... #MOTIVASIHARIINI Najwa DAN SANDRA DEWI https://t.co/srK3OxW9PL,2025-03-17 04:18:16,"['7', '3', '9']",cocok langsung otw markas darmono jam 7 bos semoga beruntung najwa sandra dewi,positif,7,positif,2.222212072779325
355,1889221632537084007,1886247326039351296,ikawati_sari8,Hari ini adalah kesempatan baru untuk menjadi versi terbaik diri kita. #MotivasiHariIni,2025-03-17 04:18:16,[],kesempatan versi terbaik,positif,5,positif,2.222227140691762
356,1889198504947433569,1886239623825018880,heni_melati,Hari ini adalah kesempatan baru untuk menjadi versi terbaik diri kita. #MotivasiHariIni,2025-03-17 04:18:16,[],kesempatan versi terbaik,positif,5,positif,2.222227140691762
357,1889177191532941787,1885213471710863362,elinara_suci,Hari ini adalah kesempatan baru untuk menjadi versi terbaik diri kita. #MotivasiHariIni,2025-03-17 04:18:16,[],kesempatan versi terbaik,positif,5,positif,2.222227140691762
358,1889154716149690440,1885223836641333248,ferya_selvia,Hari ini adalah kesempatan baru untuk menjadi versi terbaik diri kita. #MotivasiHariIni,2025-03-17 04:18:16,[],kesempatan versi terbaik,positif,5,positif,2.222227140691762
359,1887993780542034102,2742147296,danielgintingm,#MotivasiHariIni : Terlalu memikirkan masa lalu hanya akan membutakan masa depanmu. Ingat ! SESEORANG DITENTUKAN OLEH SIAPA DIRINYA SEKARANG BUKAN DIRINYA YANG DULU #TetapSemangat #TetapOptimis #PantangMenyerah https://t.co/XgcxSijAwb,2025-03-17 04:18:16,[],memikirkan membutakan depanmu ditentukan,negatif,-3,negatif,2.2222406573282663
360,1887677148477174034,1887676550205874180,erisyajina,Kesuksesan itu bukan tentang seberapa cepat kita sampai tapi tentang seberapa jauh kita bertahan. #MotivasiHariIni,2025-03-17 04:18:16,[],kesuksesan cepat bertahan,negatif,-7,negatif,2.222209972275479
361,1887268804188905812,2742147296,danielgintingm,#MotivasiHariIni : TIADA KERUGIAN BESAR TANPA KEUNTUNGAN KECIL Bahkan di saat kehilangan masih ada sesuatu yang bisa diperoleh. Jangan berputus asa sikapi segala sesuatu dari sudut pandang positif. #TetapSemangat #TetapOptimis #PantangMenyerah https://t.co/NZhL7zcSz2,2025-03-17 04:18:16,"['7', '2']",tiada kerugian keuntungan kehilangan diperoleh berputus asa sikapi sudut pandang positif,negatif,-7,negatif,2.222229399707521
362,1886990305515159875,1255123679320686592,al3_fad,Rabu adalah pertengahan perjalanan jangan menyerah tetap semangat! Setiap langkah kecil hari ini mendekatkanmu pada impian besar. Teruslah berusaha karena hal baik selalu menanti mereka yang tak berhenti berjuang! #SemangatRabu #MotivasiHariIni https://t.co/58InoO2U9P,2025-03-17 04:18:16,"['58', '2', '9']",rabu pertengahan perjalanan menyerah semangat langkah mendekatkanmu impian teruslah berusaha berhenti berjuang,negatif,-1,negatif,2.2222144903137466
363,1885217460410089724,1877073553864142853,RicoRDP25,Hari ini mungkin berat tapi setiap langkah yang kamu ambil mendekatkanmu pada tujuan. Tetap maju tetap percaya! #MotivasiHariIni #YouCanDoIt,2025-03-17 04:18:16,[],berat langkah ambil mendekatkanmu tujuan maju percaya,positif,1,positif,2.222198696699514
364,1885191278566011267,1875366100827078656,LangkahSpiritua,Jangan menunggu perubahan dari luar. Jadilah perubahan itu sendiri. Pesan ini terus menginspirasiku dalam menulis MARUM. Baca ceritanya: [https://t.co/IeWvlkEVgu] #MotivasiHariIni #MARUM,2025-03-17 04:18:16,[],menunggu perubahan perubahan pesan menginspirasiku menulis marum baca ceritanya,positif,3,positif,2.222226103131323
365,1885094892680208624,2742147296,danielgintingm,#MotivasiHariIni : Setiap insan memilik kekurangan juga kelebihan MAKSIMALKAN POTENSI DAN KELEBIHAN DEMI TERWUJUDNYA KEBERHASILAN YANG DIIMPIKAN jangan berleha-leha lagi angkat semangatmu dan galilah potensimu. #TetapSemangat #TetapOptimis #PantangMenyerah https://t.co/rafEzLj9Bq,2025-03-17 04:18:16,['9'],insan memilik kekurangan kelebihan maksimalkan potensi kelebihan terwujudnya keberhasilan diimpikan berlehaleha angkat semangatmu galilah potensimu,negatif,-3,negatif,2.2222190697512993
366,1884780009359089816,1877073553864142853,RicoRDP25,Setiap hari adalah kesempatan baru untuk tumbuh belajar dan menjadi lebih baik. Jangan takut melangkah karena semua perubahan besar dimulai dari langkah kecil. Tetap semangat. #MotivasiHariIni #TetapSemangat #GrowAndGlow,2025-03-17 04:18:16,[],kesempatan tumbuh belajar takut melangkah perubahan langkah semangat,positif,6,positif,2.212227361659932
367,1882924834671432073,2742147296,danielgintingm,#MotivasiHariIni : AYO MELANGKAHLAH DENGAN PENUH SEMANGAT GAPAI MIMPIMU JANGAN CUMA DUDUK DAN BERHARAP BERTINDAKLAH! Keberhasilan tidak datang begitu saja bagai sebuah keajaiban wujudkan mimpimu dan keajaiban kan terjadi. #TetapSemangat #TetapOptimis #PantangMenyerah https://t.co/nJxH6vgbLr,2025-03-17 04:18:16,['6'],ayo melangkahlah penuh semangat gapai mimpimu duduk berharap bertindaklah keberhasilan keajaiban wujudkan mimpimu keajaiban,negatif,-5,negatif,2.2222345286412377
368,1882629067540987965,1877073553864142853,RicoRDP25,Setiap langkah kecil adalah awal dari sesuatu yang besar. Mulai saja sisanya akan mengikuti. #KeepGoing #MotivasiHariIni,2025-03-17 04:18:16,[],langkah sisanya mengikuti,positif,7,positif,2.222225365228806
369,1882593909395890407,2742147296,danielgintingm,#MotivasiHariIni : DARI KESALAHAN KITA BELAJAR MANA YANG BENAR BUKANKAH DARI RASA PAHIT KITA TAHU YANG MANIS? #TetapSemangat #TetapOptimis #PantangMenyerah https://t.co/VDUXZsoQpj,2025-03-17 04:18:16,[],kesalahan belajar pahit manis,negatif,-7,negatif,2.226004641761705
370,1882308419832701213,1833853418529800192,jaylas1205,Hari ini adalah kesempatan baru untuk membuat hari esok lebih baik. Jangan menunggu kesempatan ciptakanlah. Setiap hari adalah kesempatan untuk memulai kembali. #MotivasiHariIni #InspirasiHidup #KataKataMotivasi #HariBaruHariBaik #SemangatHidup https://t.co/Moc8ap3fa2,2025-03-17 04:18:16,"['8', '3', '2']",kesempatan esok menunggu kesempatan ciptakanlah kesempatan,negatif,-5,negatif,2.222222119943152
371,1881995688336388135,1478570521381851137,bdk_surabaya,Halo #koncobdk Setiap detik yang kita miliki adalah kesempatan berharga. Jangan biarkan waktu berlalu begitu saja tanpa makna. Ayo ambil langkah pertama dan wujudkan apa yang kita impikan! #MotivasiHariIni #TindakanUntukMasaDepan #WaktuBerkualitas #SemangatBeraksi https://t.co/12sEmAWrn6,2025-03-17 04:18:16,"['12', '6']",halo detik miliki kesempatan berharga biarkan makna ayo ambil langkah wujudkan impikan,positif,9,positif,2.2222075317991754
372,1881829282261192795,1508101274847559683,AyedAmad_,Hari ini adalah peluang baru untuk melangkah lebih dekat ke impianmu. Jangan sia-siakan waktu karena setiap detik yang diisi dengan usaha akan mendekatkanmu pada keberhasilan. #MotivasiHariIni #LangkahBaru #JanganMenyerah #MenujuImpian,2025-03-17 04:18:16,[],peluang melangkah impianmu siasiakan detik diisi usaha mendekatkanmu keberhasilan,negatif,-4,negatif,2.2222201961768207
373,1881471463791984734,2742147296,danielgintingm,#MotivasiHariIni : Bangkitlah dari keterperukanmu hari ini hari yang baru yakinkan dirimu SELALU ADA PELUANG BARU DI SETIAP HARI YANG BARU JEMPUTLAH PELUANGMU! #TetapSemangat #TetapOptimis #PantangMenyerah https://t.co/fGbaZb02PG,2025-03-17 04:18:16,['02'],bangkitlah keterperukanmu yakinkan dirimu peluang jemputlah peluangmu,negatif,-1,negatif,2.222217687970323
374,1881219075512422548,1879019446402179072,amir_saleh77,Hari ini adalah hari untuk mencapai impianmu! #MotivasiHariIni,2025-03-17 04:18:16,[],mencapai impianmu,netral,0,netral,2.2222063848042404
375,1881219069774631184,1879020252438425600,odelia_halena,Hari ini adalah hari untuk mencapai impianmu! #MotivasiHariIni,2025-03-17 04:18:16,[],mencapai impianmu,netral,0,netral,2.2222063848042404
376,1881109704145064442,2742147296,danielgintingm,#MotivasiHariIni : TEGARLAH TERUSLAH MELANGKAH semua yang Anda butuhkan akan datang kepada Anda pada waktu yang tepat percayalah. #TetapSemangat #TetapOptimis #PantangMenyerah https://t.co/1gnJlp2iZG,2025-03-17 04:18:16,"['1', '2']",tegarlah teruslah melangkah butuhkan percayalah,netral,0,netral,2.2222275664622972
377,1880665815562985957,1833853418529800192,jaylas1205,Jangan takut untuk bermimpi besar. Kreativitas adalah kunci kesuksesan. Teruslah berinovasi tidak ada batasan untuk berkarya. #MotivasiHariIni #InspirasiPagi #SemangatBaru #KesempatanBaru #JanganMenyerah https://t.co/p06ucpHk93,2025-03-17 04:18:16,"['06', '93']",takut bermimpi kreativitas kunci kesuksesan teruslah berinovasi batasan berkarya,positif,9,positif,2.2222258074178836
378,1880537679647142117,1880531054202888192,Ml76530Ml,Bangkitkan semangatmu! Tonton animasi motivasi ini sekarang! https://t.co/tTS1suZtGM #MotivasiHariIni #AnimasiInspirasional,2025-03-17 04:18:16,['1'],bangkitkan semangatmu tonton animasi motivasi,negatif,-7,negatif,2.224642823544928
379,1880381692701294889,2742147296,danielgintingm,#MotivasiHariIni : LAKUKAN PROSESNYA DENGAN USAHA DAN UPAYA TERBAIK AGAR MENDAPATKAN HASIL TERBAIK INGAT PROSES TAKKAN PERNAH MENGKHIANATI HASIL Terkadang kita mengalami kegagalan karena kita terlalu mengkhawatirkan keberhasilan itu sendiri. https://t.co/iv5Yk8oYAh,2025-03-17 04:18:16,"['5', '8']",lakukan prosesnya usaha upaya terbaik hasil terbaik proses takkan mengkhianati hasil terkadang mengalami kegagalan mengkhawatirkan keberhasilan,positif,4,positif,2.2222253155410168
380,1880021537560080393,2742147296,danielgintingm,#MotivasiHariIni : Cerita sukses sering kali kita dengar namun sayangnya itu bukanlah cerita sukses kita sendiri. AYO BANGKIT SEMANGATLAH CIPTAKAN CERITA SUKSESMU SENDIRI. #TetapSemangat #TetapOptimis #PantangMenyerah https://t.co/vHzvM5QRmr,2025-03-17 04:18:16,['5'],cerita sukses kali dengar sayangnya cerita sukses ayo bangkit semangatlah ciptakan cerita suksesmu,negatif,-7,negatif,2.2222214231539112
381,1879297271462027660,2742147296,danielgintingm,#MotivasiHariIni : KEGIGIHANMU ADALAH KUNCI DALAM PROSES MEWUJUDKAN MIMPIMU Tetap semangat tiada yang bisa mengalahkan kegigihan tidak juga bakat kejeniusan atau kepandaian. Ketekunan dan tekad melebihi semua itu. #TetapSemangat #TetapOptimis #PantangMenyerah https://t.co/LzjNq1q4GW,2025-03-17 04:18:16,"['1', '4']",kegigihanmu kunci proses mewujudkan mimpimu semangat tiada mengalahkan kegigihan bakat kejeniusan kepandaian ketekunan tekad melebihi,negatif,-9,negatif,2.2222171182573915
382,1877320667260985408,1475675071125413888,FelixPantow_,Tidak ada langkah kecil yang sia-sia jika dilakukan dengan tekad yang besar. Teruslah melangkah karena setiap usaha mendekatkan kita pada tujuan yang luar biasa. #MotivasiHariIni #JanganMenyerah https://t.co/4raQCIg6Hb,2025-03-17 04:18:16,"['4', '6']",langkah siasia tekad teruslah melangkah usaha mendekatkan tujuan,negatif,-3,negatif,2.222189364814672
383,1877120783253639352,2742147296,danielgintingm,#MotivasiHariIni : KEKHAWATIRAN HANYALAH SEMENTARA NAMUN PENYESALAN AKAN BERLAKU SEUMUR HIDUP Selagi ada kesempatan raihlah peluang jangan biarkan berlalu begitu saja agar tidak menyesal nantinya. #TetapSemangat #TetapOptimis #PantangMenyerah https://t.co/3wkMd9a8Fc,2025-03-17 04:18:16,"['3', '9', '8']",kekhawatiran penyesalan berlaku seumur hidup selagi kesempatan raihlah peluang biarkan menyesal,negatif,-17,negatif,2.222246517770523
384,1876760618683769021,2742147296,danielgintingm,#MotivasiHariIni : Apa yang tidak berhasil dilakukan hari ini kelak suatu hari kan berhasil TETAPLAH MENCOBA! #TetapSemangat #TetapOptimis #PantangMenyerah https://t.co/hbr452nJq5,2025-03-17 04:18:16,"['452', '5']",berhasil kelak berhasil tetaplah mencoba,positif,6,positif,2.22222364987466
385,1876484285810835725,1749369327101554688,JendelaKataID,7/366 Keramik pecah bisa jadi karya seni yang lebih indah kalau kita tahu cara merangkainya. Sama seperti hidup semua bisa diperbaiki. #KintsugiHidup #MotivasiHariIni,2025-03-17 04:18:16,"['7', '366']",7366 keramik pecah karya seni indah merangkainya hidup diperbaiki,negatif,-7,negatif,2.222221889816175
386,1876396609648644106,2742147296,danielgintingm,#MotivasiHariIni : Namanya kesempatan selalu tak terduga kedatangannya siap sedialah selalu untuk menangkap setiap kesempatan yang datang karena KESEMPATAN YANG DIGUNAKAN DENGAN BAIK BISA MENDATANGKAN KEBERHASILAN. #TetapSemangat #TetapOptimis #PantangMenyerah https://t.co/4ebU9wehN4,2025-03-17 04:18:16,"['4', '9', '4']",namanya kesempatan terduga kedatangannya sedialah menangkap kesempatan kesempatan keberhasilan,negatif,-3,negatif,2.222218650527989
387,1876153430634639501,2151432885,wendymuhammadwm,Kata siapa aku kuat? Malamku penuh tangis siangku tertutup tawa. Kadang kita terlihat tegar padahal hati sedang rapuh. Tapi percayalah badai pasti berlalu. #DrakorVibes #HidupItuPerjuangan #PelangiSetelahHujan #EmosiDrakor #FYP #QuotesKehidupan #MotivasiHariIni https://t.co/2TDp3nXE5B,2025-03-17 04:18:16,"['2', '3', '5']",kuat malamku penuh tangis siangku tertutup tawa kadang tegar hati rapuh percayalah badai,negatif,-20,negatif,2.222242878988078
388,1876146324669968510,1867759951713906691,klikebookid,Hidup stuck itu berat tapi jangan biarkan itu mendefinisikanmu. Ambil 3 langkah kecil ini mulai hari ini dan lihat perubahan besar dalam hidupmu. #BangkitDariStuck #MotivasiHariIni #PerubahanHidup #TipsKesuksesan #BlueprintKesuksesan https://t.co/02PqykOQQQ,2025-03-17 04:18:16,"['3', '02']",hidup stuck berat biarkan mendefinisikanmu ambil 3 langkah lihat perubahan hidupmu,negatif,-1,negatif,2.234872308481855
389,1876036841713078359,2742147296,danielgintingm,#MotivasiHariIni : NIKMATNYA KEBERHASILAN SEBENARNYA TERLETAK PADA PROSES MERAIHNYA BUKAN PADA HASILNYA Cara sukses mungkin bisa ditiru orang lain namun kenikmatan proses mencapainya harus dialami masing-masing. #TetapSemangat #TetapOptimis #PantangMenyerah https://t.co/d5cb1OKIuc,2025-03-17 04:18:16,"['5', '1']",nikmatnya keberhasilan terletak proses meraihnya hasilnya sukses ditiru orang kenikmatan proses mencapainya dialami masingmasing,positif,9,positif,2.2222467786430053
390,1875940595543470563,1874890615223390208,whoopxixixi,Awal tahun masih terasa segar tapi ingat bukan cuma kalender yang harus berubah mindset juga! Fokus konsisten dan bikin tahun ini lebih baik dari sebelumnya. #MotivasiHariIni #AwalTahun,2025-03-17 04:18:16,[],segar kalender berubah mindset fokus konsisten bikin,positif,2,positif,2.18492304537171
391,1875745747829964872,1729531817089507328,kureiruu,ngerakit meja belajar 2 jam sendirian ga kelar2 hampir mninggal anj tapi ak ingat minase aja bisa kok bertahan hidup 5 tahun tanpa hirukawa masa ak gabisa #MotivasiHariIni #JanganMenyerah https://t.co/lBkjHzHwjk,2025-03-17 04:18:16,"['2', '2', '5']",ngerakit meja belajar 2 jam ga kelar2 mninggal anj ak minase aja bertahan hidup 5 hirukawa ak gabisa,negatif,-4,negatif,2.222231835288747
392,1875483282131054783,1056903218574151681,toni071982,Jangan takut untuk gagal karena dari kegagalan kita belajar dan tumbuh. Tetap fokus percaya pada dirimu sendiri dan kerjakan yang terbaik. Setiap harinya adalah kesempatan untuk menjadi versi terbaik dari dirimu! #MotivasiHariIni #SemangatPagi,2025-03-17 04:18:16,[],takut gagal kegagalan belajar tumbuh fokus percaya dirimu kerjakan terbaik harinya kesempatan versi terbaik dirimu,positif,3,positif,2.234089576228175
393,1875062824915091862,1749369327101554688,JendelaKataID,Jangan takut gagal karena setiap kegagalan adalah langkah kecil menuju kesuksesan. Tetap bergerak tetap percaya dan jangan menyerah pada mimpimu. #MotivasiHariIni #SemangatHidup #NeverGiveUp,2025-03-17 04:18:16,[],takut gagal kegagalan langkah kesuksesan bergerak percaya menyerah mimpimu,negatif,-6,negatif,2.222210088008231
394,1873742347709943924,1056903218574151681,toni071982,Selamat pagi! Mulai hari ini dengan semangat dan motivasi. Ingatlah bahwa kesuksesan dimulai dari langkah pertama. Jangan ragu untuk memulai! #MotivasiHariIni #Senin #Semangat #Kesuksesan #Inspirasi https://t.co/B0hqNGw01D,2025-03-17 04:18:16,"['0', '01']",selamat pagi semangat motivasi ingatlah kesuksesan langkah ragu,negatif,-1,negatif,2.225719301001774
395,1873149754445840804,2268898844,Erwinbinjai,Hai temen-temen! Selamat pagi dari Regarcommerce! Mulai hari ini dengan semangat 1000 watt &amp; keceriaan yang nge-boost mood! Dapatkan motivasi di sini! #Regarcommerce #MotivasiHariIni #SemangatBaru https://t.co/o08XliI4oO https://t.co/4HpamjIXyb,2025-03-17 04:18:16,"['1000', '08', '4', '4']",hai tementemen selamat pagi regarcommerce semangat 1000 watt amp keceriaan ngeboost mood dapatkan motivasi,positif,4,positif,2.2038386698286185
396,1873149575336472708,1616370152710471680,Erwinregar8,Hai temen-temen! Selamat pagi dari Regarcommerce! Dapatkan suntikan semangat anti-mager untuk hari ini! Yuk mulai hari dengan keceriaan &amp; raih produktivitas maksimal! ️ [https://t.co/uU6WeBriRN](https://t.co/uU6WeBriRN) #Regarcommerce #SemangatPagi #MotivasiHariIni https://t.co/sB0k36nIdh,2025-03-17 04:18:16,"['6', '6', '0', '36']",hai tementemen selamat pagi regarcommerce dapatkan suntikan semangat antimager yuk keceriaan amp raih produktivitas maksimal,positif,14,positif,2.2222237133842246
397,1873050543859679712,1712821947661484032,catcimol,jangan pernah masuk ke dunia retail kalo lu gamau mati muda #motivasihariini,2025-03-17 04:18:16,[],masuk dunia retail kalo lu gamau mati muda,negatif,-16,negatif,2.222225988339469
398,1872696280268587508,2151432885,wendymuhammadwm,Setiap langkah adalah doa. Jangan menyerah. Bersyukurlah jika kamu sudah sampai di sana. #PerjuanganHidup #MotivasiHidup #DramaKehidupan #KisahInspiratif #FYP #Viral #PencariKerja #BersyukurSelalu #DrakorQuotes #SemangatTerus #PejuangKerja #HarapanBaru #MotivasiHariIni https://t.co/zWAyWTCkYg,2025-03-17 04:18:16,[],langkah doa menyerah bersyukurlah,negatif,-4,negatif,2.229709461976416
399,1872247557038248165,1787356659456802816,Kefashowanta,Parasit yang beban aja bisa hidup masa lu takut #MotivasiHariIni,2025-03-17 04:18:16,[],parasit beban aja hidup lu takut,negatif,-12,negatif,2.2257165261482337
400,1871553723513938399,1597531078943592448,AnhietaHsndn,Ketakutanmu adalah musuh terbesarmu. Hadapi bukan lari. #anhietahasanuddin #quotes #motivasihariini #motivasi #inspirasi https://t.co/dO5hiEOJXi,2025-03-17 04:18:16,['5'],ketakutanmu musuh terbesarmu hadapi lari,negatif,-6,negatif,2.22220575951858
401,1871553386551848971,1597531078943592448,AnhietaHsndn,Hanya kamu yang bisa menentukan seberapa jauh kamu akan pergi. #anhietahasanuddin #quotes #motivasihariini #motivasi #inspirasi https://t.co/CShqQPsUJd,2025-03-17 04:18:16,[],menentukan pergi,negatif,-3,negatif,2.222223896935553
402,1871553053645774971,1597531078943592448,AnhietaHsndn,Keberhasilan dimulai dari pikiran. Apa yang kamu pikirkan itu yang kamu wujudkan. #anhietahasanuddin #quotes #motivasihariini #motivasi #inspirasi https://t.co/biBY4QhFgc,2025-03-17 04:18:16,['4'],keberhasilan pikiran pikirkan wujudkan,netral,0,netral,2.2222167333666163
403,1871552740389990432,1597531078943592448,AnhietaHsndn,Dunia ini milik mereka yang berani mencoba. #anhietahasanuddin #quotes #motivasihariini #motivasi #inspirasi https://t.co/VnWGA8qbFr,2025-03-17 04:18:16,['8'],dunia milik berani mencoba,negatif,-1,negatif,2.2221964824699505
404,1871552411543990469,1597531078943592448,AnhietaHsndn,Waktu akan selalu menunjukkan mana yang tulus dan mana yang palsu. #anhietahasanuddin #quotes #motivasihariini #motivasi #inspirasi https://t.co/VfJ3TroXVu,2025-03-17 04:18:16,['3'],tulus palsu,positif,4,positif,2.2222201172328857
405,1871552026704003521,1597531078943592448,AnhietaHsndn,Kadang kalah adalah pelajaran terbaik untuk menang. #anhietahasanuddin #quotes #motivasihariini #motivasi #inspirasi https://t.co/TOpWak0l1n,2025-03-17 04:18:16,"['0', '1']",kadang kalah pelajaran terbaik menang,positif,1,positif,2.222229378741377
406,1871551582514581708,1597531078943592448,AnhietaHsndn,Jika kamu ingin hasil besar siaplah dengan pengorbanan besar. #anhietahasanuddin #quotes #motivasihariini #motivasi #inspirasi https://t.co/mbR2CEywFo,2025-03-17 04:18:16,['2'],hasil siaplah pengorbanan,positif,3,positif,2.2138390703909736
407,1871551252213203429,1597531078943592448,AnhietaHsndn,Kamu nggak akan pernah tahu seberapa kuat kamu sampai kekuatan jadi satu-satunya pilihan. #anhietahasanuddin #quotes #motivasihariini #motivasi #inspirasi https://t.co/0vSsJmRUu7,2025-03-17 04:18:16,"['0', '7']",nggak kuat kekuatan satusatunya pilihan,positif,2,positif,2.22222720716139
408,1871550905746931880,1597531078943592448,AnhietaHsndn,Rasa takut adalah penjara. Ambisi adalah kunci kebebasan. #anhietahasanuddin #quotes #motivasihariini #motivasi #inspirasi https://t.co/bGrB1QkpY9,2025-03-17 04:18:16,"['1', '9']",takut penjara ambisi kunci kebebasan,negatif,-1,negatif,2.222231388820335
409,1871550517903851793,1597531078943592448,AnhietaHsndn,Jangan hidup untuk membuktikan sesuatu ke orang lain. Hiduplah untuk dirimu sendiri. #anhietahasanuddin #quotes #motivasihariini #motivasi #inspirasi https://t.co/yFC82gseYW,2025-03-17 04:18:16,['82'],hidup membuktikan orang hiduplah dirimu,negatif,-9,negatif,2.2222217071014994
410,1871550085752127661,1597531078943592448,AnhietaHsndn,Kegagalan terbesarmu adalah saat kamu berhenti mencoba. #anhietahasanuddin #quotes #motivasihariini #motivasi #inspirasi https://t.co/yuA6zYK50r,2025-03-17 04:18:16,"['6', '50']",kegagalan terbesarmu berhenti mencoba,netral,0,netral,2.22222555299944
411,1870252387757379958,2742147296,danielgintingm,#MotivasiHariIni : JANGAN BIARKAN KERAGUANMU MENGHALANGI LANGKAHMU PERTEBAL KEYAKINANMU AGAR MENIPIS KERAGUANMU keraguan hanya membuatmu kehilangan hal baik yg mungkin dimenangkan dengan takut mencoba.Buang jauh keraguanmu sebelum ia merebut mimpimu #TetapSemangat #TetapOptimis https://t.co/1E1xZTrCBQ,2025-03-17 04:18:16,"['1', '1']",biarkan keraguanmu menghalangi langkahmu pertebal keyakinanmu menipis keraguanmu keraguan membuatmu kehilangan yg dimenangkan takut mencobabuang keraguanmu merebut mimpimu,negatif,-17,negatif,2.2245966207071417
412,1869895495478612196,1536545794295312385,indagjabar,Bahagia itu sederhana Kebahagiaan datang dari iman yang tertanam di hati dan amal kebaikan yang kita lakukan untuk diri sendiri dan orang lain. Mulai dari sekarang yuk perbanyak amal saleh #JumatPenuhMakna #MotivasiHariIni #jawabarat #IndagPESAT #disperindagjabar https://t.co/OIPHizudjY,2025-03-17 04:18:16,[],bahagia sederhana kebahagiaan iman tertanam hati amal kebaikan lakukan orang yuk perbanyak amal saleh,positif,4,positif,2.2222236430017417
413,1869876599140823242,2742147296,danielgintingm,#MotivasiHariIni : KEYAKINAN AKAN MERAIH KEBERHASILAN ADALAH MODAL DASAR DALAM MELAKUKAN APAPUN Keraguan tidak akan meneguhkan keyakinan malah sebaliknya akan melemahkan. Singkirkan keraguan sebelum melangkah. #TetapSemangat #TetapOptimis https://t.co/jR7pIZZNmy,2025-03-17 04:18:16,['7'],keyakinan meraih keberhasilan modal dasar apapun keraguan meneguhkan keyakinan melemahkan singkirkan keraguan melangkah,negatif,-6,negatif,2.22219946547382
414,1869832691090366833,1067221938,gal_galih,Setiap hari adalah kesempatan baru untuk belajar dan tumbuh. Mari kita hadapi tantangan dengan semangat dan tekad yang kuat. #MotivasiHariIni #SemangatBaru,2025-03-17 04:18:16,[],kesempatan belajar tumbuh mari hadapi tantangan semangat tekad kuat,negatif,-5,negatif,2.232063572069554
415,1869639687306129429,1752691829596938240,AsadUmay,@omanbdur @fauzii_khsan @tanyarlfes Kalau orang lain bisa Ya pasti..... KITA BELUM TENTU #motivasihariini,2025-03-17 04:18:16,[],orang ya,positif,4,positif,2.2222487288921027
416,1869265849590374908,1762671082585411584,beritarealita,Setiap langkah kecil yang kamu ambil hari ini akan membawa kamu lebih dekat ke impianmu. Jangan pernah berhenti mencoba! #MotivasiHariIni #Semangat,2025-03-17 04:18:16,[],langkah ambil membawa impianmu berhenti mencoba,negatif,-1,negatif,2.2222040238620635
417,1868849983577084338,3272433726,pesanstempel,Mulai dari langkah kecil karena ide hebat tak akan berarti tanpa tindakan. #MotivasiHariIni #Flashindo #KutipanInspiratiff #BerkreasiTanpaBatas https://t.co/hK9gKttzwy,2025-03-17 04:18:16,['9'],langkah ide hebat tindakan,positif,7,positif,2.2222075278073983
418,1868422931581378690,2742147296,danielgintingm,#MotivasiHariIni : KEGAGALAN HANYALAH PEMBUKTIAN BAHWA CARA YANG DIAMBIL BELUM TEPAT MASIH BANYAK CARA LAINNYA COBA LAGI! Bila telah diperjuangkan dengan sungguh-sungguh baik hasilnya berhasil atau gagal sesungguhnya semangat perjuangan itu adalah keberhasilan tersendiri https://t.co/S1KxSY2X70,2025-03-17 04:18:16,"['1', '2', '70']",kegagalan pembuktian diambil coba diperjuangkan sungguhsungguh hasilnya berhasil gagal sesungguhnya semangat perjuangan keberhasilan tersendiri,positif,1,positif,2.2222369120506955
419,1867700205480808579,2742147296,danielgintingm,#MotivasiHariIni : Untuk bermimpi gratis tidak perlu bayar namun untuk mewujudkan mimpi butuh perjuangan dan pengorbanan yang harus dibayar. PERJUANGAN DAN PENGORBANAN YANG DIBAYAR UNTUK MEWUJUDKAN MIMPI ADALAH INVESTASI YANG KELAK DIPETIK HASILNYA #TetapSemangat #TetapOptimis https://t.co/8KEI2PZztH,2025-03-17 04:18:16,"['8', '2']",bermimpi gratis bayar mewujudkan mimpi butuh perjuangan pengorbanan dibayar perjuangan pengorbanan dibayar mewujudkan mimpi investasi kelak dipetik hasilnya,netral,0,netral,2.222208142009764
420,1867336118150344721,2742147296,danielgintingm,#MotivasiHariIni : perubahan besar mungkin tidak terjadi serta merta tetapi dengan usaha bahkan yang sulit dapat menjadi mudah. DENGAN KEYAKINAN DIRI MAKA SEGALA KESULITAN AKAN DAPAT DILALUI WALAU BERAT SEKALIPUN #TetapSemangat #TetapOptimis https://t.co/MeDUW0Gc5F,2025-03-17 04:18:16,"['0', '5']",perubahan merta usaha sulit mudah keyakinan kesulitan berat,negatif,-6,negatif,2.223126904866846
421,1866972590679740762,2742147296,danielgintingm,#MotivasiHariIni : Jangan biarkan rintangan dan tantangan menghentikanmu mereka tidak lebih besar darimu. JAGA API SEMANGATMU TETAP MENYALA DENGAN BEGITU ENGKAU TELAH MENJAGA IMPIAMU TETAP HIDUP #TetapSemangat #TetapOptimis https://t.co/mtuaReH5NC,2025-03-17 04:18:16,['5'],biarkan rintangan tantangan menghentikanmu darimu jaga api semangatmu menyala engkau menjaga impiamu hidup,negatif,-21,negatif,2.2222183336989083
422,1866248884441460812,2742147296,danielgintingm,#MotivasiHariIni : tidak ada yang bisa kembali dan memulai awal yang baru tetapi siapapun dapat memulai hari ini dan membuat akhir yang baru. HAL TERBAIK YANG DILAKUKAN SETIAP SAAT AKAN MEMBERIKAN AKHIR YANG TERBAIK PULA #TetapSemangat #TetapOptimis https://t.co/pTqOrmue22,2025-03-17 04:18:16,['22'],terbaik terbaik,positif,10,positif,2.240689212496
423,1865887493255844169,2742147296,danielgintingm,#MotivasiHariIni : YAKINLAH PADA MIMPIMU KERJAKAN MIMPIMU BAWA DALAM DOA MIMPIMU NISCAYA MIMPIMU KAN TERWUJUD NYATA #TetapSemangat #TetapOptimis https://t.co/68JMOuuub3,2025-03-17 04:18:16,"['68', '3']",yakinlah mimpimu kerjakan mimpimu bawa doa mimpimu niscaya mimpimu terwujud nyata,negatif,-9,negatif,2.2222214643275326
424,1864073577949229337,2742147296,danielgintingm,#MotivasiHariIni : SELAMA MASIH ADA KESEMPATAN TETAPLAH BERJUANG DAN PANTANG MENYERAH Kesempatan selalu ada bagi mereka yang tetap semangat memperjuangkan mimpinya. Ayo pacu lagi semangatmu kawan! #TetapSemangat #TetapOptimis https://t.co/qVyRoNe7S0,2025-03-17 04:18:16,"['7', '0']",kesempatan tetaplah berjuang pantang menyerah kesempatan semangat memperjuangkan mimpinya ayo pacu semangatmu kawan,negatif,-5,negatif,2.222230740208985
425,1863520729649893842,4757549449,theprawito,Tantangan hari ini adalah pelajaran untuk esok hari. Tetaplah melangkah karena setiap langkah kecil membawa kita lebih dekat ke tujuan besar. #MotivasiHariIni #KeepMovingForward,2025-03-17 04:18:16,[],tantangan pelajaran esok tetaplah melangkah langkah membawa tujuan,positif,4,positif,2.2222105497651397
426,1863175936730149190,1341802860,wroger0129,Jangan pernah meremehkan langkah kecil karena setiap perjalanan besar dimulai dengan langkah pertama. #MotivasiHariIni,2025-03-17 04:18:16,[],meremehkan langkah perjalanan langkah,positif,3,positif,2.2272001032959796
427,1862861333257150541,1512327246593228801,ArieHendraS21,Jangan takut gagal! Setiap langkah termasuk kegagalan adalah bukti bahwa kamu berani mencoba dan mendekati sukses. #MotivasiHariIni #BeraniCoba #PantangMenyerah #SuksesBersama #SemangatPositif https://t.co/ie8cmxyOU5,2025-03-17 04:18:16,"['8', '5']",takut gagal langkah kegagalan bukti berani mencoba mendekati sukses,negatif,-4,negatif,2.2222405593359653
428,1862265957009563838,2742147296,danielgintingm,#MotivasiHariIni : Berdirilah di depan cermin dan lihatlah dirimu sendiri lalu berteriaklah dengan keras AKU AKAN TERUS BERJUANG DAN TIDAK PERNAH MENYERAH dan kamu adalah pemenang! #TetapSemangat #TetapOptimis https://t.co/cu3jLCocfx,2025-03-17 04:18:16,['3'],berdirilah cermin lihatlah dirimu berteriaklah keras berjuang menyerah pemenang,positif,1,positif,2.2222248897588415
429,1861541616114376912,2742147296,danielgintingm,#MotivasiHariIni : PILIHANMU HARI INI MENENTUKAN MASA DEPANMU PILIHLAH YANG TERBAIK Setiap pilihan membawa konsekuensi di hari esok melibatkan Yang Maha Kuasa dalam menentukan pilihan adalah sebuah kebijaksanaan. #TetapSemangat #TetapOptimis https://t.co/Le3y9KNJBC,2025-03-17 04:18:16,"['3', '9']",pilihanmu menentukan depanmu pilihlah terbaik pilihan membawa konsekuensi esok melibatkan maha kuasa menentukan pilihan kebijaksanaan,positif,17,positif,2.2222115908183286
430,1861410231596785725,1341802860,wroger0129,Jangan takut memulai meski kecil langkahnya. Perjalanan besar dimulai dari satu langkah sederhana. #MotivasiHariIni #Semangat,2025-03-17 04:18:16,[],takut langkahnya perjalanan langkah sederhana,negatif,-5,negatif,2.2270491738542786
431,1861179440111460395,2742147296,danielgintingm,#MotivasiHariIni : sebagian besar rintangan mencair ketika kita memutuskan untuk berjalan dengan berani menembusnya. JANGAN JADIKAN HALANGAN SEBAGAI PENGHALANG UNTUK MAJU NAMUN JADIKAN MOTIVASI UNTUK TERUS MAJU #TetapSemangat #TetapOptimis https://t.co/eKrYAiVzGM,2025-03-17 04:18:16,[],rintangan mencair memutuskan berjalan berani menembusnya jadikan halangan penghalang maju jadikan motivasi maju,negatif,-9,negatif,2.2048659894865406
432,1860814234667590081,2742147296,danielgintingm,#MotivasiHariIni : SAAT MENGAGUMI TAMAN ORANG LAIN JANGAN LUPA MERAWAT BUNGAMU SENDIRI Tidak ada salahnya mengagumi milik orang lain tapi alangkah baiknya hal baik yang mereka miliki gunakan juga untuk mengembangkan milik sendiri. #TetapSemangat #TetapOptimis https://t.co/k08QsAoyqE,2025-03-17 04:18:16,['08'],mengagumi taman orang lupa merawat bungamu salahnya mengagumi milik orang alangkah baiknya miliki mengembangkan milik,negatif,-4,negatif,2.222252706591056
433,1859725932959047725,2742147296,danielgintingm,#MotivasiHariIni : Kekecewaan sifatnya terbatas sebaliknya harapan tanpa batas. Apapun yang terjadi tetaplah berharap. TERIMALAH KEKECEWAAN YANG TERBATAS DAN JANGAN PERNAH KEHILANGAN HARAPAN YANG TAK TERBATAS #TetapSemangat #TetapOptimis https://t.co/JsbCzaYNBJ,2025-03-17 04:18:16,[],kekecewaan sifatnya terbatas harapan batas apapun tetaplah berharap terimalah kekecewaan terbatas kehilangan harapan terbatas,negatif,-7,negatif,2.2222227843856475
434,1859360633311170949,2742147296,danielgintingm,#MotivasiHariIni : dibutuhkan banyak keberanian untuk melewati masa-masa sulit. JANGAN PERNAH MENYERAH HAL-HAL BAIK SEDANG DALAM PERJALANAN DATANG PADAMU #TetapSemangat #TetapOptimis https://t.co/7nNkqsIeAX,2025-03-17 04:18:16,['7'],dibutuhkan keberanian melewati masamasa sulit menyerah halhal perjalanan padamu,negatif,-1,negatif,2.222222099552338
435,1858801848972701791,919786093582495745,RajawaliRAK,Bersatu adalah sebuah awal Menjaga kebersamaan adalah kemajuan Bekerja bersama adalah kesuksesan #RajawaliAdikarya #RAKteam #RAK #quotes #quote #motivasi #inspirasi #katamotivasi #erp #enterpriseresourceplanning #businessplan #inspirasisore #katamotivasi #motivasihariini https://t.co/VlbLB5fc76,2025-03-17 04:18:16,"['5', '76']",bersatu menjaga kebersamaan kemajuan kesuksesan,negatif,-4,negatif,2.222218037257394
436,1858640151649685935,2742147296,danielgintingm,#MotivasiHariIni : Setiap orang punya jalan hidupnya sendiri. Jadilah diri sendiri MIMPIKANLAH IMPIANMU LALU BANGUN WUJUDKAN MIMPIMU #TetapSemangat #TetapOptimis https://t.co/Q2ttucLP4h,2025-03-17 04:18:16,"['2', '4']",orang jalan hidupnya mimpikanlah impianmu bangun wujudkan mimpimu,netral,0,netral,2.207209087330681
437,1858281766920101966,2742147296,danielgintingm,#MotivasiHariIni : ALAH BISA KARENA BIASA PENGULANGAN ADALAH KUNCI UNTUK MENGUASAI Semakin sering melakukan akan semakin mahir. Jangan bosan untuk mengulangi hal yang bisa membawa diri meraih keberhasilan. #TetapSemangat #TetapOptimis https://t.co/aBfhHshkja,2025-03-17 04:18:16,[],alah pengulangan kunci menguasai mahir bosan mengulangi membawa meraih keberhasilan,negatif,-2,negatif,2.222212777335733
438,1857557686713569366,2742147296,danielgintingm,#MotivasiHariIni : PILIHANMU HARI INI MENENTUKAN MASA DEPANMU INGAT DIRIMU HARI INI ADALAH HASIL PILIHANMU DI MASA LALU hidup adalah soal pilihan dan setiap pilihan yang kita buat membentuk diri kita. #TetapSemangat #TetapOptimis https://t.co/oYlXfT9YTh,2025-03-17 04:18:16,['9'],pilihanmu menentukan depanmu dirimu hasil pilihanmu hidup pilihan pilihan membentuk,positif,8,positif,2.222248107560244
439,1857195130530513186,2742147296,danielgintingm,#MotivasiHariIni : KEKUATAN KETEKUNAN MAMPU MENGATASI SEGALA HAMBATAN TETAPLAH MELANGKAH DAN RAIHLAH KEMENANGANMU Tekadkan dalam hati bahwa tidak peduli apa yang menghadang tidak peduli seberapa sulit tidak peduli seberapa tidak adil #TetapSemangat #TetapOptimis https://t.co/gRf17PV8QK,2025-03-17 04:18:16,"['17', '8']",kekuatan ketekunan mengatasi hambatan tetaplah melangkah raihlah kemenanganmu tekadkan hati peduli menghadang peduli sulit peduli adil,negatif,-5,negatif,2.2222348440296473
440,1856903382176502130,1837790291157237760,liliserena20,Jangan tunda apa yang bisa dilakukan hari ini. Kadang-kadang kesempatan tidak datang dua kali. #MotivasiHariIni,2025-03-17 04:18:16,[],tunda kadangkadang kesempatan kali,netral,0,netral,2.1313546360107876
441,1856832841507824052,2742147296,danielgintingm,#MotivasiHariIni : SELALU ADA HARAPAN BAGI MEREKA YANG TETAP BERHARAP walau pikiran mengatakan tidak ada harapan tetaplah berharap. Harapan adalah sauh yang kuat dan aman bagi jiwa kita. #TetapSemangat #TetapOptimis https://t.co/8GSWndzIjB,2025-03-17 04:18:16,['8'],harapan berharap pikiran harapan tetaplah berharap harapan sauh kuat aman jiwa,negatif,-9,negatif,2.22221101655116
442,1856623063674343844,289406247,indowebsite,Jadilah Sejuk dan Membumi Ketika kita mampu membawa kesejukan dan kerendahan hati dalam setiap langkah kita akan menjadi pribadi yang lebih bermakna bagi diri sendiri dan orang lain. #SejukDalamDamai #TetapMembumi #RendahHati #KetenanganHati #MotivasiHariIni https://t.co/Rg557PKt9q,2025-03-17 04:18:16,"['557', '9']",sejuk membumi membawa kesejukan kerendahan hati langkah pribadi bermakna orang,positif,3,positif,2.222215177681373
443,1856260685589819574,289406247,indowebsite,Jangan pernah menyerah atau kehilangan harapan! #NeverGiveUp #TetapSemangat #HarapanSelaluAda #DoaDanUsaha #MotivasiHariIni #indowebsite https://t.co/j1GvCF3XAg,2025-03-17 04:18:16,"['1', '3']",menyerah kehilangan harapan,negatif,-8,negatif,2.2339585847169476
444,1856229877906895345,1590543355859329024,bmtarthaamanah,Mari buka hati dan pikiran untuk saling memberi dan menerima nasihat dalam kebenaran dan kesabaran agar menjadi pribadi yang lebih baik. #Qoutes #Motivasi #UmarBinKhattab #PerbaikanDiri #Kebenaran #Kesabaran #Ketaqwaan #BMTArthaAmanahSanden #Sanden #Bantul #DIY #MotivasiHariIni https://t.co/JJRhyL7wGU,2025-03-17 04:18:16,['7'],mari buka hati pikiran menerima nasihat kebenaran kesabaran pribadi,negatif,-1,negatif,2.2222017813621737
445,1855784749811499388,1111670600366325760,poltek_atim,Dalam menjalani Kehidupan selalu ada pasang surut yang akan kita hadapi. Dan Kita selalu punya pilihan untuk tetap bertahan. #PoliteknikATIMakassar #quotesoftheday #inspirasihidup #motivasihariini https://t.co/x8FL60IBT6,2025-03-17 04:18:16,"['8', '60', '6']",menjalani kehidupan pasang surut hadapi pilihan bertahan,positif,4,positif,2.222226573386514
446,1855216892522435057,1853631570575499264,Ferry2052800,Quote inspiratif hari ini: 'Jangan takut gagal karena kegagalan adalah langkah menuju sukses.' Setuju? #MotivasiHariIni,2025-03-17 04:18:16,[],quote inspiratif takut gagal kegagalan langkah sukses setuju,negatif,-4,negatif,2.2222100533447056
447,1855112334962016693,361198359,anzaniaprillia,#MotivasiHariIni aku mau sharing pengalaman dan tips diet ala aku yang bisa turun 14kg dalam waktu 5bulan dengan metode diet ini!! Cek kolom komentar!! #SemuaJadiMudah #diet #gayahidupsehat #dietjourney #perjalanandiet #pengalamandiet #DIETIF #IntermittentFasting https://t.co/XeaiD6sIEx,2025-03-17 04:18:16,"['14', '5', '6']",sharing pengalaman tips diet ala turun 14kg 5bulan metode diet cek kolom komentar,negatif,-9,negatif,2.222217520120056
448,1854655434214588669,2742147296,danielgintingm,#MotivasiHariIni : PERTIPIS KERAGUANMU DAN PERTEBAL RASA PERCAYA DIRIMU AGAR TAK TERHALANG LANGKAHMU MERAIH IMPIANMU Keraguan adalah penghalang jalan menuju keberhasilan. Ingat keraguanmu bs membunuh mimpimu. Yakinkan dirimu&amp; melangkahlah dgn pasti. #TetapSemangat #TetapOptimis https://t.co/sbM0f0AbSO,2025-03-17 04:18:16,"['0', '0']",pertipis keraguanmu pertebal percaya dirimu terhalang langkahmu meraih impianmu keraguan penghalang jalan keberhasilan keraguanmu bs membunuh mimpimu yakinkan dirimuamp melangkahlah dgn,negatif,-7,negatif,2.2222302506370744
449,1854293037775753417,2742147296,danielgintingm,#MotivasiHariIni : KETIKA SEGALA SESUATU TAMPAKNYA MELAWANMU INGATLAH PESAWATPUN LEPAS LANDAS MELAWAN ANGIN BUKAN BERSAMA ANGIN Apapun yang terjadi tetaplah tegar dan semangat serta lakukan usaha terbaikmu niscaya tujuanmu kan tercapai. #TetapSemangat #TetapOptimis https://t.co/1zjmetVppI,2025-03-17 04:18:16,['1'],melawanmu ingatlah pesawatpun lepas landas melawan angin angin apapun tetaplah tegar semangat lakukan usaha terbaikmu niscaya tujuanmu tercapai,negatif,-8,negatif,2.222200983685496
450,1854058685968023965,1602558922392424448,Higurumagf,Ga selamanya gua harus gini terus gua ga boleh lengah dalam hidup harus tetep berusaha meskipun ntar dah banyak uang #motivasihariini,2025-03-17 04:18:16,[],ga gua gini gua ga lengah hidup tetep berusaha ntar dah uang,negatif,-20,negatif,2.244979681919872
451,1853932948531351906,2742147296,danielgintingm,#MotivasiHariIni : PENANTIANMU TIDAKLAH SIA SIA SABARLAH MENANTI DAN TERIMALAH BUAH PENANTIANMU Kesabaran bukan tentang menunggu tetapi kemampuan untuk menjaga sikap yang baik saat menunggu. #TetapSemangat #TetapOptimis https://t.co/aeysFi9VuF,2025-03-17 04:18:16,['9'],penantianmu sia sia sabarlah terimalah buah penantianmu kesabaran menunggu kemampuan menjaga sikap menunggu,negatif,-11,negatif,2.2222177630945175
452,1853748172172271797,80530965,sayvul,#MotivasiHariIni : HIDUP ADALAH PERTANYAAN DAN BAGAIMANA KITA MENJALANINYA ADALAH JAWABANNYA Jalani hidup dengan cara terbaik yang kita bisa agar jawaban terbaik pula yang akan diterima. #TetapSemangat #TetapOptimis,2025-03-17 04:18:16,[],hidup menjalaninya jawabannya jalani hidup terbaik terbaik diterima,positif,4,positif,2.2222248850992643
453,1901687091974779111,1901051930941812738,Akudankaca,Semakin besar kesulitan semakin besar kemenangan! -Marcus Tullius Cicero #motivasihariini #priasejati #akudankaca,2025-03-17 23:00:18,[],kesulitan kemenangan marcus tullius cicero,negatif,-5,negatif,2.2222196606097997
454,1901685874431299918,1901051930941812738,Akudankaca,Hidup itu terlalu pendek. Biarkan saja para manipulator dan orang-orang toxic berkoar-koar fokus sama tujuan dan misi hidup lo hidup wahai para pria sejati! Banggain keluarga lo! Jangan dengar kata-kata para badut #motivasihariini #priasejati #akudankaca,2025-03-17 23:00:18,[],hidup pendek biarkan manipulator orangorang toxic berkoarkoar fokus tujuan misi hidup lo hidup pria sejati banggain keluarga lo dengar katakata badut,negatif,-21,negatif,2.2373038113054955
455,1901684433734000906,1901051930941812738,Akudankaca,Kekuatan sejati pria adalah: 1. Menyayangi dirinya sendiri 2. berhasil survive ALONE! 2 SUPER POWER sesungguhnya! #motivasihariini #priasejati #akudankaca,2025-03-17 23:00:18,"['1', '2', '2']",kekuatan sejati pria 1 menyayangi 2 berhasil survive alone 2 super power sesungguhnya,positif,12,positif,2.22221675340365
456,1901453526905278507,1901051930941812738,Akudankaca,To be fair jangan harepin semua orang suka ma lo lo aja gak suka semua orang deal? Be yourself tetap di jalan lo life must go on! #motivasihariini #priasejati #akudankaca,2025-03-17 23:00:18,[],to be fair harepin orang suka ma lo lo aja gak suka orang deal be yourself jalan lo life must go on,netral,0,netral,2.18829057000126
457,1901288623435395352,1901051930941812738,Akudankaca,Silahkan tertawa fun tapi jangan pernah trust. Never #priasejati #motivasihariini #akudankaca,2025-03-17 23:00:18,[],silahkan tertawa fun trust never,positif,8,positif,2.197801982951718
458,1901288278097281301,1901051930941812738,Akudankaca,Memutuskan relasi itu bagus untuk pertumbuhan lo bro #motivasihariini #priasejati #akudankaca,2025-03-17 23:00:18,[],memutuskan relasi bagus pertumbuhan lo bro,negatif,-8,negatif,2.214307604728213
459,1901099967932231860,1901051930941812738,Akudankaca,Hidup itu kapal dan lo kaptennya - jangan biarin orang lain pegang kemudi lo wahai para pria #motivasihariini #priasejati #pria #akudankaca,2025-03-17 23:00:18,[],hidup kapal lo kaptennya biarin orang pegang kemudi lo pria,negatif,-9,negatif,2.222316619174467
460,1901099691460415682,1901051930941812738,Akudankaca,Pria sejati gak takut jatuh dia lebih takut gak bangkit lagi #motivasihariini #pria #akudankaca,2025-03-17 23:00:18,[],pria sejati gak takut jatuh takut gak bangkit,negatif,-12,negatif,2.2326405565444776
461,1901081113466191895,1901051930941812738,Akudankaca,Pria sejati: 1. Logika no.1 2. Berjuang sendiri. 3. Mengutamakan keputusan dengan tenang dan logis. 4. Tidak ragu dengan kata-kata orang lain. 5. Leadership dan badass! 6. Always PD! 7. BERNYALI! #motivasihariini #pria #akudankaca,2025-03-17 23:00:18,"['1', '1', '2', '3', '4', '5', '6', '7']",pria sejati 1 logika no1 2 berjuang 3 mengutamakan keputusan tenang logis 4 ragu katakata orang 5 leadership badass 6 always pd 7 bernyali,positif,1,positif,2.203090227562897
462,1901062049264005605,1901051930941812738,Akudankaca,1 kesalahan manusia paling fatal terutama bagi pria: Tidak mau menggunakan logika yang sudah diberi oleh Tuhan. #motivasihariini #akudankaca #perjuangan #priasejati,2025-03-17 23:00:18,['1'],1 kesalahan manusia fatal pria logika tuhan,negatif,-4,negatif,2.209979312780655
463,1901060933847576925,1901051930941812738,Akudankaca,Beri makan seekor anjing selama 3 hari maka dia akan ingat lo selama 3 tahun. Beri makan manusia 3 tahun maka dia akan ingat lo 3 hari. #faktaitupahit #akudankaca #motivasihariini #pria #priasejati,2025-03-17 23:00:18,"['3', '3', '3', '3']",makan seekor anjing 3 lo 3 makan manusia 3 lo 3,negatif,-3,negatif,2.2222265363245537
464,1901058776209474048,1901051930941812738,Akudankaca,2 jebakan yang harus selalu lo hindari sebagai pria: 1. Peduli sama apa yang mereka pikirkan. 2. Berpikir apakah mereka peduli. #akudankaca #pria #motivasihariini,2025-03-17 23:00:18,"['2', '1', '2']",2 jebakan lo hindari pria 1 peduli pikirkan 2 berpikir peduli,positif,1,negatif,2.1428189554937966
465,1901057902670213422,1901051930941812738,Akudankaca,Psikologi debat dengan badut: ketika mereka kalah debat ma lo mereka akan pakai cara insult ke diri lo! Hinaan ketika kalah debat hanya dijadiin alat oleh pecundang sejati. #akudankaca #pria #motivasihariini,2025-03-17 23:00:18,[],psikologi debat badut kalah debat ma lo pakai insult lo hinaan kalah debat dijadiin alat pecundang sejati,negatif,-1,negatif,2.222223658207966
466,1901057090913005948,1901051930941812738,Akudankaca,Jauhi orang-orang yang gak bisa ngeliat kesalahan di diri mereka tapi selalu bisa ngeliat kesalahan lo! Diri lo jauh lebih berharga dari mereka! #akudankaca #motivasihariini #pria,2025-03-17 23:00:18,[],jauhi orangorang gak ngeliat kesalahan ngeliat kesalahan lo lo berharga,negatif,-7,negatif,2.2266353080558328
467,1901056648451592386,1901051930941812738,Akudankaca,Jika lo selalu mencoba membuktikan nilaimu lo sebenarnya benar-benar sudah lupa nilai diri lo sendiri. #akudankaca #motivasihariini #pria,2025-03-17 23:00:18,[],lo mencoba membuktikan nilaimu lo benarbenar lupa nilai lo,negatif,-2,negatif,2.230853081909597
468,1901056144363446499,1901051930941812738,Akudankaca,Menjadi orang baik bukan bikin lo disayang tapi malah digunakan orang lain #motivasihariini #akudankaca #pria,2025-03-17 23:00:18,[],orang bikin lo disayang orang,negatif,-3,negatif,2.218934488087795
469,1900815749838479604,1880094234952560640,KataBijak444,Tetap melangkah #trending #katakatabijak #motivasihariini #tetapmelangkah https://t.co/WCGqWZCJ2P,2025-03-17 23:00:18,['2'],melangkah,netral,0,netral,2.222222328827308
470,1900771183722983597,1856931953574055936,bRo38543,Tabur Tuai #motivasihariinijanganmengeluh #motivationalquotes #motivation #inspiration #katamutiara #motivasidirisendiri #quotes #katabijak #edukasi #motivasihidup #viralvideos #motivasi #semuaorang #education #inspirasi #trending #katakatabijak #Motivasidiri #MotivasiHariIni https://t.co/0gxR794VOU,2025-03-17 23:00:18,"['0', '794']",tabur tuai,netral,0,netral,2.222193703133421
471,1900118413256638932,1856931953574055936,bRo38543,Ilmu Padi #motivasihariinijanganmengeluh #motivationalquotes #motivation #inspiration#katamutiara #motivasidirisendiri #quotes #katabijak #edukasi #motivasihidup #viralvideos #motivasi #semuaorang #education #inspirasi #trending #katakatabijak #Motivasidiri #MotivasiHariIni https://t.co/a4hQ4zdTwG,2025-03-17 23:00:18,"['4', '4']",ilmu padi,positif,4,positif,2.22220525045866
472,1899959457737826733,2742147296,danielgintingm,#MotivasiHariIni : JADILAH KUAT ! HIDUP INI TERLALU SINGKAT JIKA DIGUNAKAN HANYA UNTUK MERATAP INGAT! SELALU ADA PELANGI SETELAH HUJAN #TetapSemangat #TetapOptimis #PantangMenyerah https://t.co/8oQnbNmRGI,2025-03-17 23:00:18,['8'],kuat hidup singkat meratap pelangi hujan,negatif,-8,negatif,2.2222185103555487
473,1899596669261660449,2742147296,danielgintingm,#MotivasiHariIni : ADA KALA MEMULAI ADA JUGA KALANYA MENGAKHIRI MENTARI PUN TAK SELAMANYA TERBIT ADA KALANYA IA TERBENAM #TetapSemangat #TetapOptimis #PantangMenyerah https://t.co/0xISu7SdCl,2025-03-17 23:00:18,"['0', '7']",kalanya mentari terbit kalanya terbenam,negatif,-5,negatif,2.222219737462194
474,1898139975394509078,2742147296,danielgintingm,#MotivasiHariIni : YANG PINTAR BELUM TENTU BERHASIL YANG TIDAK PINTAR BELUM TENTU GAGAL SEMUANYA TERGANTUNG KEMAUAN Semua orang memiliki kemampuan perbedaannya adalah bagaimana dia menggunakannya untuk mewujudkan keberhasilannya. #TetapSemangat #TetapOptimis #PantangMenyerah https://t.co/IkMJYoTdyK,2025-03-17 23:00:18,[],pintar berhasil pintar gagal tergantung kemauan orang memiliki kemampuan perbedaannya menggunakannya mewujudkan keberhasilannya,positif,3,positif,2.2222437525700482
475,1897507786654933395,1792377969056616449,topla_id,Kadang kita butuh sedikit dorongan ekstra untuk melangkah lebih jauh. Inilah saatnya untuk bangkit semangat dan terus maju! #MotivasiHariIni #Semangat #KataKataBijak #PositiveVibes #MindsetPositif #TetapSemangat #RaihImpian #MotivasiDiri #KataBijak #Topla #Produklokal https://t.co/bE2NJIzaXd,2025-03-17 23:00:18,['2'],kadang butuh dorongan ekstra melangkah bangkit semangat maju,negatif,-4,negatif,2.222200012964598
476,1896816104028479599,2742147296,danielgintingm,#MotivasiHariIni : KEKUATAN SEJATI TAK BERASAL DARI FISIK TAPI BERASAL DARI KETEGUHAN HATI TIADA YANG BISA MERUNTUHKAN KETEGUHAN HATI #TetapSemangat #TetapOptimis #PantangMenyerah https://t.co/aAzdqLYKQ0,2025-03-17 23:00:18,['0'],kekuatan sejati berasal fisik berasal keteguhan hati tiada meruntuhkan keteguhan hati,negatif,-13,negatif,2.2222182773923005
477,1896746082463584516,1856931953574055936,bRo38543,Ubah Cara berpikir #motivationalquotes #katamutiara #motivation #inspiration #motivasidirisendiri #quotes #katabijak #edukasi #motivasihidup #viralvideos #motivasi #semuaorang #education #inspirasi #trending #katakatabijak #Motivasidiri #MotivasiHariIni #tiktok #tiktokviral https://t.co/WjYHx7m1Yo,2025-03-17 23:00:18,"['7', '1']",ubah berpikir,netral,0,netral,2.222220275989723
478,1895616260467261728,2742147296,danielgintingm,#MotivasiHariIni : BEKERJA DENGAN BAIK HASILNYA BELUM TENTU BAIK TAPI BEKERJA DENGAN BURUK HASILNYA SUDAH PASTI BURUK #TetapSemangat #TetapOptimis #PantangMenyerah https://t.co/ZKdgG0j2xi,2025-03-17 23:00:18,"['0', '2']",hasilnya buruk hasilnya buruk,negatif,-10,negatif,2.2222235323269994
479,1894193459776688270,1183162696708980736,littlerockztars,kuliah seseru ini cuma dengerin presentasi ko milih bolos #motivasihariini,2025-03-17 23:00:18,[],kuliah seseru dengerin presentasi ko milih bolos,negatif,-7,negatif,2.2222189895344524
480,1894157296059781589,2742147296,danielgintingm,#MotivasiHariIni : JANGAN MENYERAH TETAPLAH SEMANGAT KEBAHAGIAAN AKAN HADIR SETELAH LELAHMU Berlarilah ketika kamu bisa berjalan jika harus merangkak jika perlu yang penting jangan pernah menyerah. #TetapSemangat #TetapOptimis #PantangMenyerah https://t.co/ILKNxlfx04,2025-03-17 23:00:18,['04'],menyerah tetaplah semangat kebahagiaan hadir lelahmu berlarilah berjalan merangkak menyerah,negatif,-11,negatif,2.224179516874294
481,1893888601609384120,1380373705587531778,smspay_id,Saat tantangan terasa berat dan jalan terasa terjal ingat kembali alasan mengapa kamu memulai! Setiap langkah kecil tetap membawa kita lebih dekat ke tujuan. Tetap semangat! #MotivasiHariIni #JanganMenyerah #IngatTujuanmu #SemangatKerja #NeverGiveUp #GrowthMindset #SMSPay https://t.co/ZEUQDxepNU,2025-03-17 23:00:18,[],tantangan berat jalan terjal alasan langkah membawa tujuan semangat,positif,3,positif,2.2222374540205534
482,1893072276494663799,2742147296,danielgintingm,#MotivasiHariIni : KEHIDUPAN TAK MEMBERIMU KESEMPATAN KEDUA TAPI IA KADANG MEMBERIKAN AWAL YANG BARU https://t.co/pmCYXszcAc,2025-03-17 23:00:18,[],kehidupan memberimu kesempatan kadang,positif,3,positif,2.222211107979007
483,1892706136828088435,2742147296,danielgintingm,#MotivasiHariIni : TANPA KEBERANIAN TAKKAN ADA KEMENANGAN TANPA PERJUANGAN TAKKAN ADA AKHIR BAHAGIA #TetapSemangat #TetapOptimis #PantangMenyerah https://t.co/2KOg64dVL8,2025-03-17 23:00:18,"['2', '64', '8']",keberanian takkan kemenangan perjuangan takkan bahagia,negatif,-1,negatif,2.222219019886875
484,1892347449177428391,2742147296,danielgintingm,#MotivasiHariIni : TIDAK ADA PROSES YANG MUDAH UNTUK TUJUAN YANG INDAH AKAN ADA HARI SULIT UNTUK MEMBUAT DIRI MENJADI LEBIH KUAT https://t.co/sTuJR5g7au,2025-03-17 23:00:18,"['5', '7']",proses mudah tujuan indah sulit kuat,negatif,-5,negatif,2.2222189880830627
485,1891997181264961701,2742147296,danielgintingm,#MotivasiHariIni : DIBALIK BAYANG-BAYANG SELALU ADA CAHAYA ........ https://t.co/0lBtozVoDx #TetapSemangat #TetapOptimis #PantangMenyerah,2025-03-17 23:00:18,['0'],dibalik bayangbayang cahaya,negatif,-3,negatif,2.2222334971137823
486,1899596669261660449,2742147296,danielgintingm,#MotivasiHariIni : ADA KALA MEMULAI ADA JUGA KALANYA MENGAKHIRI MENTARI PUN TAK SELAMANYA TERBIT ADA KALANYA IA TERBENAM #TetapSemangat #TetapOptimis #PantangMenyerah https://t.co/0xISu7SdCl,2025-03-17 23:00:18,"['0', '7']",kalanya mentari terbit kalanya terbenam,negatif,-5,negatif,2.222219737462194
487,1898139975394509078,2742147296,danielgintingm,#MotivasiHariIni : YANG PINTAR BELUM TENTU BERHASIL YANG TIDAK PINTAR BELUM TENTU GAGAL SEMUANYA TERGANTUNG KEMAUAN Semua orang memiliki kemampuan perbedaannya adalah bagaimana dia menggunakannya untuk mewujudkan keberhasilannya. #TetapSemangat #TetapOptimis #PantangMenyerah https://t.co/IkMJYoTdyK,2025-03-17 23:00:18,[],pintar berhasil pintar gagal tergantung kemauan orang memiliki kemampuan perbedaannya menggunakannya mewujudkan keberhasilannya,positif,3,positif,2.2222437525700482
488,1897507786654933395,1792377969056616449,topla_id,Kadang kita butuh sedikit dorongan ekstra untuk melangkah lebih jauh. Inilah saatnya untuk bangkit semangat dan terus maju! #MotivasiHariIni #Semangat #KataKataBijak #PositiveVibes #MindsetPositif #TetapSemangat #RaihImpian #MotivasiDiri #KataBijak #Topla #Produklokal https://t.co/bE2NJIzaXd,2025-03-17 23:00:18,['2'],kadang butuh dorongan ekstra melangkah bangkit semangat maju,negatif,-4,negatif,2.222200012964598
489,1896816104028479599,2742147296,danielgintingm,#MotivasiHariIni : KEKUATAN SEJATI TAK BERASAL DARI FISIK TAPI BERASAL DARI KETEGUHAN HATI TIADA YANG BISA MERUNTUHKAN KETEGUHAN HATI #TetapSemangat #TetapOptimis #PantangMenyerah https://t.co/aAzdqLYKQ0,2025-03-17 23:00:18,['0'],kekuatan sejati berasal fisik berasal keteguhan hati tiada meruntuhkan keteguhan hati,negatif,-13,negatif,2.2222182773923005
490,1896746082463584516,1856931953574055936,bRo38543,Ubah Cara berpikir #motivationalquotes #katamutiara #motivation #inspiration #motivasidirisendiri #quotes #katabijak #edukasi #motivasihidup #viralvideos #motivasi #semuaorang #education #inspirasi #trending #katakatabijak #Motivasidiri #MotivasiHariIni #tiktok #tiktokviral https://t.co/WjYHx7m1Yo,2025-03-17 23:00:18,"['7', '1']",ubah berpikir,netral,0,netral,2.222220275989723
491,1895616260467261728,2742147296,danielgintingm,#MotivasiHariIni : BEKERJA DENGAN BAIK HASILNYA BELUM TENTU BAIK TAPI BEKERJA DENGAN BURUK HASILNYA SUDAH PASTI BURUK #TetapSemangat #TetapOptimis #PantangMenyerah https://t.co/ZKdgG0j2xi,2025-03-17 23:00:18,"['0', '2']",hasilnya buruk hasilnya buruk,negatif,-10,negatif,2.2222235323269994
492,1894193459776688270,1183162696708980736,littlerockztars,kuliah seseru ini cuma dengerin presentasi ko milih bolos #motivasihariini,2025-03-17 23:00:18,[],kuliah seseru dengerin presentasi ko milih bolos,negatif,-7,negatif,2.2222189895344524
493,1894157296059781589,2742147296,danielgintingm,#MotivasiHariIni : JANGAN MENYERAH TETAPLAH SEMANGAT KEBAHAGIAAN AKAN HADIR SETELAH LELAHMU Berlarilah ketika kamu bisa berjalan jika harus merangkak jika perlu yang penting jangan pernah menyerah. #TetapSemangat #TetapOptimis #PantangMenyerah https://t.co/ILKNxlfx04,2025-03-17 23:00:18,['04'],menyerah tetaplah semangat kebahagiaan hadir lelahmu berlarilah berjalan merangkak menyerah,negatif,-11,negatif,2.224179516874294
494,1893888601609384120,1380373705587531778,smspay_id,Saat tantangan terasa berat dan jalan terasa terjal ingat kembali alasan mengapa kamu memulai! Setiap langkah kecil tetap membawa kita lebih dekat ke tujuan. Tetap semangat! #MotivasiHariIni #JanganMenyerah #IngatTujuanmu #SemangatKerja #NeverGiveUp #GrowthMindset #SMSPay https://t.co/ZEUQDxepNU,2025-03-17 23:00:18,[],tantangan berat jalan terjal alasan langkah membawa tujuan semangat,positif,3,positif,2.2222374540205534
495,1893072276494663799,2742147296,danielgintingm,#MotivasiHariIni : KEHIDUPAN TAK MEMBERIMU KESEMPATAN KEDUA TAPI IA KADANG MEMBERIKAN AWAL YANG BARU https://t.co/pmCYXszcAc,2025-03-17 23:00:18,[],kehidupan memberimu kesempatan kadang,positif,3,positif,2.222211107979007
496,1892706136828088435,2742147296,danielgintingm,#MotivasiHariIni : TANPA KEBERANIAN TAKKAN ADA KEMENANGAN TANPA PERJUANGAN TAKKAN ADA AKHIR BAHAGIA #TetapSemangat #TetapOptimis #PantangMenyerah https://t.co/2KOg64dVL8,2025-03-17 23:00:18,"['2', '64', '8']",keberanian takkan kemenangan perjuangan takkan bahagia,negatif,-1,negatif,2.222219019886875
497,1892347449177428391,2742147296,danielgintingm,#MotivasiHariIni : TIDAK ADA PROSES YANG MUDAH UNTUK TUJUAN YANG INDAH AKAN ADA HARI SULIT UNTUK MEMBUAT DIRI MENJADI LEBIH KUAT https://t.co/sTuJR5g7au,2025-03-17 23:00:18,"['5', '7']",proses mudah tujuan indah sulit kuat,negatif,-5,negatif,2.2222189880830627
498,1891997181264961701,2742147296,danielgintingm,#MotivasiHariIni : DIBALIK BAYANG-BAYANG SELALU ADA CAHAYA ........ https://t.co/0lBtozVoDx #TetapSemangat #TetapOptimis #PantangMenyerah,2025-03-17 23:00:18,['0'],dibalik bayangbayang cahaya,negatif,-3,negatif,2.2222334971137823
499,1891764415336415353,1255123679320686592,al3_fad,Selasa adalah hari untuk memperbaiki dan meningkatkan diri! Jangan ragu untuk mengambil langkah baru menuju kesuksesan. #SelasaSemangat #MotivasiHariIni https://t.co/hdQ2xIpZAq,2025-03-17 23:00:18,['2'],selasa memperbaiki meningkatkan ragu mengambil langkah kesuksesan,positif,1,positif,2.2222342229026
500,1891254878250422467,2742147296,danielgintingm,#MotivasiHariIni : HEI! KAMU ITU LUAR BIASA..... https://t.co/PBiTkliBCi #TetapSemangat #TetapOptimis #PantangMenyerah,2025-03-17 23:00:18,[],hei,netral,0,netral,2.2222286744010638
501,1890531758216487244,2742147296,danielgintingm,#MotivasiHariIni : TANPA RASA SAKIT ... https://t.co/WJ9uZwqSJr #TetapSemangat #TetapOptimis #PantangMenyerah,2025-03-17 23:00:18,['9'],sakit,negatif,-5,negatif,2.222221930939875
502,1889973539031363937,1694391186642063360,BANGYUSS88,COCOK LANGSUNG OTW MARKAS DARMONO BUAT JAM 7 BOS SEMOGA BERUNTUNG... #MOTIVASIHARIINI Najwa DAN SANDRA DEWI https://t.co/srK3OxW9PL,2025-03-17 23:00:18,"['7', '3', '9']",cocok langsung otw markas darmono jam 7 bos semoga beruntung najwa sandra dewi,positif,7,positif,2.222212072779325
503,1889221632537084007,1886247326039351296,ikawati_sari8,Hari ini adalah kesempatan baru untuk menjadi versi terbaik diri kita. #MotivasiHariIni,2025-03-17 23:00:18,[],kesempatan versi terbaik,positif,5,positif,2.222227140691762
504,1889198504947433569,1886239623825018880,heni_melati,Hari ini adalah kesempatan baru untuk menjadi versi terbaik diri kita. #MotivasiHariIni,2025-03-17 23:00:18,[],kesempatan versi terbaik,positif,5,positif,2.222227140691762
505,1889177191532941787,1885213471710863362,elinara_suci,Hari ini adalah kesempatan baru untuk menjadi versi terbaik diri kita. #MotivasiHariIni,2025-03-17 23:00:18,[],kesempatan versi terbaik,positif,5,positif,2.222227140691762
506,1889154716149690440,1885223836641333248,ferya_selvia,Hari ini adalah kesempatan baru untuk menjadi versi terbaik diri kita. #MotivasiHariIni,2025-03-17 23:00:18,[],kesempatan versi terbaik,positif,5,positif,2.222227140691762
507,1887993780542034102,2742147296,danielgintingm,#MotivasiHariIni : Terlalu memikirkan masa lalu hanya akan membutakan masa depanmu. Ingat ! SESEORANG DITENTUKAN OLEH SIAPA DIRINYA SEKARANG BUKAN DIRINYA YANG DULU #TetapSemangat #TetapOptimis #PantangMenyerah https://t.co/XgcxSijAwb,2025-03-17 23:00:18,[],memikirkan membutakan depanmu ditentukan,negatif,-3,negatif,2.2222406573282663
508,1887677148477174034,1887676550205874180,erisyajina,Kesuksesan itu bukan tentang seberapa cepat kita sampai tapi tentang seberapa jauh kita bertahan. #MotivasiHariIni,2025-03-17 23:00:18,[],kesuksesan cepat bertahan,negatif,-7,negatif,2.222209972275479
509,1887268804188905812,2742147296,danielgintingm,#MotivasiHariIni : TIADA KERUGIAN BESAR TANPA KEUNTUNGAN KECIL Bahkan di saat kehilangan masih ada sesuatu yang bisa diperoleh. Jangan berputus asa sikapi segala sesuatu dari sudut pandang positif. #TetapSemangat #TetapOptimis #PantangMenyerah https://t.co/NZhL7zcSz2,2025-03-17 23:00:18,"['7', '2']",tiada kerugian keuntungan kehilangan diperoleh berputus asa sikapi sudut pandang positif,negatif,-7,negatif,2.222229399707521
510,1886990305515159875,1255123679320686592,al3_fad,Rabu adalah pertengahan perjalanan jangan menyerah tetap semangat! Setiap langkah kecil hari ini mendekatkanmu pada impian besar. Teruslah berusaha karena hal baik selalu menanti mereka yang tak berhenti berjuang! #SemangatRabu #MotivasiHariIni https://t.co/58InoO2U9P,2025-03-17 23:00:18,"['58', '2', '9']",rabu pertengahan perjalanan menyerah semangat langkah mendekatkanmu impian teruslah berusaha berhenti berjuang,negatif,-1,negatif,2.2222144903137466
511,1891764415336415353,1255123679320686592,al3_fad,Selasa adalah hari untuk memperbaiki dan meningkatkan diri! Jangan ragu untuk mengambil langkah baru menuju kesuksesan. #SelasaSemangat #MotivasiHariIni https://t.co/hdQ2xIpZAq,2025-03-17 23:00:18,['2'],selasa memperbaiki meningkatkan ragu mengambil langkah kesuksesan,positif,1,positif,2.2222342229026
512,1891254878250422467,2742147296,danielgintingm,#MotivasiHariIni : HEI! KAMU ITU LUAR BIASA..... https://t.co/PBiTkliBCi #TetapSemangat #TetapOptimis #PantangMenyerah,2025-03-17 23:00:18,[],hei,netral,0,netral,2.2222286744010638
513,1890531758216487244,2742147296,danielgintingm,#MotivasiHariIni : TANPA RASA SAKIT ... https://t.co/WJ9uZwqSJr #TetapSemangat #TetapOptimis #PantangMenyerah,2025-03-17 23:00:18,['9'],sakit,negatif,-5,negatif,2.222221930939875
514,1889973539031363937,1694391186642063360,BANGYUSS88,COCOK LANGSUNG OTW MARKAS DARMONO BUAT JAM 7 BOS SEMOGA BERUNTUNG... #MOTIVASIHARIINI Najwa DAN SANDRA DEWI https://t.co/srK3OxW9PL,2025-03-17 23:00:18,"['7', '3', '9']",cocok langsung otw markas darmono jam 7 bos semoga beruntung najwa sandra dewi,positif,7,positif,2.222212072779325
515,1889221632537084007,1886247326039351296,ikawati_sari8,Hari ini adalah kesempatan baru untuk menjadi versi terbaik diri kita. #MotivasiHariIni,2025-03-17 23:00:18,[],kesempatan versi terbaik,positif,5,positif,2.222227140691762
516,1889198504947433569,1886239623825018880,heni_melati,Hari ini adalah kesempatan baru untuk menjadi versi terbaik diri kita. #MotivasiHariIni,2025-03-17 23:00:18,[],kesempatan versi terbaik,positif,5,positif,2.222227140691762
517,1889177191532941787,1885213471710863362,elinara_suci,Hari ini adalah kesempatan baru untuk menjadi versi terbaik diri kita. #MotivasiHariIni,2025-03-17 23:00:18,[],kesempatan versi terbaik,positif,5,positif,2.222227140691762
518,1889154716149690440,1885223836641333248,ferya_selvia,Hari ini adalah kesempatan baru untuk menjadi versi terbaik diri kita. #MotivasiHariIni,2025-03-17 23:00:18,[],kesempatan versi terbaik,positif,5,positif,2.222227140691762
519,1887993780542034102,2742147296,danielgintingm,#MotivasiHariIni : Terlalu memikirkan masa lalu hanya akan membutakan masa depanmu. Ingat ! SESEORANG DITENTUKAN OLEH SIAPA DIRINYA SEKARANG BUKAN DIRINYA YANG DULU #TetapSemangat #TetapOptimis #PantangMenyerah https://t.co/XgcxSijAwb,2025-03-17 23:00:18,[],memikirkan membutakan depanmu ditentukan,negatif,-3,negatif,2.2222406573282663
520,1887677148477174034,1887676550205874180,erisyajina,Kesuksesan itu bukan tentang seberapa cepat kita sampai tapi tentang seberapa jauh kita bertahan. #MotivasiHariIni,2025-03-17 23:00:18,[],kesuksesan cepat bertahan,negatif,-7,negatif,2.222209972275479
521,1887268804188905812,2742147296,danielgintingm,#MotivasiHariIni : TIADA KERUGIAN BESAR TANPA KEUNTUNGAN KECIL Bahkan di saat kehilangan masih ada sesuatu yang bisa diperoleh. Jangan berputus asa sikapi segala sesuatu dari sudut pandang positif. #TetapSemangat #TetapOptimis #PantangMenyerah https://t.co/NZhL7zcSz2,2025-03-17 23:00:18,"['7', '2']",tiada kerugian keuntungan kehilangan diperoleh berputus asa sikapi sudut pandang positif,negatif,-7,negatif,2.222229399707521
522,1886990305515159875,1255123679320686592,al3_fad,Rabu adalah pertengahan perjalanan jangan menyerah tetap semangat! Setiap langkah kecil hari ini mendekatkanmu pada impian besar. Teruslah berusaha karena hal baik selalu menanti mereka yang tak berhenti berjuang! #SemangatRabu #MotivasiHariIni https://t.co/58InoO2U9P,2025-03-17 23:00:18,"['58', '2', '9']",rabu pertengahan perjalanan menyerah semangat langkah mendekatkanmu impian teruslah berusaha berhenti berjuang,negatif,-1,negatif,2.2222144903137466
523,1885217460410089724,1877073553864142853,RicoRDP25,Hari ini mungkin berat tapi setiap langkah yang kamu ambil mendekatkanmu pada tujuan. Tetap maju tetap percaya! #MotivasiHariIni #YouCanDoIt,2025-03-17 23:00:18,[],berat langkah ambil mendekatkanmu tujuan maju percaya,positif,1,positif,2.222198696699514
524,1885191278566011267,1875366100827078656,LangkahSpiritua,Jangan menunggu perubahan dari luar. Jadilah perubahan itu sendiri. Pesan ini terus menginspirasiku dalam menulis MARUM. Baca ceritanya: [https://t.co/IeWvlkEVgu] #MotivasiHariIni #MARUM,2025-03-17 23:00:18,[],menunggu perubahan perubahan pesan menginspirasiku menulis marum baca ceritanya,positif,3,positif,2.222226103131323
525,1885094892680208624,2742147296,danielgintingm,#MotivasiHariIni : Setiap insan memilik kekurangan juga kelebihan MAKSIMALKAN POTENSI DAN KELEBIHAN DEMI TERWUJUDNYA KEBERHASILAN YANG DIIMPIKAN jangan berleha-leha lagi angkat semangatmu dan galilah potensimu. #TetapSemangat #TetapOptimis #PantangMenyerah https://t.co/rafEzLj9Bq,2025-03-17 23:00:18,['9'],insan memilik kekurangan kelebihan maksimalkan potensi kelebihan terwujudnya keberhasilan diimpikan berlehaleha angkat semangatmu galilah potensimu,negatif,-3,negatif,2.2222190697512993
526,1884780009359089816,1877073553864142853,RicoRDP25,Setiap hari adalah kesempatan baru untuk tumbuh belajar dan menjadi lebih baik. Jangan takut melangkah karena semua perubahan besar dimulai dari langkah kecil. Tetap semangat. #MotivasiHariIni #TetapSemangat #GrowAndGlow,2025-03-17 23:00:18,[],kesempatan tumbuh belajar takut melangkah perubahan langkah semangat,positif,6,positif,2.212227361659932
527,1882924834671432073,2742147296,danielgintingm,#MotivasiHariIni : AYO MELANGKAHLAH DENGAN PENUH SEMANGAT GAPAI MIMPIMU JANGAN CUMA DUDUK DAN BERHARAP BERTINDAKLAH! Keberhasilan tidak datang begitu saja bagai sebuah keajaiban wujudkan mimpimu dan keajaiban kan terjadi. #TetapSemangat #TetapOptimis #PantangMenyerah https://t.co/nJxH6vgbLr,2025-03-17 23:00:18,['6'],ayo melangkahlah penuh semangat gapai mimpimu duduk berharap bertindaklah keberhasilan keajaiban wujudkan mimpimu keajaiban,negatif,-5,negatif,2.2222345286412377
528,1882629067540987965,1877073553864142853,RicoRDP25,Setiap langkah kecil adalah awal dari sesuatu yang besar. Mulai saja sisanya akan mengikuti. #KeepGoing #MotivasiHariIni,2025-03-17 23:00:18,[],langkah sisanya mengikuti,positif,7,positif,2.222225365228806
529,1882593909395890407,2742147296,danielgintingm,#MotivasiHariIni : DARI KESALAHAN KITA BELAJAR MANA YANG BENAR BUKANKAH DARI RASA PAHIT KITA TAHU YANG MANIS? #TetapSemangat #TetapOptimis #PantangMenyerah https://t.co/VDUXZsoQpj,2025-03-17 23:00:18,[],kesalahan belajar pahit manis,negatif,-7,negatif,2.226004641761705
530,1882308419832701213,1833853418529800192,jaylas1205,Hari ini adalah kesempatan baru untuk membuat hari esok lebih baik. Jangan menunggu kesempatan ciptakanlah. Setiap hari adalah kesempatan untuk memulai kembali. #MotivasiHariIni #InspirasiHidup #KataKataMotivasi #HariBaruHariBaik #SemangatHidup https://t.co/Moc8ap3fa2,2025-03-17 23:00:18,"['8', '3', '2']",kesempatan esok menunggu kesempatan ciptakanlah kesempatan,negatif,-5,negatif,2.222222119943152
531,1881995688336388135,1478570521381851137,bdk_surabaya,Halo #koncobdk Setiap detik yang kita miliki adalah kesempatan berharga. Jangan biarkan waktu berlalu begitu saja tanpa makna. Ayo ambil langkah pertama dan wujudkan apa yang kita impikan! #MotivasiHariIni #TindakanUntukMasaDepan #WaktuBerkualitas #SemangatBeraksi https://t.co/12sEmAWrn6,2025-03-17 23:00:18,"['12', '6']",halo detik miliki kesempatan berharga biarkan makna ayo ambil langkah wujudkan impikan,positif,9,positif,2.2222075317991754
532,1881829282261192795,1508101274847559683,AyedAmad_,Hari ini adalah peluang baru untuk melangkah lebih dekat ke impianmu. Jangan sia-siakan waktu karena setiap detik yang diisi dengan usaha akan mendekatkanmu pada keberhasilan. #MotivasiHariIni #LangkahBaru #JanganMenyerah #MenujuImpian,2025-03-17 23:00:18,[],peluang melangkah impianmu siasiakan detik diisi usaha mendekatkanmu keberhasilan,negatif,-4,negatif,2.2222201961768207
533,1881471463791984734,2742147296,danielgintingm,#MotivasiHariIni : Bangkitlah dari keterperukanmu hari ini hari yang baru yakinkan dirimu SELALU ADA PELUANG BARU DI SETIAP HARI YANG BARU JEMPUTLAH PELUANGMU! #TetapSemangat #TetapOptimis #PantangMenyerah https://t.co/fGbaZb02PG,2025-03-17 23:00:18,['02'],bangkitlah keterperukanmu yakinkan dirimu peluang jemputlah peluangmu,negatif,-1,negatif,2.222217687970323
534,1881219075512422548,1879019446402179072,amir_saleh77,Hari ini adalah hari untuk mencapai impianmu! #MotivasiHariIni,2025-03-17 23:00:18,[],mencapai impianmu,netral,0,netral,2.2222063848042404
535,1881219069774631184,1879020252438425600,odelia_halena,Hari ini adalah hari untuk mencapai impianmu! #MotivasiHariIni,2025-03-17 23:00:18,[],mencapai impianmu,netral,0,netral,2.2222063848042404
536,1881109704145064442,2742147296,danielgintingm,#MotivasiHariIni : TEGARLAH TERUSLAH MELANGKAH semua yang Anda butuhkan akan datang kepada Anda pada waktu yang tepat percayalah. #TetapSemangat #TetapOptimis #PantangMenyerah https://t.co/1gnJlp2iZG,2025-03-17 23:00:18,"['1', '2']",tegarlah teruslah melangkah butuhkan percayalah,netral,0,netral,2.2222275664622972
537,1880665815562985957,1833853418529800192,jaylas1205,Jangan takut untuk bermimpi besar. Kreativitas adalah kunci kesuksesan. Teruslah berinovasi tidak ada batasan untuk berkarya. #MotivasiHariIni #InspirasiPagi #SemangatBaru #KesempatanBaru #JanganMenyerah https://t.co/p06ucpHk93,2025-03-17 23:00:18,"['06', '93']",takut bermimpi kreativitas kunci kesuksesan teruslah berinovasi batasan berkarya,positif,9,positif,2.2222258074178836
538,1880537679647142117,1880531054202888192,Ml76530Ml,Bangkitkan semangatmu! Tonton animasi motivasi ini sekarang! https://t.co/tTS1suZtGM #MotivasiHariIni #AnimasiInspirasional,2025-03-17 23:00:18,['1'],bangkitkan semangatmu tonton animasi motivasi,negatif,-7,negatif,2.224642823544928
539,1880381692701294889,2742147296,danielgintingm,#MotivasiHariIni : LAKUKAN PROSESNYA DENGAN USAHA DAN UPAYA TERBAIK AGAR MENDAPATKAN HASIL TERBAIK INGAT PROSES TAKKAN PERNAH MENGKHIANATI HASIL Terkadang kita mengalami kegagalan karena kita terlalu mengkhawatirkan keberhasilan itu sendiri. https://t.co/iv5Yk8oYAh,2025-03-17 23:00:18,"['5', '8']",lakukan prosesnya usaha upaya terbaik hasil terbaik proses takkan mengkhianati hasil terkadang mengalami kegagalan mengkhawatirkan keberhasilan,positif,4,positif,2.2222253155410168
540,1880021537560080393,2742147296,danielgintingm,#MotivasiHariIni : Cerita sukses sering kali kita dengar namun sayangnya itu bukanlah cerita sukses kita sendiri. AYO BANGKIT SEMANGATLAH CIPTAKAN CERITA SUKSESMU SENDIRI. #TetapSemangat #TetapOptimis #PantangMenyerah https://t.co/vHzvM5QRmr,2025-03-17 23:00:18,['5'],cerita sukses kali dengar sayangnya cerita sukses ayo bangkit semangatlah ciptakan cerita suksesmu,negatif,-7,negatif,2.2222214231539112
541,1885217460410089724,1877073553864142853,RicoRDP25,Hari ini mungkin berat tapi setiap langkah yang kamu ambil mendekatkanmu pada tujuan. Tetap maju tetap percaya! #MotivasiHariIni #YouCanDoIt,2025-03-17 23:00:18,[],berat langkah ambil mendekatkanmu tujuan maju percaya,positif,1,positif,2.222198696699514
542,1885191278566011267,1875366100827078656,LangkahSpiritua,Jangan menunggu perubahan dari luar. Jadilah perubahan itu sendiri. Pesan ini terus menginspirasiku dalam menulis MARUM. Baca ceritanya: [https://t.co/IeWvlkEVgu] #MotivasiHariIni #MARUM,2025-03-17 23:00:18,[],menunggu perubahan perubahan pesan menginspirasiku menulis marum baca ceritanya,positif,3,positif,2.222226103131323
543,1885094892680208624,2742147296,danielgintingm,#MotivasiHariIni : Setiap insan memilik kekurangan juga kelebihan MAKSIMALKAN POTENSI DAN KELEBIHAN DEMI TERWUJUDNYA KEBERHASILAN YANG DIIMPIKAN jangan berleha-leha lagi angkat semangatmu dan galilah potensimu. #TetapSemangat #TetapOptimis #PantangMenyerah https://t.co/rafEzLj9Bq,2025-03-17 23:00:18,['9'],insan memilik kekurangan kelebihan maksimalkan potensi kelebihan terwujudnya keberhasilan diimpikan berlehaleha angkat semangatmu galilah potensimu,negatif,-3,negatif,2.2222190697512993
544,1884780009359089816,1877073553864142853,RicoRDP25,Setiap hari adalah kesempatan baru untuk tumbuh belajar dan menjadi lebih baik. Jangan takut melangkah karena semua perubahan besar dimulai dari langkah kecil. Tetap semangat. #MotivasiHariIni #TetapSemangat #GrowAndGlow,2025-03-17 23:00:18,[],kesempatan tumbuh belajar takut melangkah perubahan langkah semangat,positif,6,positif,2.212227361659932
545,1882924834671432073,2742147296,danielgintingm,#MotivasiHariIni : AYO MELANGKAHLAH DENGAN PENUH SEMANGAT GAPAI MIMPIMU JANGAN CUMA DUDUK DAN BERHARAP BERTINDAKLAH! Keberhasilan tidak datang begitu saja bagai sebuah keajaiban wujudkan mimpimu dan keajaiban kan terjadi. #TetapSemangat #TetapOptimis #PantangMenyerah https://t.co/nJxH6vgbLr,2025-03-17 23:00:18,['6'],ayo melangkahlah penuh semangat gapai mimpimu duduk berharap bertindaklah keberhasilan keajaiban wujudkan mimpimu keajaiban,negatif,-5,negatif,2.2222345286412377
546,1882629067540987965,1877073553864142853,RicoRDP25,Setiap langkah kecil adalah awal dari sesuatu yang besar. Mulai saja sisanya akan mengikuti. #KeepGoing #MotivasiHariIni,2025-03-17 23:00:18,[],langkah sisanya mengikuti,positif,7,positif,2.222225365228806
547,1882593909395890407,2742147296,danielgintingm,#MotivasiHariIni : DARI KESALAHAN KITA BELAJAR MANA YANG BENAR BUKANKAH DARI RASA PAHIT KITA TAHU YANG MANIS? #TetapSemangat #TetapOptimis #PantangMenyerah https://t.co/VDUXZsoQpj,2025-03-17 23:00:18,[],kesalahan belajar pahit manis,negatif,-7,negatif,2.226004641761705
548,1882308419832701213,1833853418529800192,jaylas1205,Hari ini adalah kesempatan baru untuk membuat hari esok lebih baik. Jangan menunggu kesempatan ciptakanlah. Setiap hari adalah kesempatan untuk memulai kembali. #MotivasiHariIni #InspirasiHidup #KataKataMotivasi #HariBaruHariBaik #SemangatHidup https://t.co/Moc8ap3fa2,2025-03-17 23:00:18,"['8', '3', '2']",kesempatan esok menunggu kesempatan ciptakanlah kesempatan,negatif,-5,negatif,2.222222119943152
549,1881995688336388135,1478570521381851137,bdk_surabaya,Halo #koncobdk Setiap detik yang kita miliki adalah kesempatan berharga. Jangan biarkan waktu berlalu begitu saja tanpa makna. Ayo ambil langkah pertama dan wujudkan apa yang kita impikan! #MotivasiHariIni #TindakanUntukMasaDepan #WaktuBerkualitas #SemangatBeraksi https://t.co/12sEmAWrn6,2025-03-17 23:00:18,"['12', '6']",halo detik miliki kesempatan berharga biarkan makna ayo ambil langkah wujudkan impikan,positif,9,positif,2.2222075317991754
550,1881829282261192795,1508101274847559683,AyedAmad_,Hari ini adalah peluang baru untuk melangkah lebih dekat ke impianmu. Jangan sia-siakan waktu karena setiap detik yang diisi dengan usaha akan mendekatkanmu pada keberhasilan. #MotivasiHariIni #LangkahBaru #JanganMenyerah #MenujuImpian,2025-03-17 23:00:18,[],peluang melangkah impianmu siasiakan detik diisi usaha mendekatkanmu keberhasilan,negatif,-4,negatif,2.2222201961768207
551,1881471463791984734,2742147296,danielgintingm,#MotivasiHariIni : Bangkitlah dari keterperukanmu hari ini hari yang baru yakinkan dirimu SELALU ADA PELUANG BARU DI SETIAP HARI YANG BARU JEMPUTLAH PELUANGMU! #TetapSemangat #TetapOptimis #PantangMenyerah https://t.co/fGbaZb02PG,2025-03-17 23:00:18,['02'],bangkitlah keterperukanmu yakinkan dirimu peluang jemputlah peluangmu,negatif,-1,negatif,2.222217687970323
552,1881219075512422548,1879019446402179072,amir_saleh77,Hari ini adalah hari untuk mencapai impianmu! #MotivasiHariIni,2025-03-17 23:00:18,[],mencapai impianmu,netral,0,netral,2.2222063848042404
553,1881219069774631184,1879020252438425600,odelia_halena,Hari ini adalah hari untuk mencapai impianmu! #MotivasiHariIni,2025-03-17 23:00:18,[],mencapai impianmu,netral,0,netral,2.2222063848042404
554,1881109704145064442,2742147296,danielgintingm,#MotivasiHariIni : TEGARLAH TERUSLAH MELANGKAH semua yang Anda butuhkan akan datang kepada Anda pada waktu yang tepat percayalah. #TetapSemangat #TetapOptimis #PantangMenyerah https://t.co/1gnJlp2iZG,2025-03-17 23:00:18,"['1', '2']",tegarlah teruslah melangkah butuhkan percayalah,netral,0,netral,2.2222275664622972
555,1880665815562985957,1833853418529800192,jaylas1205,Jangan takut untuk bermimpi besar. Kreativitas adalah kunci kesuksesan. Teruslah berinovasi tidak ada batasan untuk berkarya. #MotivasiHariIni #InspirasiPagi #SemangatBaru #KesempatanBaru #JanganMenyerah https://t.co/p06ucpHk93,2025-03-17 23:00:18,"['06', '93']",takut bermimpi kreativitas kunci kesuksesan teruslah berinovasi batasan berkarya,positif,9,positif,2.2222258074178836
556,1880537679647142117,1880531054202888192,Ml76530Ml,Bangkitkan semangatmu! Tonton animasi motivasi ini sekarang! https://t.co/tTS1suZtGM #MotivasiHariIni #AnimasiInspirasional,2025-03-17 23:00:18,['1'],bangkitkan semangatmu tonton animasi motivasi,negatif,-7,negatif,2.224642823544928
557,1880381692701294889,2742147296,danielgintingm,#MotivasiHariIni : LAKUKAN PROSESNYA DENGAN USAHA DAN UPAYA TERBAIK AGAR MENDAPATKAN HASIL TERBAIK INGAT PROSES TAKKAN PERNAH MENGKHIANATI HASIL Terkadang kita mengalami kegagalan karena kita terlalu mengkhawatirkan keberhasilan itu sendiri. https://t.co/iv5Yk8oYAh,2025-03-17 23:00:18,"['5', '8']",lakukan prosesnya usaha upaya terbaik hasil terbaik proses takkan mengkhianati hasil terkadang mengalami kegagalan mengkhawatirkan keberhasilan,positif,4,positif,2.2222253155410168
558,1880021537560080393,2742147296,danielgintingm,#MotivasiHariIni : Cerita sukses sering kali kita dengar namun sayangnya itu bukanlah cerita sukses kita sendiri. AYO BANGKIT SEMANGATLAH CIPTAKAN CERITA SUKSESMU SENDIRI. #TetapSemangat #TetapOptimis #PantangMenyerah https://t.co/vHzvM5QRmr,2025-03-17 23:00:18,['5'],cerita sukses kali dengar sayangnya cerita sukses ayo bangkit semangatlah ciptakan cerita suksesmu,negatif,-7,negatif,2.2222214231539112
559,1879297271462027660,2742147296,danielgintingm,#MotivasiHariIni : KEGIGIHANMU ADALAH KUNCI DALAM PROSES MEWUJUDKAN MIMPIMU Tetap semangat tiada yang bisa mengalahkan kegigihan tidak juga bakat kejeniusan atau kepandaian. Ketekunan dan tekad melebihi semua itu. #TetapSemangat #TetapOptimis #PantangMenyerah https://t.co/LzjNq1q4GW,2025-03-17 23:00:18,"['1', '4']",kegigihanmu kunci proses mewujudkan mimpimu semangat tiada mengalahkan kegigihan bakat kejeniusan kepandaian ketekunan tekad melebihi,negatif,-9,negatif,2.2222171182573915
560,1878790992612192753,1796581879099113472,oxeasy3pickwin,Mulailah minggu ini dengan semangat! 'Kesuksesan adalah hasil dari kerja keras dan ketekunan. #semangat #tetapsemangat #pejuangrupiah #motivasi #motivasihariini #kerjakeras #semangathidup,2025-03-17 23:00:18,[],minggu semangat kesuksesan hasil kerja keras ketekunan,positif,4,positif,2.2245361426763446
561,1877320667260985408,1475675071125413888,FelixPantow_,Tidak ada langkah kecil yang sia-sia jika dilakukan dengan tekad yang besar. Teruslah melangkah karena setiap usaha mendekatkan kita pada tujuan yang luar biasa. #MotivasiHariIni #JanganMenyerah https://t.co/4raQCIg6Hb,2025-03-17 23:00:18,"['4', '6']",langkah siasia tekad teruslah melangkah usaha mendekatkan tujuan,negatif,-3,negatif,2.222189364814672
562,1877120783253639352,2742147296,danielgintingm,#MotivasiHariIni : KEKHAWATIRAN HANYALAH SEMENTARA NAMUN PENYESALAN AKAN BERLAKU SEUMUR HIDUP Selagi ada kesempatan raihlah peluang jangan biarkan berlalu begitu saja agar tidak menyesal nantinya. #TetapSemangat #TetapOptimis #PantangMenyerah https://t.co/3wkMd9a8Fc,2025-03-17 23:00:18,"['3', '9', '8']",kekhawatiran penyesalan berlaku seumur hidup selagi kesempatan raihlah peluang biarkan menyesal,negatif,-17,negatif,2.222246517770523
563,1876760618683769021,2742147296,danielgintingm,#MotivasiHariIni : Apa yang tidak berhasil dilakukan hari ini kelak suatu hari kan berhasil TETAPLAH MENCOBA! #TetapSemangat #TetapOptimis #PantangMenyerah https://t.co/hbr452nJq5,2025-03-17 23:00:18,"['452', '5']",berhasil kelak berhasil tetaplah mencoba,positif,6,positif,2.22222364987466
564,1876484285810835725,1749369327101554688,JendelaKataID,7/366 Keramik pecah bisa jadi karya seni yang lebih indah kalau kita tahu cara merangkainya. Sama seperti hidup semua bisa diperbaiki. #KintsugiHidup #MotivasiHariIni,2025-03-17 23:00:18,"['7', '366']",7366 keramik pecah karya seni indah merangkainya hidup diperbaiki,negatif,-7,negatif,2.222221889816175
565,1876396609648644106,2742147296,danielgintingm,#MotivasiHariIni : Namanya kesempatan selalu tak terduga kedatangannya siap sedialah selalu untuk menangkap setiap kesempatan yang datang karena KESEMPATAN YANG DIGUNAKAN DENGAN BAIK BISA MENDATANGKAN KEBERHASILAN. #TetapSemangat #TetapOptimis #PantangMenyerah https://t.co/4ebU9wehN4,2025-03-17 23:00:18,"['4', '9', '4']",namanya kesempatan terduga kedatangannya sedialah menangkap kesempatan kesempatan keberhasilan,negatif,-3,negatif,2.222218650527989
566,1876153430634639501,2151432885,wendymuhammadwm,Kata siapa aku kuat? Malamku penuh tangis siangku tertutup tawa. Kadang kita terlihat tegar padahal hati sedang rapuh. Tapi percayalah badai pasti berlalu. #DrakorVibes #HidupItuPerjuangan #PelangiSetelahHujan #EmosiDrakor #FYP #QuotesKehidupan #MotivasiHariIni https://t.co/2TDp3nXE5B,2025-03-17 23:00:18,"['2', '3', '5']",kuat malamku penuh tangis siangku tertutup tawa kadang tegar hati rapuh percayalah badai,negatif,-20,negatif,2.222242878988078
567,1876146324669968510,1867759951713906691,klikebookid,Hidup stuck itu berat tapi jangan biarkan itu mendefinisikanmu. Ambil 3 langkah kecil ini mulai hari ini dan lihat perubahan besar dalam hidupmu. #BangkitDariStuck #MotivasiHariIni #PerubahanHidup #TipsKesuksesan #BlueprintKesuksesan https://t.co/02PqykOQQQ,2025-03-17 23:00:18,"['3', '02']",hidup stuck berat biarkan mendefinisikanmu ambil 3 langkah lihat perubahan hidupmu,negatif,-1,negatif,2.234872308481855
568,1876036841713078359,2742147296,danielgintingm,#MotivasiHariIni : NIKMATNYA KEBERHASILAN SEBENARNYA TERLETAK PADA PROSES MERAIHNYA BUKAN PADA HASILNYA Cara sukses mungkin bisa ditiru orang lain namun kenikmatan proses mencapainya harus dialami masing-masing. #TetapSemangat #TetapOptimis #PantangMenyerah https://t.co/d5cb1OKIuc,2025-03-17 23:00:18,"['5', '1']",nikmatnya keberhasilan terletak proses meraihnya hasilnya sukses ditiru orang kenikmatan proses mencapainya dialami masingmasing,positif,9,positif,2.2222467786430053
569,1875940595543470563,1874890615223390208,whoopxixixi,Awal tahun masih terasa segar tapi ingat bukan cuma kalender yang harus berubah mindset juga! Fokus konsisten dan bikin tahun ini lebih baik dari sebelumnya. #MotivasiHariIni #AwalTahun,2025-03-17 23:00:18,[],segar kalender berubah mindset fokus konsisten bikin,positif,2,positif,2.18492304537171
570,1875745747829964872,1729531817089507328,kureiruu,ngerakit meja belajar 2 jam sendirian ga kelar2 hampir mninggal anj tapi ak ingat minase aja bisa kok bertahan hidup 5 tahun tanpa hirukawa masa ak gabisa #MotivasiHariIni #JanganMenyerah https://t.co/lBkjHzHwjk,2025-03-17 23:00:18,"['2', '2', '5']",ngerakit meja belajar 2 jam ga kelar2 mninggal anj ak minase aja bertahan hidup 5 hirukawa ak gabisa,negatif,-4,negatif,2.222231835288747
571,1875483282131054783,1056903218574151681,toni071982,Jangan takut untuk gagal karena dari kegagalan kita belajar dan tumbuh. Tetap fokus percaya pada dirimu sendiri dan kerjakan yang terbaik. Setiap harinya adalah kesempatan untuk menjadi versi terbaik dari dirimu! #MotivasiHariIni #SemangatPagi,2025-03-17 23:00:18,[],takut gagal kegagalan belajar tumbuh fokus percaya dirimu kerjakan terbaik harinya kesempatan versi terbaik dirimu,positif,3,positif,2.234089576228175
572,1875062824915091862,1749369327101554688,JendelaKataID,Jangan takut gagal karena setiap kegagalan adalah langkah kecil menuju kesuksesan. Tetap bergerak tetap percaya dan jangan menyerah pada mimpimu. #MotivasiHariIni #SemangatHidup #NeverGiveUp,2025-03-17 23:00:18,[],takut gagal kegagalan langkah kesuksesan bergerak percaya menyerah mimpimu,negatif,-6,negatif,2.222210088008231
573,1873742347709943924,1056903218574151681,toni071982,Selamat pagi! Mulai hari ini dengan semangat dan motivasi. Ingatlah bahwa kesuksesan dimulai dari langkah pertama. Jangan ragu untuk memulai! #MotivasiHariIni #Senin #Semangat #Kesuksesan #Inspirasi https://t.co/B0hqNGw01D,2025-03-17 23:00:18,"['0', '01']",selamat pagi semangat motivasi ingatlah kesuksesan langkah ragu,negatif,-1,negatif,2.225719301001774
574,1879297271462027660,2742147296,danielgintingm,#MotivasiHariIni : KEGIGIHANMU ADALAH KUNCI DALAM PROSES MEWUJUDKAN MIMPIMU Tetap semangat tiada yang bisa mengalahkan kegigihan tidak juga bakat kejeniusan atau kepandaian. Ketekunan dan tekad melebihi semua itu. #TetapSemangat #TetapOptimis #PantangMenyerah https://t.co/LzjNq1q4GW,2025-03-17 23:00:18,"['1', '4']",kegigihanmu kunci proses mewujudkan mimpimu semangat tiada mengalahkan kegigihan bakat kejeniusan kepandaian ketekunan tekad melebihi,negatif,-9,negatif,2.2222171182573915
575,1878790992612192753,1796581879099113472,oxeasy3pickwin,Mulailah minggu ini dengan semangat! 'Kesuksesan adalah hasil dari kerja keras dan ketekunan. #semangat #tetapsemangat #pejuangrupiah #motivasi #motivasihariini #kerjakeras #semangathidup,2025-03-17 23:00:18,[],minggu semangat kesuksesan hasil kerja keras ketekunan,positif,4,positif,2.2245361426763446
576,1877320667260985408,1475675071125413888,FelixPantow_,Tidak ada langkah kecil yang sia-sia jika dilakukan dengan tekad yang besar. Teruslah melangkah karena setiap usaha mendekatkan kita pada tujuan yang luar biasa. #MotivasiHariIni #JanganMenyerah https://t.co/4raQCIg6Hb,2025-03-17 23:00:18,"['4', '6']",langkah siasia tekad teruslah melangkah usaha mendekatkan tujuan,negatif,-3,negatif,2.222189364814672
577,1877120783253639352,2742147296,danielgintingm,#MotivasiHariIni : KEKHAWATIRAN HANYALAH SEMENTARA NAMUN PENYESALAN AKAN BERLAKU SEUMUR HIDUP Selagi ada kesempatan raihlah peluang jangan biarkan berlalu begitu saja agar tidak menyesal nantinya. #TetapSemangat #TetapOptimis #PantangMenyerah https://t.co/3wkMd9a8Fc,2025-03-17 23:00:18,"['3', '9', '8']",kekhawatiran penyesalan berlaku seumur hidup selagi kesempatan raihlah peluang biarkan menyesal,negatif,-17,negatif,2.222246517770523
578,1876760618683769021,2742147296,danielgintingm,#MotivasiHariIni : Apa yang tidak berhasil dilakukan hari ini kelak suatu hari kan berhasil TETAPLAH MENCOBA! #TetapSemangat #TetapOptimis #PantangMenyerah https://t.co/hbr452nJq5,2025-03-17 23:00:18,"['452', '5']",berhasil kelak berhasil tetaplah mencoba,positif,6,positif,2.22222364987466
579,1876484285810835725,1749369327101554688,JendelaKataID,7/366 Keramik pecah bisa jadi karya seni yang lebih indah kalau kita tahu cara merangkainya. Sama seperti hidup semua bisa diperbaiki. #KintsugiHidup #MotivasiHariIni,2025-03-17 23:00:18,"['7', '366']",7366 keramik pecah karya seni indah merangkainya hidup diperbaiki,negatif,-7,negatif,2.222221889816175
580,1876396609648644106,2742147296,danielgintingm,#MotivasiHariIni : Namanya kesempatan selalu tak terduga kedatangannya siap sedialah selalu untuk menangkap setiap kesempatan yang datang karena KESEMPATAN YANG DIGUNAKAN DENGAN BAIK BISA MENDATANGKAN KEBERHASILAN. #TetapSemangat #TetapOptimis #PantangMenyerah https://t.co/4ebU9wehN4,2025-03-17 23:00:18,"['4', '9', '4']",namanya kesempatan terduga kedatangannya sedialah menangkap kesempatan kesempatan keberhasilan,negatif,-3,negatif,2.222218650527989
581,1876153430634639501,2151432885,wendymuhammadwm,Kata siapa aku kuat? Malamku penuh tangis siangku tertutup tawa. Kadang kita terlihat tegar padahal hati sedang rapuh. Tapi percayalah badai pasti berlalu. #DrakorVibes #HidupItuPerjuangan #PelangiSetelahHujan #EmosiDrakor #FYP #QuotesKehidupan #MotivasiHariIni https://t.co/2TDp3nXE5B,2025-03-17 23:00:18,"['2', '3', '5']",kuat malamku penuh tangis siangku tertutup tawa kadang tegar hati rapuh percayalah badai,negatif,-20,negatif,2.222242878988078
582,1876146324669968510,1867759951713906691,klikebookid,Hidup stuck itu berat tapi jangan biarkan itu mendefinisikanmu. Ambil 3 langkah kecil ini mulai hari ini dan lihat perubahan besar dalam hidupmu. #BangkitDariStuck #MotivasiHariIni #PerubahanHidup #TipsKesuksesan #BlueprintKesuksesan https://t.co/02PqykOQQQ,2025-03-17 23:00:18,"['3', '02']",hidup stuck berat biarkan mendefinisikanmu ambil 3 langkah lihat perubahan hidupmu,negatif,-1,negatif,2.234872308481855
583,1876036841713078359,2742147296,danielgintingm,#MotivasiHariIni : NIKMATNYA KEBERHASILAN SEBENARNYA TERLETAK PADA PROSES MERAIHNYA BUKAN PADA HASILNYA Cara sukses mungkin bisa ditiru orang lain namun kenikmatan proses mencapainya harus dialami masing-masing. #TetapSemangat #TetapOptimis #PantangMenyerah https://t.co/d5cb1OKIuc,2025-03-17 23:00:18,"['5', '1']",nikmatnya keberhasilan terletak proses meraihnya hasilnya sukses ditiru orang kenikmatan proses mencapainya dialami masingmasing,positif,9,positif,2.2222467786430053
584,1875940595543470563,1874890615223390208,whoopxixixi,Awal tahun masih terasa segar tapi ingat bukan cuma kalender yang harus berubah mindset juga! Fokus konsisten dan bikin tahun ini lebih baik dari sebelumnya. #MotivasiHariIni #AwalTahun,2025-03-17 23:00:18,[],segar kalender berubah mindset fokus konsisten bikin,positif,2,positif,2.18492304537171
585,1875745747829964872,1729531817089507328,kureiruu,ngerakit meja belajar 2 jam sendirian ga kelar2 hampir mninggal anj tapi ak ingat minase aja bisa kok bertahan hidup 5 tahun tanpa hirukawa masa ak gabisa #MotivasiHariIni #JanganMenyerah https://t.co/lBkjHzHwjk,2025-03-17 23:00:18,"['2', '2', '5']",ngerakit meja belajar 2 jam ga kelar2 mninggal anj ak minase aja bertahan hidup 5 hirukawa ak gabisa,negatif,-4,negatif,2.222231835288747
586,1875483282131054783,1056903218574151681,toni071982,Jangan takut untuk gagal karena dari kegagalan kita belajar dan tumbuh. Tetap fokus percaya pada dirimu sendiri dan kerjakan yang terbaik. Setiap harinya adalah kesempatan untuk menjadi versi terbaik dari dirimu! #MotivasiHariIni #SemangatPagi,2025-03-17 23:00:18,[],takut gagal kegagalan belajar tumbuh fokus percaya dirimu kerjakan terbaik harinya kesempatan versi terbaik dirimu,positif,3,positif,2.234089576228175
587,1875062824915091862,1749369327101554688,JendelaKataID,Jangan takut gagal karena setiap kegagalan adalah langkah kecil menuju kesuksesan. Tetap bergerak tetap percaya dan jangan menyerah pada mimpimu. #MotivasiHariIni #SemangatHidup #NeverGiveUp,2025-03-17 23:00:18,[],takut gagal kegagalan langkah kesuksesan bergerak percaya menyerah mimpimu,negatif,-6,negatif,2.222210088008231
588,1873742347709943924,1056903218574151681,toni071982,Selamat pagi! Mulai hari ini dengan semangat dan motivasi. Ingatlah bahwa kesuksesan dimulai dari langkah pertama. Jangan ragu untuk memulai! #MotivasiHariIni #Senin #Semangat #Kesuksesan #Inspirasi https://t.co/B0hqNGw01D,2025-03-17 23:00:18,"['0', '01']",selamat pagi semangat motivasi ingatlah kesuksesan langkah ragu,negatif,-1,negatif,2.225719301001774
589,1869876599140823242,2742147296,danielgintingm,#MotivasiHariIni : KEYAKINAN AKAN MERAIH KEBERHASILAN ADALAH MODAL DASAR DALAM MELAKUKAN APAPUN Keraguan tidak akan meneguhkan keyakinan malah sebaliknya akan melemahkan. Singkirkan keraguan sebelum melangkah. #TetapSemangat #TetapOptimis https://t.co/jR7pIZZNmy,2025-03-17 23:00:18,['7'],keyakinan meraih keberhasilan modal dasar apapun keraguan meneguhkan keyakinan melemahkan singkirkan keraguan melangkah,negatif,-6,negatif,2.22219946547382
590,1869832691090366833,1067221938,gal_galih,Setiap hari adalah kesempatan baru untuk belajar dan tumbuh. Mari kita hadapi tantangan dengan semangat dan tekad yang kuat. #MotivasiHariIni #SemangatBaru,2025-03-17 23:00:18,[],kesempatan belajar tumbuh mari hadapi tantangan semangat tekad kuat,negatif,-5,negatif,2.232063572069554
591,1869639687306129429,1752691829596938240,AsadUmay,@omanbdur @fauzii_khsan @tanyarlfes Kalau orang lain bisa Ya pasti..... KITA BELUM TENTU #motivasihariini,2025-03-17 23:00:18,[],orang ya,positif,4,positif,2.2222487288921027
592,1869265849590374908,1762671082585411584,beritarealita,Setiap langkah kecil yang kamu ambil hari ini akan membawa kamu lebih dekat ke impianmu. Jangan pernah berhenti mencoba! #MotivasiHariIni #Semangat,2025-03-17 23:00:18,[],langkah ambil membawa impianmu berhenti mencoba,negatif,-1,negatif,2.2222040238620635
593,1868849983577084338,3272433726,pesanstempel,Mulai dari langkah kecil karena ide hebat tak akan berarti tanpa tindakan. #MotivasiHariIni #Flashindo #KutipanInspiratiff #BerkreasiTanpaBatas https://t.co/hK9gKttzwy,2025-03-17 23:00:18,['9'],langkah ide hebat tindakan,positif,7,positif,2.2222075278073983
594,1868422931581378690,2742147296,danielgintingm,#MotivasiHariIni : KEGAGALAN HANYALAH PEMBUKTIAN BAHWA CARA YANG DIAMBIL BELUM TEPAT MASIH BANYAK CARA LAINNYA COBA LAGI! Bila telah diperjuangkan dengan sungguh-sungguh baik hasilnya berhasil atau gagal sesungguhnya semangat perjuangan itu adalah keberhasilan tersendiri https://t.co/S1KxSY2X70,2025-03-17 23:00:18,"['1', '2', '70']",kegagalan pembuktian diambil coba diperjuangkan sungguhsungguh hasilnya berhasil gagal sesungguhnya semangat perjuangan keberhasilan tersendiri,positif,1,positif,2.2222369120506955
595,1867700205480808579,2742147296,danielgintingm,#MotivasiHariIni : Untuk bermimpi gratis tidak perlu bayar namun untuk mewujudkan mimpi butuh perjuangan dan pengorbanan yang harus dibayar. PERJUANGAN DAN PENGORBANAN YANG DIBAYAR UNTUK MEWUJUDKAN MIMPI ADALAH INVESTASI YANG KELAK DIPETIK HASILNYA #TetapSemangat #TetapOptimis https://t.co/8KEI2PZztH,2025-03-17 23:00:18,"['8', '2']",bermimpi gratis bayar mewujudkan mimpi butuh perjuangan pengorbanan dibayar perjuangan pengorbanan dibayar mewujudkan mimpi investasi kelak dipetik hasilnya,netral,0,netral,2.222208142009764
596,1867336118150344721,2742147296,danielgintingm,#MotivasiHariIni : perubahan besar mungkin tidak terjadi serta merta tetapi dengan usaha bahkan yang sulit dapat menjadi mudah. DENGAN KEYAKINAN DIRI MAKA SEGALA KESULITAN AKAN DAPAT DILALUI WALAU BERAT SEKALIPUN #TetapSemangat #TetapOptimis https://t.co/MeDUW0Gc5F,2025-03-17 23:00:18,"['0', '5']",perubahan merta usaha sulit mudah keyakinan kesulitan berat,negatif,-6,negatif,2.223126904866846
597,1866972590679740762,2742147296,danielgintingm,#MotivasiHariIni : Jangan biarkan rintangan dan tantangan menghentikanmu mereka tidak lebih besar darimu. JAGA API SEMANGATMU TETAP MENYALA DENGAN BEGITU ENGKAU TELAH MENJAGA IMPIAMU TETAP HIDUP #TetapSemangat #TetapOptimis https://t.co/mtuaReH5NC,2025-03-17 23:00:18,['5'],biarkan rintangan tantangan menghentikanmu darimu jaga api semangatmu menyala engkau menjaga impiamu hidup,negatif,-21,negatif,2.2222183336989083
598,1866248884441460812,2742147296,danielgintingm,#MotivasiHariIni : tidak ada yang bisa kembali dan memulai awal yang baru tetapi siapapun dapat memulai hari ini dan membuat akhir yang baru. HAL TERBAIK YANG DILAKUKAN SETIAP SAAT AKAN MEMBERIKAN AKHIR YANG TERBAIK PULA #TetapSemangat #TetapOptimis https://t.co/pTqOrmue22,2025-03-17 23:00:18,['22'],terbaik terbaik,positif,10,positif,2.240689212496
599,1865887493255844169,2742147296,danielgintingm,#MotivasiHariIni : YAKINLAH PADA MIMPIMU KERJAKAN MIMPIMU BAWA DALAM DOA MIMPIMU NISCAYA MIMPIMU KAN TERWUJUD NYATA #TetapSemangat #TetapOptimis https://t.co/68JMOuuub3,2025-03-17 23:00:18,"['68', '3']",yakinlah mimpimu kerjakan mimpimu bawa doa mimpimu niscaya mimpimu terwujud nyata,negatif,-9,negatif,2.2222214643275326
600,1864073577949229337,2742147296,danielgintingm,#MotivasiHariIni : SELAMA MASIH ADA KESEMPATAN TETAPLAH BERJUANG DAN PANTANG MENYERAH Kesempatan selalu ada bagi mereka yang tetap semangat memperjuangkan mimpinya. Ayo pacu lagi semangatmu kawan! #TetapSemangat #TetapOptimis https://t.co/qVyRoNe7S0,2025-03-17 23:00:18,"['7', '0']",kesempatan tetaplah berjuang pantang menyerah kesempatan semangat memperjuangkan mimpinya ayo pacu semangatmu kawan,negatif,-5,negatif,2.222230740208985
601,1863520729649893842,4757549449,theprawito,Tantangan hari ini adalah pelajaran untuk esok hari. Tetaplah melangkah karena setiap langkah kecil membawa kita lebih dekat ke tujuan besar. #MotivasiHariIni #KeepMovingForward,2025-03-17 23:00:18,[],tantangan pelajaran esok tetaplah melangkah langkah membawa tujuan,positif,4,positif,2.2222105497651397
602,1863175936730149190,1341802860,wroger0129,Jangan pernah meremehkan langkah kecil karena setiap perjalanan besar dimulai dengan langkah pertama. #MotivasiHariIni,2025-03-17 23:00:18,[],meremehkan langkah perjalanan langkah,positif,3,positif,2.2272001032959796
603,1862861333257150541,1512327246593228801,ArieHendraS21,Jangan takut gagal! Setiap langkah termasuk kegagalan adalah bukti bahwa kamu berani mencoba dan mendekati sukses. #MotivasiHariIni #BeraniCoba #PantangMenyerah #SuksesBersama #SemangatPositif https://t.co/ie8cmxyOU5,2025-03-17 23:00:18,"['8', '5']",takut gagal langkah kegagalan bukti berani mencoba mendekati sukses,negatif,-4,negatif,2.2222405593359653
604,1862265957009563838,2742147296,danielgintingm,#MotivasiHariIni : Berdirilah di depan cermin dan lihatlah dirimu sendiri lalu berteriaklah dengan keras AKU AKAN TERUS BERJUANG DAN TIDAK PERNAH MENYERAH dan kamu adalah pemenang! #TetapSemangat #TetapOptimis https://t.co/cu3jLCocfx,2025-03-17 23:00:18,['3'],berdirilah cermin lihatlah dirimu berteriaklah keras berjuang menyerah pemenang,positif,1,positif,2.2222248897588415
605,1861541616114376912,2742147296,danielgintingm,#MotivasiHariIni : PILIHANMU HARI INI MENENTUKAN MASA DEPANMU PILIHLAH YANG TERBAIK Setiap pilihan membawa konsekuensi di hari esok melibatkan Yang Maha Kuasa dalam menentukan pilihan adalah sebuah kebijaksanaan. #TetapSemangat #TetapOptimis https://t.co/Le3y9KNJBC,2025-03-17 23:00:18,"['3', '9']",pilihanmu menentukan depanmu pilihlah terbaik pilihan membawa konsekuensi esok melibatkan maha kuasa menentukan pilihan kebijaksanaan,positif,17,positif,2.2222115908183286
606,1861410231596785725,1341802860,wroger0129,Jangan takut memulai meski kecil langkahnya. Perjalanan besar dimulai dari satu langkah sederhana. #MotivasiHariIni #Semangat,2025-03-17 23:00:18,[],takut langkahnya perjalanan langkah sederhana,negatif,-5,negatif,2.2270491738542786
607,1861179440111460395,2742147296,danielgintingm,#MotivasiHariIni : sebagian besar rintangan mencair ketika kita memutuskan untuk berjalan dengan berani menembusnya. JANGAN JADIKAN HALANGAN SEBAGAI PENGHALANG UNTUK MAJU NAMUN JADIKAN MOTIVASI UNTUK TERUS MAJU #TetapSemangat #TetapOptimis https://t.co/eKrYAiVzGM,2025-03-17 23:00:18,[],rintangan mencair memutuskan berjalan berani menembusnya jadikan halangan penghalang maju jadikan motivasi maju,negatif,-9,negatif,2.2048659894865406
608,1860814234667590081,2742147296,danielgintingm,#MotivasiHariIni : SAAT MENGAGUMI TAMAN ORANG LAIN JANGAN LUPA MERAWAT BUNGAMU SENDIRI Tidak ada salahnya mengagumi milik orang lain tapi alangkah baiknya hal baik yang mereka miliki gunakan juga untuk mengembangkan milik sendiri. #TetapSemangat #TetapOptimis https://t.co/k08QsAoyqE,2025-03-17 23:00:18,['08'],mengagumi taman orang lupa merawat bungamu salahnya mengagumi milik orang alangkah baiknya miliki mengembangkan milik,negatif,-4,negatif,2.222252706591056
609,1873149754445840804,2268898844,Erwinbinjai,Hai temen-temen! Selamat pagi dari Regarcommerce! Mulai hari ini dengan semangat 1000 watt &amp; keceriaan yang nge-boost mood! Dapatkan motivasi di sini! #Regarcommerce #MotivasiHariIni #SemangatBaru https://t.co/o08XliI4oO https://t.co/4HpamjIXyb,2025-03-17 23:00:18,"['1000', '08', '4', '4']",hai tementemen selamat pagi regarcommerce semangat 1000 watt amp keceriaan ngeboost mood dapatkan motivasi,positif,4,positif,2.2038386698286185
610,1873149575336472708,1616370152710471680,Erwinregar8,Hai temen-temen! Selamat pagi dari Regarcommerce! Dapatkan suntikan semangat anti-mager untuk hari ini! Yuk mulai hari dengan keceriaan &amp; raih produktivitas maksimal! ️ [https://t.co/uU6WeBriRN](https://t.co/uU6WeBriRN) #Regarcommerce #SemangatPagi #MotivasiHariIni https://t.co/sB0k36nIdh,2025-03-17 23:00:18,"['6', '6', '0', '36']",hai tementemen selamat pagi regarcommerce dapatkan suntikan semangat antimager yuk keceriaan amp raih produktivitas maksimal,positif,14,positif,2.2222237133842246
611,1873050543859679712,1712821947661484032,catcimol,jangan pernah masuk ke dunia retail kalo lu gamau mati muda #motivasihariini,2025-03-17 23:00:18,[],masuk dunia retail kalo lu gamau mati muda,negatif,-16,negatif,2.222225988339469
612,1872696280268587508,2151432885,wendymuhammadwm,Setiap langkah adalah doa. Jangan menyerah. Bersyukurlah jika kamu sudah sampai di sana. #PerjuanganHidup #MotivasiHidup #DramaKehidupan #KisahInspiratif #FYP #Viral #PencariKerja #BersyukurSelalu #DrakorQuotes #SemangatTerus #PejuangKerja #HarapanBaru #MotivasiHariIni https://t.co/zWAyWTCkYg,2025-03-17 23:00:18,[],langkah doa menyerah bersyukurlah,negatif,-4,negatif,2.229709461976416
613,1872247557038248165,1787356659456802816,Kefashowanta,Parasit yang beban aja bisa hidup masa lu takut #MotivasiHariIni,2025-03-17 23:00:18,[],parasit beban aja hidup lu takut,negatif,-12,negatif,2.2257165261482337
614,1871553723513938399,1597531078943592448,AnhietaHsndn,Ketakutanmu adalah musuh terbesarmu. Hadapi bukan lari. #anhietahasanuddin #quotes #motivasihariini #motivasi #inspirasi https://t.co/dO5hiEOJXi,2025-03-17 23:00:18,['5'],ketakutanmu musuh terbesarmu hadapi lari,negatif,-6,negatif,2.22220575951858
615,1871553386551848971,1597531078943592448,AnhietaHsndn,Hanya kamu yang bisa menentukan seberapa jauh kamu akan pergi. #anhietahasanuddin #quotes #motivasihariini #motivasi #inspirasi https://t.co/CShqQPsUJd,2025-03-17 23:00:18,[],menentukan pergi,negatif,-3,negatif,2.222223896935553
616,1871553053645774971,1597531078943592448,AnhietaHsndn,Keberhasilan dimulai dari pikiran. Apa yang kamu pikirkan itu yang kamu wujudkan. #anhietahasanuddin #quotes #motivasihariini #motivasi #inspirasi https://t.co/biBY4QhFgc,2025-03-17 23:00:18,['4'],keberhasilan pikiran pikirkan wujudkan,netral,0,netral,2.2222167333666163
617,1871552740389990432,1597531078943592448,AnhietaHsndn,Dunia ini milik mereka yang berani mencoba. #anhietahasanuddin #quotes #motivasihariini #motivasi #inspirasi https://t.co/VnWGA8qbFr,2025-03-17 23:00:18,['8'],dunia milik berani mencoba,negatif,-1,negatif,2.2221964824699505
618,1871552411543990469,1597531078943592448,AnhietaHsndn,Waktu akan selalu menunjukkan mana yang tulus dan mana yang palsu. #anhietahasanuddin #quotes #motivasihariini #motivasi #inspirasi https://t.co/VfJ3TroXVu,2025-03-17 23:00:18,['3'],tulus palsu,positif,4,positif,2.2222201172328857
619,1871552026704003521,1597531078943592448,AnhietaHsndn,Kadang kalah adalah pelajaran terbaik untuk menang. #anhietahasanuddin #quotes #motivasihariini #motivasi #inspirasi https://t.co/TOpWak0l1n,2025-03-17 23:00:18,"['0', '1']",kadang kalah pelajaran terbaik menang,positif,1,positif,2.222229378741377
620,1871551582514581708,1597531078943592448,AnhietaHsndn,Jika kamu ingin hasil besar siaplah dengan pengorbanan besar. #anhietahasanuddin #quotes #motivasihariini #motivasi #inspirasi https://t.co/mbR2CEywFo,2025-03-17 23:00:18,['2'],hasil siaplah pengorbanan,positif,3,positif,2.2138390703909736
621,1871551252213203429,1597531078943592448,AnhietaHsndn,Kamu nggak akan pernah tahu seberapa kuat kamu sampai kekuatan jadi satu-satunya pilihan. #anhietahasanuddin #quotes #motivasihariini #motivasi #inspirasi https://t.co/0vSsJmRUu7,2025-03-17 23:00:18,"['0', '7']",nggak kuat kekuatan satusatunya pilihan,positif,2,positif,2.22222720716139
622,1871550905746931880,1597531078943592448,AnhietaHsndn,Rasa takut adalah penjara. Ambisi adalah kunci kebebasan. #anhietahasanuddin #quotes #motivasihariini #motivasi #inspirasi https://t.co/bGrB1QkpY9,2025-03-17 23:00:18,"['1', '9']",takut penjara ambisi kunci kebebasan,negatif,-1,negatif,2.222231388820335
623,1871550517903851793,1597531078943592448,AnhietaHsndn,Jangan hidup untuk membuktikan sesuatu ke orang lain. Hiduplah untuk dirimu sendiri. #anhietahasanuddin #quotes #motivasihariini #motivasi #inspirasi https://t.co/yFC82gseYW,2025-03-17 23:00:18,['82'],hidup membuktikan orang hiduplah dirimu,negatif,-9,negatif,2.2222217071014994
624,1871550085752127661,1597531078943592448,AnhietaHsndn,Kegagalan terbesarmu adalah saat kamu berhenti mencoba. #anhietahasanuddin #quotes #motivasihariini #motivasi #inspirasi https://t.co/yuA6zYK50r,2025-03-17 23:00:18,"['6', '50']",kegagalan terbesarmu berhenti mencoba,netral,0,netral,2.22222555299944
625,1870252387757379958,2742147296,danielgintingm,#MotivasiHariIni : JANGAN BIARKAN KERAGUANMU MENGHALANGI LANGKAHMU PERTEBAL KEYAKINANMU AGAR MENIPIS KERAGUANMU keraguan hanya membuatmu kehilangan hal baik yg mungkin dimenangkan dengan takut mencoba.Buang jauh keraguanmu sebelum ia merebut mimpimu #TetapSemangat #TetapOptimis https://t.co/1E1xZTrCBQ,2025-03-17 23:00:18,"['1', '1']",biarkan keraguanmu menghalangi langkahmu pertebal keyakinanmu menipis keraguanmu keraguan membuatmu kehilangan yg dimenangkan takut mencobabuang keraguanmu merebut mimpimu,negatif,-17,negatif,2.2245966207071417
626,1869895495478612196,1536545794295312385,indagjabar,Bahagia itu sederhana Kebahagiaan datang dari iman yang tertanam di hati dan amal kebaikan yang kita lakukan untuk diri sendiri dan orang lain. Mulai dari sekarang yuk perbanyak amal saleh #JumatPenuhMakna #MotivasiHariIni #jawabarat #IndagPESAT #disperindagjabar https://t.co/OIPHizudjY,2025-03-17 23:00:18,[],bahagia sederhana kebahagiaan iman tertanam hati amal kebaikan lakukan orang yuk perbanyak amal saleh,positif,4,positif,2.2222236430017417
627,1869876599140823242,2742147296,danielgintingm,#MotivasiHariIni : KEYAKINAN AKAN MERAIH KEBERHASILAN ADALAH MODAL DASAR DALAM MELAKUKAN APAPUN Keraguan tidak akan meneguhkan keyakinan malah sebaliknya akan melemahkan. Singkirkan keraguan sebelum melangkah. #TetapSemangat #TetapOptimis https://t.co/jR7pIZZNmy,2025-03-17 23:00:18,['7'],keyakinan meraih keberhasilan modal dasar apapun keraguan meneguhkan keyakinan melemahkan singkirkan keraguan melangkah,negatif,-6,negatif,2.22219946547382
628,1869832691090366833,1067221938,gal_galih,Setiap hari adalah kesempatan baru untuk belajar dan tumbuh. Mari kita hadapi tantangan dengan semangat dan tekad yang kuat. #MotivasiHariIni #SemangatBaru,2025-03-17 23:00:18,[],kesempatan belajar tumbuh mari hadapi tantangan semangat tekad kuat,negatif,-5,negatif,2.232063572069554
629,1869639687306129429,1752691829596938240,AsadUmay,@omanbdur @fauzii_khsan @tanyarlfes Kalau orang lain bisa Ya pasti..... KITA BELUM TENTU #motivasihariini,2025-03-17 23:00:18,[],orang ya,positif,4,positif,2.2222487288921027
630,1869265849590374908,1762671082585411584,beritarealita,Setiap langkah kecil yang kamu ambil hari ini akan membawa kamu lebih dekat ke impianmu. Jangan pernah berhenti mencoba! #MotivasiHariIni #Semangat,2025-03-17 23:00:18,[],langkah ambil membawa impianmu berhenti mencoba,negatif,-1,negatif,2.2222040238620635
631,1868849983577084338,3272433726,pesanstempel,Mulai dari langkah kecil karena ide hebat tak akan berarti tanpa tindakan. #MotivasiHariIni #Flashindo #KutipanInspiratiff #BerkreasiTanpaBatas https://t.co/hK9gKttzwy,2025-03-17 23:00:18,['9'],langkah ide hebat tindakan,positif,7,positif,2.2222075278073983
632,1868422931581378690,2742147296,danielgintingm,#MotivasiHariIni : KEGAGALAN HANYALAH PEMBUKTIAN BAHWA CARA YANG DIAMBIL BELUM TEPAT MASIH BANYAK CARA LAINNYA COBA LAGI! Bila telah diperjuangkan dengan sungguh-sungguh baik hasilnya berhasil atau gagal sesungguhnya semangat perjuangan itu adalah keberhasilan tersendiri https://t.co/S1KxSY2X70,2025-03-17 23:00:18,"['1', '2', '70']",kegagalan pembuktian diambil coba diperjuangkan sungguhsungguh hasilnya berhasil gagal sesungguhnya semangat perjuangan keberhasilan tersendiri,positif,1,positif,2.2222369120506955
633,1867700205480808579,2742147296,danielgintingm,#MotivasiHariIni : Untuk bermimpi gratis tidak perlu bayar namun untuk mewujudkan mimpi butuh perjuangan dan pengorbanan yang harus dibayar. PERJUANGAN DAN PENGORBANAN YANG DIBAYAR UNTUK MEWUJUDKAN MIMPI ADALAH INVESTASI YANG KELAK DIPETIK HASILNYA #TetapSemangat #TetapOptimis https://t.co/8KEI2PZztH,2025-03-17 23:00:18,"['8', '2']",bermimpi gratis bayar mewujudkan mimpi butuh perjuangan pengorbanan dibayar perjuangan pengorbanan dibayar mewujudkan mimpi investasi kelak dipetik hasilnya,netral,0,netral,2.222208142009764
634,1867336118150344721,2742147296,danielgintingm,#MotivasiHariIni : perubahan besar mungkin tidak terjadi serta merta tetapi dengan usaha bahkan yang sulit dapat menjadi mudah. DENGAN KEYAKINAN DIRI MAKA SEGALA KESULITAN AKAN DAPAT DILALUI WALAU BERAT SEKALIPUN #TetapSemangat #TetapOptimis https://t.co/MeDUW0Gc5F,2025-03-17 23:00:18,"['0', '5']",perubahan merta usaha sulit mudah keyakinan kesulitan berat,negatif,-6,negatif,2.223126904866846
635,1866972590679740762,2742147296,danielgintingm,#MotivasiHariIni : Jangan biarkan rintangan dan tantangan menghentikanmu mereka tidak lebih besar darimu. JAGA API SEMANGATMU TETAP MENYALA DENGAN BEGITU ENGKAU TELAH MENJAGA IMPIAMU TETAP HIDUP #TetapSemangat #TetapOptimis https://t.co/mtuaReH5NC,2025-03-17 23:00:18,['5'],biarkan rintangan tantangan menghentikanmu darimu jaga api semangatmu menyala engkau menjaga impiamu hidup,negatif,-21,negatif,2.2222183336989083
636,1866248884441460812,2742147296,danielgintingm,#MotivasiHariIni : tidak ada yang bisa kembali dan memulai awal yang baru tetapi siapapun dapat memulai hari ini dan membuat akhir yang baru. HAL TERBAIK YANG DILAKUKAN SETIAP SAAT AKAN MEMBERIKAN AKHIR YANG TERBAIK PULA #TetapSemangat #TetapOptimis https://t.co/pTqOrmue22,2025-03-17 23:00:18,['22'],terbaik terbaik,positif,10,positif,2.240689212496
637,1865887493255844169,2742147296,danielgintingm,#MotivasiHariIni : YAKINLAH PADA MIMPIMU KERJAKAN MIMPIMU BAWA DALAM DOA MIMPIMU NISCAYA MIMPIMU KAN TERWUJUD NYATA #TetapSemangat #TetapOptimis https://t.co/68JMOuuub3,2025-03-17 23:00:18,"['68', '3']",yakinlah mimpimu kerjakan mimpimu bawa doa mimpimu niscaya mimpimu terwujud nyata,negatif,-9,negatif,2.2222214643275326
638,1864073577949229337,2742147296,danielgintingm,#MotivasiHariIni : SELAMA MASIH ADA KESEMPATAN TETAPLAH BERJUANG DAN PANTANG MENYERAH Kesempatan selalu ada bagi mereka yang tetap semangat memperjuangkan mimpinya. Ayo pacu lagi semangatmu kawan! #TetapSemangat #TetapOptimis https://t.co/qVyRoNe7S0,2025-03-17 23:00:18,"['7', '0']",kesempatan tetaplah berjuang pantang menyerah kesempatan semangat memperjuangkan mimpinya ayo pacu semangatmu kawan,negatif,-5,negatif,2.222230740208985
639,1863520729649893842,4757549449,theprawito,Tantangan hari ini adalah pelajaran untuk esok hari. Tetaplah melangkah karena setiap langkah kecil membawa kita lebih dekat ke tujuan besar. #MotivasiHariIni #KeepMovingForward,2025-03-17 23:00:18,[],tantangan pelajaran esok tetaplah melangkah langkah membawa tujuan,positif,4,positif,2.2222105497651397
640,1863175936730149190,1341802860,wroger0129,Jangan pernah meremehkan langkah kecil karena setiap perjalanan besar dimulai dengan langkah pertama. #MotivasiHariIni,2025-03-17 23:00:18,[],meremehkan langkah perjalanan langkah,positif,3,positif,2.2272001032959796
641,1862861333257150541,1512327246593228801,ArieHendraS21,Jangan takut gagal! Setiap langkah termasuk kegagalan adalah bukti bahwa kamu berani mencoba dan mendekati sukses. #MotivasiHariIni #BeraniCoba #PantangMenyerah #SuksesBersama #SemangatPositif https://t.co/ie8cmxyOU5,2025-03-17 23:00:18,"['8', '5']",takut gagal langkah kegagalan bukti berani mencoba mendekati sukses,negatif,-4,negatif,2.2222405593359653
642,1862265957009563838,2742147296,danielgintingm,#MotivasiHariIni : Berdirilah di depan cermin dan lihatlah dirimu sendiri lalu berteriaklah dengan keras AKU AKAN TERUS BERJUANG DAN TIDAK PERNAH MENYERAH dan kamu adalah pemenang! #TetapSemangat #TetapOptimis https://t.co/cu3jLCocfx,2025-03-17 23:00:18,['3'],berdirilah cermin lihatlah dirimu berteriaklah keras berjuang menyerah pemenang,positif,1,positif,2.2222248897588415
643,1861541616114376912,2742147296,danielgintingm,#MotivasiHariIni : PILIHANMU HARI INI MENENTUKAN MASA DEPANMU PILIHLAH YANG TERBAIK Setiap pilihan membawa konsekuensi di hari esok melibatkan Yang Maha Kuasa dalam menentukan pilihan adalah sebuah kebijaksanaan. #TetapSemangat #TetapOptimis https://t.co/Le3y9KNJBC,2025-03-17 23:00:18,"['3', '9']",pilihanmu menentukan depanmu pilihlah terbaik pilihan membawa konsekuensi esok melibatkan maha kuasa menentukan pilihan kebijaksanaan,positif,17,positif,2.2222115908183286
644,1861410231596785725,1341802860,wroger0129,Jangan takut memulai meski kecil langkahnya. Perjalanan besar dimulai dari satu langkah sederhana. #MotivasiHariIni #Semangat,2025-03-17 23:00:18,[],takut langkahnya perjalanan langkah sederhana,negatif,-5,negatif,2.2270491738542786
645,1861179440111460395,2742147296,danielgintingm,#MotivasiHariIni : sebagian besar rintangan mencair ketika kita memutuskan untuk berjalan dengan berani menembusnya. JANGAN JADIKAN HALANGAN SEBAGAI PENGHALANG UNTUK MAJU NAMUN JADIKAN MOTIVASI UNTUK TERUS MAJU #TetapSemangat #TetapOptimis https://t.co/eKrYAiVzGM,2025-03-17 23:00:18,[],rintangan mencair memutuskan berjalan berani menembusnya jadikan halangan penghalang maju jadikan motivasi maju,negatif,-9,negatif,2.2048659894865406
646,1860814234667590081,2742147296,danielgintingm,#MotivasiHariIni : SAAT MENGAGUMI TAMAN ORANG LAIN JANGAN LUPA MERAWAT BUNGAMU SENDIRI Tidak ada salahnya mengagumi milik orang lain tapi alangkah baiknya hal baik yang mereka miliki gunakan juga untuk mengembangkan milik sendiri. #TetapSemangat #TetapOptimis https://t.co/k08QsAoyqE,2025-03-17 23:00:18,['08'],mengagumi taman orang lupa merawat bungamu salahnya mengagumi milik orang alangkah baiknya miliki mengembangkan milik,negatif,-4,negatif,2.222252706591056
647,1928806098024140996,1719346529549639680,,Tapi inget hidup bukan soal jadi sempurna tapi soal belajar maaf-maafan dan tumbuh bareng. Jadi terus rendah hati jadi pemaaf dan jangan pernah berhenti buat upgrade diri sendiri! #MotivasiHariIni #SelfGrowth #RendahHati #BelajarHidup #Pemaaf #MentalHealth,2025-06-01 08:27:52,[],inget hidup sempurna belajar maafmaafan tumbuh bareng rendah hati pemaaf berhenti upgrade,negatif,-14,negatif,2.2222462184343597
648,1928753298800078916,1856931953574055936,,Orang Tambah Pintar Tambah Baik #inspirationdaily #motivation #motivasidirisendiri #Quotes #katamutiara #semuaorang #katakatabijak #Motivasidiri #katabijak #edukasi #motivasihidup #viralvideos #quotes #education #trending #MotivasiHariIni https://t.co/CV429z6Z41,2025-06-01 08:27:52,"['429', '6', '41']",orang pintar,netral,0,netral,2.2195531065887555
649,1927659208931230094,1856931953574055936,,TUMBUH DALAM DIAM KUAT KARENA AKAR#inspirationdaily #motivation #motivasidirisendiri #Quotes #katamutiara #semuaorang #katakatabijak #Motivasidiri #katabijak #edukasi #motivasihidup #viralvideos #quotes #education #trending #MotivasiHariIni https://t.co/31zfBJqLQU,2025-06-01 08:27:52,['31'],tumbuh diam kuat akar,negatif,-9,negatif,2.222204440034817
650,1927206616404824339,1363748520545583104,,Yuk semangat menjalani hari ini dan capai mimpi-mimpi besar kita #QuoteOfTheDay #NajwaShihab #PerpustakaanBLAJ #MotivasiHariIni https://t.co/vBi1OWlwfD,2025-06-01 08:27:52,['1'],yuk semangat menjalani capai mimpimimpi,positif,1,positif,2.2222040267033143
651,1926208791437086820,1856931953574055936,,SETIA PADA HAL KECIL#motivation #inspirationdaily #motivasidirisendiri #Quotes #katamutiara #semuaorang #katakatabijak #Motivasidiri #katabijak #edukasi #motivasihidup #viralvideos #quotes #education #trending #MotivasiHariIni https://t.co/lx5ANR9Ujb,2025-06-01 08:27:52,"['5', '9']",setia,negatif,-4,negatif,2.2222207531328872
652,1926049301442003319,2742147296,,#MotivasiHariIni : TANPA KEBERANIAN ANDA TAKKAN BISA MELAKUKAN APAPUN SEBELUM MENGINGINKAN SESUATU PASTIKAN ANDA MEMILIKI KEBERANIAN #TetapSemangat #TetapOptimis #PantangMenyerah https://t.co/1HN5FJV2HJ,2025-06-01 08:27:52,"['1', '5', '2']",keberanian takkan apapun pastikan memiliki keberanian,positif,3,positif,2.166893228811714
653,1925213923835564322,1901282634380271616,,Saat kamu merasa lelah ingatlah bahwa setiap langkah kecil yang kamu ambil hari ini akan membawa kamu lebih dekat ke impianmu besok. Jangan menyerah teruslah melangkah! #MotivasiHariIni #JanganMenyerah,2025-06-01 08:27:52,[],lelah ingatlah langkah ambil membawa impianmu besok menyerah teruslah melangkah,negatif,-8,negatif,2.227375467598359
654,1924965398921035795,2742147296,,#MotivasiHariIni : PERJALANAN HIDUPMU MUNGKIN TAK MUDAH TAPI YAKINLAH AKAN INDAH PADA AKHIRNYA BUKANKAH PEMANDANGAN INDAHPUN TAMPAK SETELAH PENDAKIAN YANG MELELAHKAN? #TetapSemangat #TetapOptimis #PantangMenyerah https://t.co/K4oiHZ2ltU,2025-06-01 08:27:52,"['4', '2']",perjalanan hidupmu mudah yakinlah indah pemandangan indahpun pendakian melelahkan,negatif,-1,negatif,2.2222278474317805
655,1924724000313508195,1363748520545583104,,Kadang kita terlalu banyak memikirkan merumitkan dan membandingkan. Padahal kesederhanaan seringkali menyimpan kebahagiaan yang sejati. #PerpustakaanBLAJ #LiterasiAgama #MotivasiHariIni https://t.co/sv6Yxg9isx,2025-06-01 08:27:52,"['6', '9']",kadang memikirkan merumitkan membandingkan kesederhanaan seringkali menyimpan kebahagiaan sejati,positif,4,positif,2.2222385530126716
656,1924603682009842005,2742147296,,#MotivasiHariIni : COBALAH DULU SEBELUM MENOLAKNYA SEBAB KEBERHASILAN BERAWAL DARI KEPUTUSAN UNTUK MENCOBA #TetapSemangat #TetapOptimis #PantangMenyerah #GanjaristIndonesia https://t.co/iAZor17406,2025-06-01 08:27:52,['17406'],cobalah menolaknya keberhasilan keputusan mencoba,positif,4,positif,2.2214325890851896
657,1924413032861782409,1232621949357977600,,Teruslah bergerak. Sekalipun pelan asal tidak berhenti kamu tetap maju. #MotivasiHariIni #Semangat #TerusMelangkah https://t.co/UAQiwLFK1W,2025-06-01 08:27:52,['1'],teruslah bergerak pelan berhenti maju,netral,0,netral,2.222194909507948
658,1924237322268361011,2742147296,,#MotivasiHariIni : BAHKAN MALAM YANG PALING GELAPPUN AKAN BERAKHIR KALA MATAHARI TERBIT MASALAH TAK SELAMANYA ADA MASALAHMU KAN SIRNA KALA SEMANGATMU BANGKIT KEMBALI #TetapSemangat #TetapOptimis #PantangMenyerah #GanjaristOptimis https://t.co/r36C7hgQiG,2025-06-01 08:27:52,"['36', '7']",malam gelappun matahari terbit masalahmu sirna semangatmu bangkit,negatif,-8,negatif,2.2222143472285327
659,1923151991494099389,2742147296,,#MotivasiHariIni : KERJA KERAS MEMANG TIDAK MENJAMIN KEBERHASILAN TAPI MENINGKATKAN PELUANG UNTUK MERAIHNYA #TetapSemangat #TetapOptimis #PantangMenyerah https://t.co/SkRFBICCHG,2025-06-01 08:27:52,[],kerja keras menjamin keberhasilan meningkatkan peluang meraihnya,negatif,-3,negatif,2.1783223700663203
660,1922790972909318579,2742147296,,#MotivasiHariIni : JANGAN MENYERAH! KEBAHAGIAAN AKAN HADIR SETELAH LELAHMU #TetapSemangat #TetapOptimis #PantangMenyerah https://t.co/iMbFPYEXpe,2025-06-01 08:27:52,[],menyerah kebahagiaan hadir lelahmu,negatif,-3,negatif,2.2176686994661643
661,1922574016180584685,1325660530040713216,,#bankjombang100 Seperti kereta yang terus melaju hari Senin adalah momen terbaik untuk memulai langkah menuju impianmu. #HappyMonday #SemangatSenin #BankJombang #MotivasiHariIni #InspirationMonday #BankJombang https://t.co/wVMB6bfN2I,2025-06-01 08:27:52,"['100', '6', '2']",kereta melaju senin momen terbaik langkah impianmu,positif,5,positif,2.2222132785399427
662,1922099592679596422,1951022732,,Lakukan kebaikan sekecil apa pun karena di mata semesta setiap aksi berarti. #wishdom #katabijak #motivasi #motivasihariini,2025-06-01 08:27:52,[],lakukan kebaikan mata semesta aksi,positif,4,positif,2.2222428878602565
663,1921878600036319319,1534532644301844481,,Selamat sore Pagaria! ️ Lao Tzu pernah bilang: Perjalanan seribu mil dimulai dengan satu langkah. Langkah kecil hari ini bisa jadi awal perubahan besar. #PemudaGatraAryaguna #PagarRaya #QuotesOfTheDay #TerusMelangkah #SelamatPagi #MotivasiHariIni,2025-06-01 08:27:52,[],selamat sore pagaria lao tzu bilang perjalanan seribu mil langkah langkah perubahan,positif,14,positif,2.2237643264618474
664,1921697475108254129,805594120605564928,,Selamat pagi! Semangat Senin! Mari kita mulai hari ini dengan penuh energi dan harapan. Setiap langkah kecil membawa kita lebih dekat ke impian kita. Ayo capai tujuan kita bersama! #SeninSemangat #MotivasiHariIni,2025-06-01 08:27:52,[],selamat pagi semangat senin mari penuh energi harapan langkah membawa impian ayo capai tujuan,positif,9,positif,2.2248719598271407
665,1921490168101446040,1606714909303386113,,Hidup ini singkat tapi setiap detik bisa jadi viral. #MotivasiHariIni Train your #AIAgent with #aZen earn daily. Join Now https://t.co/m0UxWKLgWN,2025-06-01 08:27:52,['0'],hidup singkat detik viral train your with earn daily join now,negatif,-6,negatif,2.2222229478724858
666,1920419617970770318,1856931953574055936,,jangan seperti orang lain#motivation #inspiration #motivasi #Quotes #katamutiara #semuaorang #inspirasi #katakatabijak #Motivasidiri #motivasidirisendiri #katabijak #edukasi #motivasihidup #viralvideos #quotes #education #trending #MotivasiHariIni #motivasihariinijanganmengeluh https://t.co/RQHrfALGhs,2025-06-01 08:27:52,[],orang,netral,0,netral,2.163758258638312
667,1920049918783185077,1771302792659128320,,Dulu diremehkan sekarang bikin semua terpana! Si panda ini buktiin kerja keras gak bakal khianatin hasil. Yuk semangat sukses itu milik siapa aja yang gak nyerah! #KerjaKeras #Sukses #FYP #PandaHebat #MotivasiHariIni #PandaKerjaKeras #SemangatPagi #InspoVideo #Berjuang https://t.co/MNUNBcpkVj,2025-06-01 08:27:52,[],diremehkan bikin terpana si panda buktiin kerja keras gak khianatin hasil yuk semangat sukses milik aja gak nyerah,positif,8,positif,2.2222086282628606
668,1919202946203394315,2229429284,,Seperti kereta yang terus melaju hari Senin adalah momen terbaik untuk memulai langkah menuju impianmu. #HappyMonday #SemangatSenin #BankJombang #MotivasiHariIni #InspirationMonday #BankJombang https://t.co/TJUryrHols,2025-06-01 08:27:52,[],kereta melaju senin momen terbaik langkah impianmu,positif,5,positif,2.2222132785399427
669,1919166570267349096,2742147296,,#MotivasiHariIni : SAAT YANG TERJADI TIDAK SESUAI HARAPAN JANGANLAH KECEWA KARENA TERKADANG KERETA YANG SALAH BISA MEMBAWAMU KE STASIUN YANG TEPAT #TetapSemangat #TetapOptimis #PantangMenyerah https://t.co/dpK3yUqGKH,2025-06-01 08:27:52,['3'],sesuai harapan kecewa terkadang kereta salah membawamu stasiun,negatif,-2,negatif,2.222226846326998
670,1918911938794582304,1622202866420305920,,Knock knock knock! Pendidikan adalah senjata paling ampuh untuk mengubah dunia. Nelson Mandela Belajar bukan cuma untuk lulus tapi untuk mengubah dunia. Mulai dari kamu. Sekarang. #NelsonMandela #PowerOfEducation #DutaInspirasiIndonesia #MotivasiHariIni #QuotesOfTheDay https://t.co/o9DT5aKFGu,2025-06-01 08:27:52,"['9', '5']",knock knock knock pendidikan senjata ampuh mengubah dunia nelson mandela belajar lulus mengubah dunia,positif,4,positif,2.2194808067272964
671,1918616119356837938,1856931953574055936,,HArusnya Kurangi Gangguan #motivation #inspiration #motivasi #Quotes #katamutiara #semuaorang #inspirasi #katakatabijak #Motivasidiri #motivasidirisendiri #katabijak #edukasi #motivasihidup #viralvideos #quotes #education #trending #MotivasiHariIni #motivasihariinijanganmengeluh https://t.co/lNedEKuqvT,2025-06-01 08:27:52,[],kurangi gangguan,netral,0,netral,2.1842689662146997
672,1918436641280278735,2742147296,,#MotivasiHariIni : BANGKITLAH DARI TIDURMU DENGAN TEKAD DAN BERBARINGLAH DI PERADUAN DENGAN SENYUM KEPUASAN Isilah harimu dengan karya terbaikmu kerja kerasmu kan memberi kepuasan bg dirimu dan impianmu bukan sekedar mimpi belaka #TetapSemangat #TetapOptimis #PantangMenyerah https://t.co/qCXZ9emAjZ,2025-06-01 08:27:52,['9'],bangkitlah tidurmu tekad berbaringlah peraduan senyum kepuasan isilah harimu karya terbaikmu kerja kerasmu kepuasan bg dirimu impianmu sekedar mimpi belaka,positif,7,positif,2.2222272114922537
673,1917411812225736792,1622202866420305920,,Knock knock knock!!! BOOM BOOM!!! Billy buktiin asal bukan halangan. Dengan tekad mimpi bisa sampai Oxford. Kamu juga bisa asal berani melangkah. #BillyMambrasar #AnakPapuaBisa #DutaInspirasiIndonesia #MotivasiHariIni #QuotesOfTheDay https://t.co/C04NDrTqEG,2025-06-01 08:27:52,['04'],knock knock knock boom boom billy buktiin halangan tekad mimpi oxford berani melangkah,negatif,-1,negatif,2.2222275468257013
674,1916629748924776855,2742147296,,#MotivasiHariIni : SENYUMI MASALAHMU DAN LIHATLAH IA BERANGSUR HILANG SEPERTI GELAP YANG BERANGSUR PUDAR DISAPU SINAR MENTARI PAGI #TetapSemangat #TetapOptimis #PantangMenyerah https://t.co/XPa6cfgARN,2025-06-01 08:27:52,['6'],senyumi masalahmu lihatlah berangsur hilang gelap berangsur pudar disapu sinar mentari pagi,negatif,-20,negatif,2.222225347727094
675,1915340880866927094,1859110584413020160,,Dari kontrakan ke Ka'bah... Pak Ajang Supandi dulu gagal nyalon Kades. Skg? Bgkt Haji sbg anggota DPRD 4 periode. Hdp kyk rollercoaster tp sbr bikin naik level! Doain beliau guys! #HajiMabrur #KarawangHebat #SuaraKitaNews #CeritaRakyat #MotivasiHariIni https://t.co/hk3277nXgo,2025-06-01 08:27:52,"['4', '3277']",kontrakan kabah ajang supandi gagal nyalon kades skg bgkt haji sbg anggota dprd 4 periode hdp kyk rollercoaster tp sbr bikin level doain beliau guys,negatif,-7,negatif,2.2222266746005834
676,1915177963907408120,2742147296,,#MotivasiHariIni : AKAN ADA SAATNYA HIDUP TERASA BEGITU BERAT DAN DIRI MERASA TAK KUAT JANGAN PASRAH! LAWAN SEKUAT TENAGA PERASAAN ITU #TetapSemangat #TetapOptimis #PantangMenyerah https://t.co/d2hb1Vc3WD,2025-06-01 08:27:52,"['2', '1', '3']",hidup berat kuat pasrah lawan sekuat tenaga perasaan,negatif,-11,negatif,2.2222231643208334
677,1928806098024140996,1719346529549639680,,Tapi inget hidup bukan soal jadi sempurna tapi soal belajar maaf-maafan dan tumbuh bareng. Jadi terus rendah hati jadi pemaaf dan jangan pernah berhenti buat upgrade diri sendiri! #MotivasiHariIni #SelfGrowth #RendahHati #BelajarHidup #Pemaaf #MentalHealth,2025-06-01 08:28:31,[],inget hidup sempurna belajar maafmaafan tumbuh bareng rendah hati pemaaf berhenti upgrade,negatif,-14,negatif,2.2222462184343597
678,1928753298800078916,1856931953574055936,,Orang Tambah Pintar Tambah Baik #inspirationdaily #motivation #motivasidirisendiri #Quotes #katamutiara #semuaorang #katakatabijak #Motivasidiri #katabijak #edukasi #motivasihidup #viralvideos #quotes #education #trending #MotivasiHariIni https://t.co/CV429z6Z41,2025-06-01 08:28:31,"['429', '6', '41']",orang pintar,netral,0,netral,2.2195531065887555
679,1927659208931230094,1856931953574055936,,TUMBUH DALAM DIAM KUAT KARENA AKAR#inspirationdaily #motivation #motivasidirisendiri #Quotes #katamutiara #semuaorang #katakatabijak #Motivasidiri #katabijak #edukasi #motivasihidup #viralvideos #quotes #education #trending #MotivasiHariIni https://t.co/31zfBJqLQU,2025-06-01 08:28:31,['31'],tumbuh diam kuat akar,negatif,-9,negatif,2.222204440034817
680,1927206616404824339,1363748520545583104,,Yuk semangat menjalani hari ini dan capai mimpi-mimpi besar kita #QuoteOfTheDay #NajwaShihab #PerpustakaanBLAJ #MotivasiHariIni https://t.co/vBi1OWlwfD,2025-06-01 08:28:31,['1'],yuk semangat menjalani capai mimpimimpi,positif,1,positif,2.2222040267033143
681,1926208791437086820,1856931953574055936,,SETIA PADA HAL KECIL#motivation #inspirationdaily #motivasidirisendiri #Quotes #katamutiara #semuaorang #katakatabijak #Motivasidiri #katabijak #edukasi #motivasihidup #viralvideos #quotes #education #trending #MotivasiHariIni https://t.co/lx5ANR9Ujb,2025-06-01 08:28:31,"['5', '9']",setia,negatif,-4,negatif,2.2222207531328872
682,1926049301442003319,2742147296,,#MotivasiHariIni : TANPA KEBERANIAN ANDA TAKKAN BISA MELAKUKAN APAPUN SEBELUM MENGINGINKAN SESUATU PASTIKAN ANDA MEMILIKI KEBERANIAN #TetapSemangat #TetapOptimis #PantangMenyerah https://t.co/1HN5FJV2HJ,2025-06-01 08:28:31,"['1', '5', '2']",keberanian takkan apapun pastikan memiliki keberanian,positif,3,positif,2.166893228811714
683,1925213923835564322,1901282634380271616,,Saat kamu merasa lelah ingatlah bahwa setiap langkah kecil yang kamu ambil hari ini akan membawa kamu lebih dekat ke impianmu besok. Jangan menyerah teruslah melangkah! #MotivasiHariIni #JanganMenyerah,2025-06-01 08:28:31,[],lelah ingatlah langkah ambil membawa impianmu besok menyerah teruslah melangkah,negatif,-8,negatif,2.227375467598359
684,1924965398921035795,2742147296,,#MotivasiHariIni : PERJALANAN HIDUPMU MUNGKIN TAK MUDAH TAPI YAKINLAH AKAN INDAH PADA AKHIRNYA BUKANKAH PEMANDANGAN INDAHPUN TAMPAK SETELAH PENDAKIAN YANG MELELAHKAN? #TetapSemangat #TetapOptimis #PantangMenyerah https://t.co/K4oiHZ2ltU,2025-06-01 08:28:31,"['4', '2']",perjalanan hidupmu mudah yakinlah indah pemandangan indahpun pendakian melelahkan,negatif,-1,negatif,2.2222278474317805
685,1924724000313508195,1363748520545583104,,Kadang kita terlalu banyak memikirkan merumitkan dan membandingkan. Padahal kesederhanaan seringkali menyimpan kebahagiaan yang sejati. #PerpustakaanBLAJ #LiterasiAgama #MotivasiHariIni https://t.co/sv6Yxg9isx,2025-06-01 08:28:31,"['6', '9']",kadang memikirkan merumitkan membandingkan kesederhanaan seringkali menyimpan kebahagiaan sejati,positif,4,positif,2.2222385530126716
686,1924603682009842005,2742147296,,#MotivasiHariIni : COBALAH DULU SEBELUM MENOLAKNYA SEBAB KEBERHASILAN BERAWAL DARI KEPUTUSAN UNTUK MENCOBA #TetapSemangat #TetapOptimis #PantangMenyerah #GanjaristIndonesia https://t.co/iAZor17406,2025-06-01 08:28:31,['17406'],cobalah menolaknya keberhasilan keputusan mencoba,positif,4,positif,2.2214325890851896
687,1924413032861782409,1232621949357977600,,Teruslah bergerak. Sekalipun pelan asal tidak berhenti kamu tetap maju. #MotivasiHariIni #Semangat #TerusMelangkah https://t.co/UAQiwLFK1W,2025-06-01 08:28:31,['1'],teruslah bergerak pelan berhenti maju,netral,0,netral,2.222194909507948
688,1924237322268361011,2742147296,,#MotivasiHariIni : BAHKAN MALAM YANG PALING GELAPPUN AKAN BERAKHIR KALA MATAHARI TERBIT MASALAH TAK SELAMANYA ADA MASALAHMU KAN SIRNA KALA SEMANGATMU BANGKIT KEMBALI #TetapSemangat #TetapOptimis #PantangMenyerah #GanjaristOptimis https://t.co/r36C7hgQiG,2025-06-01 08:28:31,"['36', '7']",malam gelappun matahari terbit masalahmu sirna semangatmu bangkit,negatif,-8,negatif,2.2222143472285327
689,1923151991494099389,2742147296,,#MotivasiHariIni : KERJA KERAS MEMANG TIDAK MENJAMIN KEBERHASILAN TAPI MENINGKATKAN PELUANG UNTUK MERAIHNYA #TetapSemangat #TetapOptimis #PantangMenyerah https://t.co/SkRFBICCHG,2025-06-01 08:28:31,[],kerja keras menjamin keberhasilan meningkatkan peluang meraihnya,negatif,-3,negatif,2.1783223700663203
690,1922790972909318579,2742147296,,#MotivasiHariIni : JANGAN MENYERAH! KEBAHAGIAAN AKAN HADIR SETELAH LELAHMU #TetapSemangat #TetapOptimis #PantangMenyerah https://t.co/iMbFPYEXpe,2025-06-01 08:28:31,[],menyerah kebahagiaan hadir lelahmu,negatif,-3,negatif,2.2176686994661643
691,1922574016180584685,1325660530040713216,,#bankjombang100 Seperti kereta yang terus melaju hari Senin adalah momen terbaik untuk memulai langkah menuju impianmu. #HappyMonday #SemangatSenin #BankJombang #MotivasiHariIni #InspirationMonday #BankJombang https://t.co/wVMB6bfN2I,2025-06-01 08:28:31,"['100', '6', '2']",kereta melaju senin momen terbaik langkah impianmu,positif,5,positif,2.2222132785399427
692,1922099592679596422,1951022732,,Lakukan kebaikan sekecil apa pun karena di mata semesta setiap aksi berarti. #wishdom #katabijak #motivasi #motivasihariini,2025-06-01 08:28:31,[],lakukan kebaikan mata semesta aksi,positif,4,positif,2.2222428878602565
693,1921878600036319319,1534532644301844481,,Selamat sore Pagaria! ️ Lao Tzu pernah bilang: Perjalanan seribu mil dimulai dengan satu langkah. Langkah kecil hari ini bisa jadi awal perubahan besar. #PemudaGatraAryaguna #PagarRaya #QuotesOfTheDay #TerusMelangkah #SelamatPagi #MotivasiHariIni,2025-06-01 08:28:31,[],selamat sore pagaria lao tzu bilang perjalanan seribu mil langkah langkah perubahan,positif,14,positif,2.2237643264618474
694,1921697475108254129,805594120605564928,,Selamat pagi! Semangat Senin! Mari kita mulai hari ini dengan penuh energi dan harapan. Setiap langkah kecil membawa kita lebih dekat ke impian kita. Ayo capai tujuan kita bersama! #SeninSemangat #MotivasiHariIni,2025-06-01 08:28:31,[],selamat pagi semangat senin mari penuh energi harapan langkah membawa impian ayo capai tujuan,positif,9,positif,2.2248719598271407
695,1921490168101446040,1606714909303386113,,Hidup ini singkat tapi setiap detik bisa jadi viral. #MotivasiHariIni Train your #AIAgent with #aZen earn daily. Join Now https://t.co/m0UxWKLgWN,2025-06-01 08:28:31,['0'],hidup singkat detik viral train your with earn daily join now,negatif,-6,negatif,2.2222229478724858
696,1920419617970770318,1856931953574055936,,jangan seperti orang lain#motivation #inspiration #motivasi #Quotes #katamutiara #semuaorang #inspirasi #katakatabijak #Motivasidiri #motivasidirisendiri #katabijak #edukasi #motivasihidup #viralvideos #quotes #education #trending #MotivasiHariIni #motivasihariinijanganmengeluh https://t.co/RQHrfALGhs,2025-06-01 08:28:31,[],orang,netral,0,netral,2.163758258638312
697,1920049918783185077,1771302792659128320,,Dulu diremehkan sekarang bikin semua terpana! Si panda ini buktiin kerja keras gak bakal khianatin hasil. Yuk semangat sukses itu milik siapa aja yang gak nyerah! #KerjaKeras #Sukses #FYP #PandaHebat #MotivasiHariIni #PandaKerjaKeras #SemangatPagi #InspoVideo #Berjuang https://t.co/MNUNBcpkVj,2025-06-01 08:28:31,[],diremehkan bikin terpana si panda buktiin kerja keras gak khianatin hasil yuk semangat sukses milik aja gak nyerah,positif,8,positif,2.2222086282628606
698,1919202946203394315,2229429284,,Seperti kereta yang terus melaju hari Senin adalah momen terbaik untuk memulai langkah menuju impianmu. #HappyMonday #SemangatSenin #BankJombang #MotivasiHariIni #InspirationMonday #BankJombang https://t.co/TJUryrHols,2025-06-01 08:28:31,[],kereta melaju senin momen terbaik langkah impianmu,positif,5,positif,2.2222132785399427
699,1919166570267349096,2742147296,,#MotivasiHariIni : SAAT YANG TERJADI TIDAK SESUAI HARAPAN JANGANLAH KECEWA KARENA TERKADANG KERETA YANG SALAH BISA MEMBAWAMU KE STASIUN YANG TEPAT #TetapSemangat #TetapOptimis #PantangMenyerah https://t.co/dpK3yUqGKH,2025-06-01 08:28:31,['3'],sesuai harapan kecewa terkadang kereta salah membawamu stasiun,negatif,-2,negatif,2.222226846326998
700,1918911938794582304,1622202866420305920,,Knock knock knock! Pendidikan adalah senjata paling ampuh untuk mengubah dunia. Nelson Mandela Belajar bukan cuma untuk lulus tapi untuk mengubah dunia. Mulai dari kamu. Sekarang. #NelsonMandela #PowerOfEducation #DutaInspirasiIndonesia #MotivasiHariIni #QuotesOfTheDay https://t.co/o9DT5aKFGu,2025-06-01 08:28:31,"['9', '5']",knock knock knock pendidikan senjata ampuh mengubah dunia nelson mandela belajar lulus mengubah dunia,positif,4,positif,2.2194808067272964
701,1918616119356837938,1856931953574055936,,HArusnya Kurangi Gangguan #motivation #inspiration #motivasi #Quotes #katamutiara #semuaorang #inspirasi #katakatabijak #Motivasidiri #motivasidirisendiri #katabijak #edukasi #motivasihidup #viralvideos #quotes #education #trending #MotivasiHariIni #motivasihariinijanganmengeluh https://t.co/lNedEKuqvT,2025-06-01 08:28:31,[],kurangi gangguan,netral,0,netral,2.1842689662146997
702,1918436641280278735,2742147296,,#MotivasiHariIni : BANGKITLAH DARI TIDURMU DENGAN TEKAD DAN BERBARINGLAH DI PERADUAN DENGAN SENYUM KEPUASAN Isilah harimu dengan karya terbaikmu kerja kerasmu kan memberi kepuasan bg dirimu dan impianmu bukan sekedar mimpi belaka #TetapSemangat #TetapOptimis #PantangMenyerah https://t.co/qCXZ9emAjZ,2025-06-01 08:28:31,['9'],bangkitlah tidurmu tekad berbaringlah peraduan senyum kepuasan isilah harimu karya terbaikmu kerja kerasmu kepuasan bg dirimu impianmu sekedar mimpi belaka,positif,7,positif,2.2222272114922537
703,1917411812225736792,1622202866420305920,,Knock knock knock!!! BOOM BOOM!!! Billy buktiin asal bukan halangan. Dengan tekad mimpi bisa sampai Oxford. Kamu juga bisa asal berani melangkah. #BillyMambrasar #AnakPapuaBisa #DutaInspirasiIndonesia #MotivasiHariIni #QuotesOfTheDay https://t.co/C04NDrTqEG,2025-06-01 08:28:31,['04'],knock knock knock boom boom billy buktiin halangan tekad mimpi oxford berani melangkah,negatif,-1,negatif,2.2222275468257013
704,1916629748924776855,2742147296,,#MotivasiHariIni : SENYUMI MASALAHMU DAN LIHATLAH IA BERANGSUR HILANG SEPERTI GELAP YANG BERANGSUR PUDAR DISAPU SINAR MENTARI PAGI #TetapSemangat #TetapOptimis #PantangMenyerah https://t.co/XPa6cfgARN,2025-06-01 08:28:31,['6'],senyumi masalahmu lihatlah berangsur hilang gelap berangsur pudar disapu sinar mentari pagi,negatif,-20,negatif,2.222225347727094
705,1915340880866927094,1859110584413020160,,Dari kontrakan ke Ka'bah... Pak Ajang Supandi dulu gagal nyalon Kades. Skg? Bgkt Haji sbg anggota DPRD 4 periode. Hdp kyk rollercoaster tp sbr bikin naik level! Doain beliau guys! #HajiMabrur #KarawangHebat #SuaraKitaNews #CeritaRakyat #MotivasiHariIni https://t.co/hk3277nXgo,2025-06-01 08:28:31,"['4', '3277']",kontrakan kabah ajang supandi gagal nyalon kades skg bgkt haji sbg anggota dprd 4 periode hdp kyk rollercoaster tp sbr bikin level doain beliau guys,negatif,-7,negatif,2.2222266746005834
706,1915177963907408120,2742147296,,#MotivasiHariIni : AKAN ADA SAATNYA HIDUP TERASA BEGITU BERAT DAN DIRI MERASA TAK KUAT JANGAN PASRAH! LAWAN SEKUAT TENAGA PERASAAN ITU #TetapSemangat #TetapOptimis #PantangMenyerah https://t.co/d2hb1Vc3WD,2025-06-01 08:28:31,"['2', '1', '3']",hidup berat kuat pasrah lawan sekuat tenaga perasaan,negatif,-11,negatif,2.2222231643208334
707,1929073957673578958,1907156894244077568,,Kunci dalam pengambilan keputusan yang bijak adalah bagaimana kita dapat mengendalikan emosi #Motivation #motivasi https://t.co/1EDkZq6KIC,2025-06-01 08:31:32,"['1', '6']",kunci pengambilan keputusan bijak mengendalikan emosi,negatif,-1,negatif,2.2096867272617473
708,1929065586765574373,1880873047458189312,,Kerja keras sih iya... tapi utang makin galak? Bukan kurang kerja tapi salah kelola.Gaji naik gaya hidup ikut. Utang lunas nambah cicilan baru. Lingkaran setan. Mulai keluar pelan-pelan. Stop nambah utang. Sadari pola ubah arah. Save &amp; Share. #motivasi https://t.co/wfeboOCiTf,2025-06-01 08:31:32,[],kerja keras sih iya utang galak kerja salah kelolagaji gaya hidup utang lunas nambah cicilan lingkaran setan pelanpelan stop nambah utang sadari pola ubah arah save amp share,negatif,-24,negatif,2.222212969672753
709,1929042642739892544,247586429,,Diri kita sebenarnya.. #quotes #quote #quoteoftheday #kindness #wisdom #motivation #inspiration #lifequotes #islamicquotes #poet #poem #puisi #thoughts #motivasi #inspirasi #reminder #katakataislami https://t.co/mk5hN3Am7Q,2025-06-01 08:31:32,"['5', '3', '7']",,netral,0,negatif,2.159005914321281
710,1929040736424497300,46088306,,Percaya diri bukan berarti tahu semua jawaban tapi yakin bisa belajar apa pun yang diperlukan. #quote #motivasi #katabijak #inspirasi #percayadiri #belajar,2025-06-01 08:31:32,[],percaya belajar,positif,5,positif,2.222233628375653
711,1929018182787891513,46088306,,Jangan tunggu motivasi datang mulailah bergerak motivasi akan menyusul. #quote #motivasi #katabijak #inspirasi,2025-06-01 08:31:32,[],tunggu motivasi bergerak motivasi menyusul,negatif,-8,negatif,2.2334400218322847
712,1929093364525289790,1806705283810660352,,@ketekpaus_ @armingosongg sebenerny gapapa tau klo kamu gapunya pengalaman sebelumny. yg penting tuh tunjukkin klo kamu antusias untuk belajar &amp; berkembang di organisasi. caranya? yg paling efektif pas wawancara ga cuma kata-kata tp gestur tubuh jg main utk bnr menunjukkan tujuan km masuk organisasi,2025-06-01 08:32:59,[],sebenerny gapapa tau klo gapunya pengalaman sebelumny yg tuh tunjukkin klo antusias belajar amp berkembang organisasi yg efektif pas wawancara ga katakata tp gestur tubuh jg main utk bnr tujuan km masuk organisasi,positif,6,positif,2.2222232588781656
713,1929093163869716761,2945345752,,@nyonyaningguang kata kata hari ini https://t.co/ScPI1V8TTl,2025-06-01 08:32:59,"['1', '8']",,netral,0,negatif,2.159005914321281
714,1929093087961415793,734645949608415233,,Dalam hati Saka bingung sendiri. Ini lo ngapain sih? Aneh banget. Tapi di luar ia terus melontarkan kata-kata sindiran dan kemarahan.,2025-06-01 08:32:59,[],hati saka bingung lo ngapain sih aneh banget melontarkan katakata sindiran kemarahan,negatif,-5,negatif,2.2222046756065876
715,1929092748138914118,1624607559264129024,,@YantoBoyok00 @tirta_cipeng Dia asisten dulu di barca terus pernah mau ngebet buat jadi pelatih dulu makanya waktu inter menang lawan barca yang 2009 apa 2010 itu dia ngejek fans barca yang dulu nentang dia buat jadi coach dengan kata kata gabutuh translator buat jadi pelatih CMIW,2025-06-01 08:32:59,"['00', '2009', '2010']",asisten barca ngebet pelatih inter menang lawan barca 2009 2010 ngejek fans barca nentang coach gabutuh translator pelatih cmiw,negatif,-4,negatif,2.222224468490121
716,1929092717025329174,468202400,,@mineyushi kak ternyata berguna juga ya kata kata tsb untuk momen kaya gitu,2025-06-01 08:32:59,[],kak berguna ya tsb momen kaya gitu,positif,7,positif,2.2222020885978178
717,1929092357955232124,1497418134013505537,,@unjaex Kurang jelas yah waktunya? Itu jam pas kebetulan trsr lagi perform di pict kedua itu kata-kata trsr yg biasa mereka omongin kalau lgi di perform. Masih kurang jelas? Ada di pict terakhir. Mau ngelak apa lagi? Jadi siapa yang nyari ribut duluan?‍️ https://t.co/fi2X6wch5i,2025-06-01 08:32:59,"['2', '6', '5']",yah jam pas trsr perform pict katakata trsr yg omongin lgi perform pict ngelak nyari ribut duluan,negatif,-5,negatif,2.22223100988945
718,1929092309536162127,270231069,,Gue tarik kata kata gue mcgg asik cuyy.,2025-06-01 08:32:59,[],gue tarik gue mcgg asik cuyy,positif,6,positif,2.2221969585989054
719,1929092110176731193,1306794927460769792,,Ga ada kata kata yang bisa jelasin betapa cintanya aku sama karya karya Ahmad Tohari.,2025-06-01 08:32:59,[],ga jelasin betapa cintanya karya karya ahmad tohari,positif,10,positif,2.2222046989143402
720,1929091610559799541,1239429071542431745,,kata-kata yang harus dihindari.. https://t.co/pIDoFIrDM5,2025-06-01 08:32:59,['5'],katakata dihindari,netral,0,netral,2.2222260227996715
721,1929091154785743196,1720665183188922368,,@Ngadinopanser @Minietweets_ @mohmahfudmd Arti peribahasa Jawa Sabda pandita ratu tan kena wola-wali adalah kata-kata pemimpin bijaksana tidak dapat diubah atau ditarik kembali menekankan integritas dan otoritas. Dalam budaya Jawa ini mencerminkan penghormatan terhadap pemimpin yang konsisten membangun kepercayaan,2025-06-01 08:32:59,[],arti peribahasa jawa sabda pandita ratu tan kena wolawali katakata pemimpin bijaksana diubah ditarik menekankan integritas otoritas budaya jawa mencerminkan penghormatan pemimpin konsisten membangun kepercayaan,negatif,-13,negatif,2.222207583169517
722,1929091123462688794,1417251642085318663,,Setelah kata-kata bombastis sebelumnya ga mempan.. kini muncul Meledak,2025-06-01 08:32:59,[],katakata bombastis ga mempan muncul meledak,negatif,-10,negatif,2.222209808654659
723,1929091037395660828,1733812081542254592,,gw gumoh bgt njing liat mf yang isinya ngebacot gamau kuliah di pil 2 kek anjing bersyukur lu ngentot diluar 200rb org banyak yang dapet kata kata semangat daripaa selamat ngentot lu semua,2025-06-01 08:32:59,"['2', '200']",gw gumoh bgt njing liat mf isinya ngebacot gamau kuliah pil 2 kek anjing bersyukur lu ngentot diluar 200rb org dapet semangat daripaa selamat ngentot lu,netral,0,netral,2.2222206817018217
724,1929090948253761831,1855458523305672704,,@shizukaahere Sugar dadynya hapus aja desss.... Post lagi tanpa kata kata sugar dady... Takut Weh,2025-06-01 08:32:59,[],sugar dadynya hapus aja desss post sugar dady takut weh,negatif,-6,negatif,2.222239322169342
725,1929090563539628540,1588945493438013440,,@Tokocrypto Kata kata investasi itu tidak cocok buat crypto jika melihat grafik semua crypto kecuali BTC. https://t.co/ZMHerpe7pl,2025-06-01 08:32:59,['7'],investasi cocok crypto grafik crypto kecuali btc,negatif,-3,negatif,2.222225336606968
726,1929089629392957891,1886302964664745984,,kata kata mutiara nya makhluk rendahan tai tai,2025-06-01 08:32:59,[],mutiara nya makhluk rendahan tai tai,negatif,-7,negatif,2.222232832061212
727,1929089588187775155,1794381955653578752,,kata kata yg keluar setiap disenggol duluan:,2025-06-01 08:32:59,[],yg disenggol duluan,negatif,-2,negatif,2.223483509149153
728,1929089140341035089,1198258761523060737,,Diotakmu penuh dg kata Jika Jika aku tidak ada disini jika aku seharusnya tidak melakukan ini jika seharusnya aku lebih hati-hati. Di dalam ributnya pikiranmu kamu harus juga menerima ributnya kata-kata orang lain terhadapmu. Semuanya penuh &amp; lama-lama seperti akan meledak.,2025-06-01 08:32:59,[],diotakmu penuh dg hatihati ributnya pikiranmu menerima ributnya katakata orang terhadapmu penuh amp lamalama meledak,negatif,-1,negatif,2.2222224119739766
729,1929088269746053631,1805202509549715456,,Pancasila bukan sekadar kata-kata. Lebih dari itu Pancasila merupakan sumber kekuatan bagi bangsa Indonesia. Find more Instagram : @ designbunchberry Facebook : Bunchberry Design Pinterest : bunchberrydesign https://t.co/lX65eXBOwW,2025-06-01 08:32:59,['65'],pancasila katakata pancasila sumber kekuatan bangsa indonesia find more instagram designbunchberry facebook bunchberry design pinterest bunchberrydesign,positif,3,positif,2.2222380240529853
730,1929088136480461175,1268132096771407873,,anjayy kata kata tanggal 19 mei,2025-06-01 08:32:59,['19'],anjayy tanggal 19 mei,negatif,-4,negatif,2.2222186887309965
731,1929088001851772932,2954749274,,@Leesojl Lewat kata-kata hari ini apa boleh? Tenang aja aku gak loyo tapi aku baru kembali dari hiatus! BOLEH BANGET ARGGHHH LUCU kamu juga cantiknya pacarmu dan aku hahay,2025-06-01 08:32:59,[],katakata tenang aja gak loyo hiatus banget argghhh lucu cantiknya pacarmu hahay,negatif,-3,negatif,2.222230815050546
732,1929087198890004823,1177020771475939328,,@_mimisaidi Baik! Saya akan mendengar kata-kata sifu.,2025-06-01 08:32:59,[],mendengar katakata sifu,netral,0,netral,2.222220418740847
733,1929086656772190303,1341359224601788418,,@MohammadMakruf @AlanN35104 @Doremi1821839 @ImamBesar212 @Kakak211 @I_love_Israel7 @MarioInferno @nidi_nada29067 @PaijoKhentirrr Lah kata kata mu bilang ; Yang dijelaskan UAS bukan muhamad bin abdullah. Saya jelaskam panjang lebar pu kamu gak akan paham yang muslim aja belum tentu bisa &amp; mau paham,2025-06-01 08:32:59,"['35104', '1821839', '212', '211', '7', '29067']",mu bilang uas muhamad bin abdullah jelaskam lebar pu gak paham muslim aja amp paham,positif,1,positif,2.2222210180595017
734,1929086560810459277,343457252,,@ivanlanin Uda mohon tanya. Dalam cerita kata-kata yang diucapkan dalam hati/pikiran/batin bgmn format penulisannya? Apakah hrs: 1. Ditulis miring; 2. Diberi tanda petik? Atau apakah ditulis biasa seperti percakapan biasa yg diucapkan melalui mulut? Atau bagaimana seharusnya?,2025-06-01 08:32:59,"['1', '2']",uda mohon cerita katakata hatipikiranbatin bgmn format penulisannya hrs 1 ditulis miring 2 tanda petik ditulis percakapan yg mulut,negatif,-13,negatif,2.222204271427476
735,1929083762912235779,1424513138209157121,,Tersenyum dan tertawa memang merupakan salah satu kunci untuk menjaga keseimbangan emosi dan menjauhkan stres. Oleh karena itu kata-kata konyol yang lucu dan menghibur dapat menjadi obat yang ampuh untuk mengusir kejenuhan dan tekanan yang ada. Replay kata-kata lucu Kalian,2025-06-01 08:32:59,[],tersenyum tertawa salah kunci menjaga keseimbangan emosi menjauhkan stres katakata konyol lucu menghibur obat ampuh mengusir kejenuhan tekanan replay katakata lucu,negatif,-20,negatif,2.222213712401133
736,1929083544950686032,1451059706252824582,,Kata kata terngiang di otak adalah Oooh My Goooaaaaaatt Yang diucapkan oleh seorang fetis ronaldo,2025-06-01 08:32:59,[],terngiang otak oooh my goooaaaaaatt fetis ronaldo,negatif,-3,negatif,2.2222361669362884
737,1929083202859094361,1654874361277616129,,@jejeayy1 Lagi nggak punya kata-kata deh,2025-06-01 08:32:59,['1'],nggak katakata deh,negatif,-3,negatif,2.2222210318563023
738,1929082735357829277,102273661,,@Doelbatox karna tertampar mulu sama kata kata truk,2025-06-01 08:32:59,[],karna tertampar mulu truk,negatif,-1,negatif,2.2222183775372435
739,1929082600163090662,1329761054864281602,,Kata kata hari ini :),2025-06-01 08:32:59,[],,netral,0,negatif,2.159005914321281
740,1929082436635234448,863578508479442945,,Dengan MBTI ISFP Richa adalah pribadi yang artistik sensitif dan sangat menghargai keindahan dalam hal-hal kecil. Ia lebih suka berbicara lewat tindakan daripada kata-kata dan sering menunjukkan kepeduliannya secara diam-diam namun tulus. https://t.co/wP3ZNGFWJW,2025-06-01 08:32:59,['3'],mbti isfp richa pribadi artistik sensitif menghargai keindahan halhal suka berbicara tindakan katakata kepeduliannya diamdiam tulus,positif,2,positif,2.222215067687922
741,1929082190417035343,1869371784379891713,,@snbtfess udh jgn pikirin orang jgn biarkan kata kata org itu mengendalikan mu sender. Km berhak atas dirimu sendiri yh hempas aja yg bgtu. Dengerin kritik/saran itu gk masalah tp kl negatif gt gk usahlah km pikirkan.,2025-06-01 08:32:59,[],udh jgn pikirin orang jgn biarkan org mengendalikan mu sender km berhak dirimu yh hempas aja yg bgtu dengerin kritiksaran gk tp kl negatif gt gk usahlah km pikirkan,negatif,-4,negatif,2.222222840430729
742,1929081874292314544,1494244746793189378,,Kata-kata adalah doa ... Lancarkan mudahkan banyak rezeki datang dari arah mana saja.. ratusan-ribuan-puluhan ribu $ sehat dan bahagia,2025-06-01 08:32:59,[],katakata doa lancarkan mudahkan rezeki arah ratusanribuanpuluhan ribu sehat bahagia,negatif,-4,negatif,2.2222143001757115
743,1929081125869142228,1117713175342829569,,kenapa ya harus ada sitasi kenapa kalian ga percaya aja sama kata kata aku,2025-06-01 08:32:59,[],ya sitasi ga percaya aja,positif,7,positif,2.2269201491732984
744,1929080423352619164,1364915338375143426,,alay bgt jir ternyata mfs gw bodo ah ga bisa ekspresikan pake kata kata,2025-06-01 08:32:59,[],alay bgt jir mfs gw bodo ah ga ekspresikan pake,negatif,-12,negatif,2.222239107374189
745,1929080189687841033,2306458376,,@jackboiys itu kata kata zomblo bisa gausah diperjelas ga?,2025-06-01 08:32:59,[],zomblo gausah diperjelas ga,negatif,-4,negatif,2.222213449498361
746,1929079976659210387,1554329396,,feminis itu hidupnya muter-muter di kata-kata dilarang ngatur selain donatur.. ya sebenernya ngebuktiin valuenya mereka cuma untuk dibeli transaksional aja sih,2025-06-01 08:32:59,[],feminis hidupnya mutermuter katakata dilarang ngatur donatur ya sebenernya ngebuktiin valuenya dibeli transaksional aja sih,positif,4,positif,2.2140883914449696
747,1929079939099238764,1753331332401471488,,@chirppycip @sbmptnfess Rasa ingin membalas semua yang ngirim menfess kagak bersyukur pake kata kata inih,2025-06-01 08:32:59,[],membalas ngirim menfess kagak bersyukur pake inih,negatif,-1,negatif,2.2222279649256778
748,1929079212494958604,1488133992557645829,,@RiyyuLynelle_ @jimiciw eh bener lagii wkwkwk kata kata keramatt,2025-06-01 08:32:59,[],eh bener lagii wkwkwk keramatt,positif,2,positif,2.222231146916781
749,1929079067011158476,1475278764015718400,,mei selalu jadi bulan dengan dokumentasi fotonya kata kata paling banyak,2025-06-01 08:32:59,[],mei dokumentasi fotonya,netral,0,netral,2.2222331417747827
750,1929078920755736621,1296056920126627840,,@davisformvp23 @bailemon_ @_mizuhashi kata-kata lucu ngemis ke orang tua wkwk,2025-06-01 08:32:59,['23'],katakata lucu ngemis orang tua wkwk,negatif,-6,negatif,2.222237252416835
751,1929078011724198378,2978140904,,@ReflyHZ Tanggapi dengan santai tidak perlu emosi berlebihan apalagi sampai keluar kata kata kotor,2025-06-01 08:32:59,[],tanggapi santai emosi kotor,negatif,-7,negatif,2.2222225931644117
752,1929077967118020953,1266285827471978496,,stiap naik kelas pasti ada temen kelas yang nangis grgr aku. padahal aku rarely tubir tp kayanya kl udh tersinggung kata kata yg dikeluarin biadab bgt sampe pada nangis gitu. buat ukuran ank sd smp sma yee,2025-06-01 08:32:59,[],stiap kelas temen kelas nangis grgr rarely tubir tp kayanya kl udh tersinggung yg dikeluarin biadab bgt sampe nangis gitu ukuran ank sd smp sma yee,negatif,-28,negatif,2.222228140279515
753,1929077818794590430,1824125140072116224,,beneran siap dipenggal kalo kata kata mendadak dan mendidik dan sejenisnya keluar dari mulut/jari aing,2025-06-01 08:32:59,[],beneran dipenggal kalo mendadak mendidik sejenisnya mulutjari aing,positif,6,positif,2.2222069872943933
754,1929077500124020832,1395783569436340229,,dpt kata kata semangat guys https://t.co/bX4WrdmPb7,2025-06-01 08:32:59,"['4', '7']",dpt semangat guys,netral,0,netral,2.222223269506125
755,1929076648952946743,1745329021674770432,,@naraaouboom Terima kasih ya kamu udah selalu ngasih kata-kata baik selamat hari minggu semoga kamu bahagia selalu,2025-06-01 08:32:59,[],terima kasih ya udah ngasih katakata selamat minggu semoga bahagia,positif,7,positif,2.2221975997246397
756,1929076543843873057,1359924132918435841,,Kata kata yg ku tunggu https://t.co/bPO28utKhe,2025-06-01 08:32:59,['28'],yg ku tunggu,negatif,-2,negatif,2.2222387956466383
757,1929075885480792321,1917284586448642049,,︎ Berikan detail alamat dan waktu di email. Aku akan datang tepat waktu. Kata-kata itu diucap dengan lugas berakhir sebagai janji sekaligus pengiring kepergian HYUN dari ruangan dingin itu. ︎,2025-06-01 08:32:59,[],detail alamat email katakata diucap lugas janji pengiring kepergian hyun ruangan dingin,positif,1,positif,2.222218766184475
758,1929075651383861300,1716663978821398528,,nih silahkan di cek yah manteman :9 gue ga bikin carrd baru cuman revisi kata kata sama ngubah beberapa warna. maff sedikit mengecewakan bagi mutual lama https://t.co/bqgylUXkbA,2025-06-01 08:32:59,['9'],nih silahkan cek yah manteman 9 gue ga bikin carrd cuman revisi ngubah warna maff mengecewakan mutual,negatif,-4,negatif,2.222229174033835
759,1929075417861992673,1457641235775062022,,kata-kata lucu fourth itu manusia asli MASIH CEKIKIKAN BANGET ANJIR yang bilang fot AI siapaa njirrr,2025-06-01 08:32:59,[],katakata lucu fourth manusia asli cekikikan banget anjir bilang fot ai siapaa njirrr,positif,1,positif,2.215781429147441
760,1929075329202561066,1870434302946844672,,kata kata apa lgi yang pantas buat mereka https://t.co/oBeWABeu1j,2025-06-01 08:32:59,['1'],lgi,netral,0,netral,2.2222092094931245
761,1929075279810400682,1825341569161121792,,kak when you regained your conciousness lo bakalan mikirin soal kata-kata kasar yang lo tulis ke orang yang bahkan kenal lo aja nggak pake akun bodong lo ini. no good thing will come from this btw.,2025-06-01 08:32:59,[],kak when you regained your conciousness lo mikirin katakata kasar lo tulis orang kenal lo aja nggak pake akun bodong lo no good thing will come from this btw,negatif,-2,negatif,2.222209722376582
762,1929075037992010085,1183469917581897728,,@karedokx @tanyakanrl Kata-kata terakhirnya mantap betul,2025-06-01 08:32:59,[],katakata terakhirnya mantap,positif,5,positif,2.186269171704154
763,1929074986452398563,1863254225264005120,,Mau sampai kapan kata kata itu selalu muncul di kepala ku,2025-06-01 08:32:59,[],muncul kepala ku,negatif,-3,negatif,2.1728013450953476
764,1929074387652850080,1772200621975973888,,@eajw00ah KATA-KATA KAK JEMA GK PERNAH GAGAL TREASURE OWNS THE NIGHT #TREASUREatWeverseCon #WeverseConFestival #TREASURE #트레저 @treasuremembers,2025-06-01 08:32:59,['00'],katakata kak jema gk gagal treasure owns the night,negatif,-4,negatif,2.2222099515233715
765,1929073122642149680,412077859,,kata kata berat keluar hari ini. yang perlu ganti ganti dah pak . besok gua bikin motor tenaga marmut aja dah udah,2025-06-01 08:32:59,[],berat ganti ganti dah besok gua bikin motor tenaga marmut aja dah udah,negatif,-11,negatif,2.2260321777399015
766,1929073120578556297,726013134612365313,,Untuk format pengumpulannya cukup sebut nama kelompok dan beri tanda anggota yang aktif atau gak setiap rondenya. Kel 9 1. guruxloki 2. guruxsersei 3. guruxthena Dst.. Mau ditambah kata-kata lain di bawah biar gak template boleh ya asal nama kel &amp; list anggotanya ada. https://t.co/nd1FtMdpFP,2025-06-01 08:32:59,"['9', '1', '2', '3', '1']",format pengumpulannya nama kelompok tanda anggota aktif gak rondenya kel 9 1 guruxloki 2 guruxsersei 3 guruxthena dst ditambah katakata biar gak template ya nama kel amp list anggotanya,negatif,-12,negatif,2.222249734516267
767,1929072512731627903,1370604191052263427,,@AnikMuchtarom @cinggaro @branjangankawat Apalagi kata-kata yg sulit seperti : Njempalik njepat njengat ...itu kalau di bahasa Indonesia kan jadi panjang #Jowolawas,2025-06-01 08:32:59,[],katakata yg sulit njempalik njepat njengat bahasa indonesia,negatif,-4,negatif,2.2222227776607104
768,1929072273052328364,1286772586936799232,,@penyukaped4s @Marievity3_ once again sorry ya kaa kalo ada kata kata yg kurang berkenan semalem udh diberesin ko udh di reminder jg buat semuanya. semoga damai selalu ya kita,2025-06-01 08:32:59,"['4', '3']",once again sorry ya kaa kalo yg berkenan semalem udh diberesin ko udh reminder jg semoga damai ya,positif,6,positif,2.222211473373737
769,1929071909825610004,2330430637,,@leeaisaw kakaakk terima kasih kue dan kata-kata manisnyaa. semoga hal baik selalu datang ke kakak yaa,2025-06-01 08:32:59,[],kakaakk terima kasih kue katakata manisnyaa semoga kakak yaa,positif,1,positif,2.22222850772017
770,1929071634540826760,2330430637,,@soshyun kakakkk terima kasih yaaaa kue dan kata-kata yang ngga kalah manisnya. semoga ucapannya kembali ke kaka ya be gentler to yourself too nee?,2025-06-01 08:32:59,[],kakakkk terima kasih yaaaa kue katakata ngga kalah manisnya semoga ucapannya kaka ya be gentler to yourself too nee,netral,0,netral,2.222219770266128
771,1929071491993207206,1856229389782142976,,@sbmptnfess Baru mau mengeluarkan kata-kata mutiara nder,2025-06-01 08:32:59,[],mengeluarkan katakata mutiara nder,netral,0,netral,2.222222641463917
772,1929071273579094265,1956480499,,Gue stress banget anjir liat kakek kakek viral di tt yang marah-marah ke strangers. Ternyata gak cuma sekali dia begitu. Kata-kata yang keluar dari mulutnya itu loh Dinsos plis kerja ini kakek kakek kayaknya ada gangguan deh,2025-06-01 08:32:59,[],gue stress banget anjir liat kakek kakek viral tt marahmarah strangers gak katakata mulutnya loh dinsos plis kerja kakek kakek kayaknya gangguan deh,positif,1,positif,2.2222179339793695
773,1929071257414180948,1641869560751210497,,Dan juga aku tuh tim males komplen walau sebenarnya dalem hati berisik terus aku juga ga bisa merangkai kata-kata yang enak di baca takut kena salty,2025-06-01 08:32:59,[],tuh tim males komplen dalem hati berisik ga merangkai katakata enak baca takut kena salty,negatif,-24,negatif,2.222232596914198
774,1929071173175787803,1057869442007228416,,@wifnteo Kamu mau bikin aku mleyot berapa kali sayang aku udah meleleh banget baca kata kata kamu ini,2025-06-01 08:32:59,[],bikin mleyot kali sayang udah meleleh banget baca,negatif,-3,negatif,2.2249052384404604
775,1929071126912651555,1183075553336709120,,tapi gimana anjir cuma bisa sabar sabar sabar. sampe udah muak sama kata-kata sabar..,2025-06-01 08:32:59,[],gimana anjir sabar sabar sabar sampe udah muak katakata sabar,positif,12,positif,2.222218145438753
776,1929070999254819089,1687032100678230016,,Sport jantung melihat gimana remaja mudah tertipu manis kata-kata. #DepokSOS #SaveOurSurroundingsFest,2025-06-01 08:32:59,[],sport jantung gimana remaja mudah tertipu manis katakata,negatif,-5,negatif,2.222214355758111
777,1929070905868652622,4152518174,,Kata-kata hari ini pak Inzaghiiiiiii Ini adalah tiga. Tiga kali kalah tiga kompetisi gagal juara https://t.co/rtthsFsFBZ,2025-06-01 08:32:59,[],katakata inzaghiiiiiii kali kalah kompetisi gagal juara,negatif,-8,negatif,2.222211252235467
778,1929070827258966327,1142782139785592832,,normalisasi kok kata kata tiktok gendeng mbakkk,2025-06-01 08:32:59,[],normalisasi tiktok gendeng mbakkk,negatif,-2,negatif,2.2222123363526585
779,1929070525914947844,1599695159440322561,,@kenzezt Benee banget kata kata nya,2025-06-01 08:32:59,[],benee banget nya,positif,1,positif,2.2222319159404207
780,1929070515152425086,1840391437252538368,,@lnovo83 @sukafantasy46 Jitu juga rangkaian kata-kata pujangga umpan ke.akan tu bang https://t.co/pP3nY9miEI,2025-06-01 08:32:59,"['83', '46', '3', '9']",jitu rangkaian katakata pujangga umpan keakan tu bang,negatif,-3,negatif,2.2222180328341765
781,1929070374941069792,486650220,,Kramas diawali dengan kata kata sok bijak akhirnya gak jadi kramas Cobain deh,2025-06-01 08:32:59,[],kramas diawali sok bijak gak kramas cobain deh,negatif,-4,negatif,2.2222033851526124
782,1929069374662418942,539688902,,Kata kata indah pun tidak cukup mendiskripsikan kamu yang begitu sempurna #정수빈상하이첫팬사인 #ChungSubinFirstFanMeeting,2025-06-01 08:32:59,[],indah mendiskripsikan sempurna,negatif,-5,negatif,2.222222998515539
783,1929069099918733547,1909216095766200320,,@BofurinFlower Kasihan kakak cantik lucu nan imut ini di bombardir oleh kata kata yang merepresentasikan dirinya.,2025-06-01 08:32:59,[],kasihan kakak cantik lucu nan imut bombardir merepresentasikan,negatif,-10,negatif,2.2222333731001345
784,1929069052913238335,2287557392,,@pockyrc1 @footbalicius @WatchmenID Mana clip/kata kata KOTOR yang keluar dari komentatornya??? (atau emang otak lo aja yang KOTOR?),2025-06-01 08:32:59,['1'],clipkata kotor komentatornya emang otak lo aja kotor,negatif,-12,negatif,2.222225016294213
785,1929068742580867084,1305047571862228993,,Sampe ngucap kata kata yang sama saking seringnya bahas hal itu. emang guenya yang harus sadar diri,2025-06-01 08:32:59,[],sampe ngucap saking bahas emang guenya sadar,positif,1,positif,2.222212069557426
786,1929068266527539687,992989667308941313,,First time aku tak henti mencarut lepas tengok vtt yg ada kata-kata menyedihkan Ye. Kau punya la tu. Mmg aku carut dari awal sampai akhir vtt tu. Pale buto kau la terpaling sedih. Terpaling tersakiti sial babi anjing. Reply chat aku dulu,2025-06-01 08:32:59,[],first time henti mencarut lepas tengok vtt yg katakata menyedihkan ye kau la tu mmg carut vtt tu pale buto kau la terpaling sedih terpaling tersakiti sial babi anjing reply chat,negatif,-30,negatif,2.22222744663057
787,1929068227977416841,1647602215492919296,,⠀ Beberapa detik ia diam sebelum akhirnya meraih cangkir itu dengan satu tangan dan menyesapnya dalam diam. Pahitnya pas. Tidak menusuk cukup untuk mengingatkan bahwa sesuatu sedang bekerja di dalam. Ia tidak langsung menjawab Darma. Ada hal dalam kata-kata tadi ( ) ⠀,2025-06-01 08:32:59,[],detik diam meraih cangkir tangan menyesapnya diam pahitnya pas menusuk langsung darma katakata,negatif,-3,negatif,2.2222353553973853
788,1929067857616294198,968400474842918913,,Gada itu karma. Itu cuma kata kata penghibur,2025-06-01 08:32:59,[],gada karma penghibur,netral,0,netral,2.2222203539589227
789,1929067837945163888,3665540355,,Hay lagi-lagi jualan. Kali ini cluenya lebih singkat cuma pakai kata-kata yang masih bisa dihitung jari. https://t.co/Hl7F3QuYtO,2025-06-01 08:32:59,"['7', '3']",hay lagilagi jualan kali cluenya singkat pakai katakata dihitung jari,negatif,-5,negatif,2.222217555071064
790,1929065856043975051,1857755322263416836,,@Yujiu212 Cakep bgt kata kata nya,2025-06-01 08:32:59,['212'],cakep bgt nya,negatif,-1,negatif,2.2222287092003623
791,1929065431349776847,424826235,,Kata-kata hari ini~ https://t.co/feHjMUFXad,2025-06-01 08:32:59,[],katakata,netral,0,netral,2.222224984508566
792,1929065368196157909,1697500654066155520,,250601 #CARMEN weverse comment : tumben gak ada kata-kata dari kemaren : mager.. skip : hari hari liat orang di notice sama idol nya lah gua kapan ya? : Kapan kapan #Hearts2Hearts #하츠투하츠 #H2H @Hearts2Hearts https://t.co/0YOYf0tFaJ,2025-06-01 08:32:59,"['250601', '2', '2', '2', '0', '0']",250601 weverse comment tumben gak katakata kemaren mager skip liat orang notice idol nya gua ya,negatif,-6,negatif,2.2222344879704674
793,1929065008681386429,1911332661127503872,,@bfgrent Tapi perlu diingat aku anaknya bukan si paling PT tapi aku woa banget woa mentok! Aku suka nyiram pacarku pakai kata kata apresiasi plus kata kata manis hehe. Jadi.. Mind to spend 2 days with me? : https://t.co/w8NgQL5bID https://t.co/VoPLPOctXX,2025-06-01 08:32:59,"['2', '8', '5']",anaknya si pt woa banget woa mentok suka nyiram pacarku pakai apresiasi plus manis hehe mind to spend 2 days with me,negatif,-5,negatif,2.222223931192726
794,1929064227551195460,3020851448,,Kata kata hari ini mqin empi el aka bang komposisi hero gituan https://t.co/eyg3EmFgmP,2025-06-01 08:32:59,['3'],mqin empi el aka bang komposisi hero gituan,negatif,-6,negatif,2.222213552245505
795,1929063767939137993,1496710711376252933,,@Iyangaprill kata kata penguat,2025-06-01 08:32:59,[],penguat,netral,0,netral,2.222239157118164
796,1929063466083729639,851181944,,@erreerya Kata kata ajaib Yaudah mau gimana lagi,2025-06-01 08:32:59,[],ajaib yaudah gimana,negatif,-4,negatif,2.2222313184186486
797,1929062774065483886,291558763,,@flippy_flash @FansNerazzurri Marah niye? 5-0 bang udah gak ketolong itu parahnya. Di final pula. Minimal malu bang malah ngata-ngatain decul Kasar amat kata-kata orang lagi emosi bercampur malu,2025-06-01 08:32:59,"['5', '0']",marah niye 50 bang udah gak ketolong parahnya final minimal malu bang ngatangatain decul kasar katakata orang emosi bercampur malu,negatif,-22,negatif,2.222224087807855
798,1929061981480518074,1863486622270111744,,anjai kata kata hari ini bude https://t.co/kvBGgE7G26,2025-06-01 08:32:59,"['7', '26']",anjai bude,netral,0,netral,2.2222201880953554
799,1929061946562850859,1511745105589604352,,@gwangjularity @BaseAnakFK sa ae kata kata penghiburnya kak (cries in fk pts),2025-06-01 08:32:59,[],sa ae penghiburnya kak cries in fk pts,negatif,-4,negatif,2.2222326975375455
800,1929061916334231950,1855454703045476352,,@tanyarlfes dulu aku masih jadi remaja pemberontak sekitaran umur 15 aku ngeblock ibuku karena ngerasa omongannya pedis banget kaya waktu itu aku lagi nyari jati diri tapi di nasehati dengan kata-kata yg justru bikin aku malah ngerasa lebih hilang lagi tapi skrg udah sadar ko ges,2025-06-01 08:32:59,['15'],remaja pemberontak sekitaran umur 15 ngeblock ibuku ngerasa omongannya pedis banget kaya nyari jati nasehati katakata yg bikin ngerasa hilang skrg udah sadar ko ges,negatif,-16,negatif,2.222241772477689
801,1929061758829773087,938708549961576448,,@3CareIndonesia Kata- kata motivasi sepertinya yg banyak orang butuhkan di jaman sekarang terima kasih telah memberi semangat,2025-06-01 08:32:59,['3'],motivasi yg orang butuhkan jaman terima kasih semangat,negatif,-5,negatif,2.2222319517865383
802,1929061742635569656,15435517,,Inilah penjelasan mengapa pria selain berumur lebih pendek juga sulit mengingat kata-kata cerita dan curhat istrinya. Via TikTok: bt_diazz https://t.co/67i8NUM2Od,2025-06-01 08:32:59,"['67', '8', '2']",penjelasan pria berumur pendek sulit katakata cerita curhat istrinya via tiktok bt_diazz,negatif,-8,negatif,2.2222222856901186
803,1929061079277097370,1793275090576257024,,@rayzapratamaa @utdfocusid Lucu banget lagi wkwkwk pokoknya dasar dari semua yang keren cruyf aja ya bang padahal mereka semua punya filosofi sendiri tapi yang dibanggain sama si 2 handphone selalu cruyfnya aja dan selalu ngutip kata-kata guadriola tentang cruyf emang agak aneh buzzer knvb itu wkwkwk.,2025-06-01 08:32:59,['2'],lucu banget wkwkwk pokoknya dasar keren cruyf aja ya bang filosofi dibanggain si 2 handphone cruyfnya aja ngutip katakata guadriola cruyf emang aneh buzzer knvb wkwkwk,positif,4,positif,2.2222246928943794
804,1929060760325689543,1673691859108106241,,@Boediantar4 Saya orang islam saya mau tanya itu yg bilang kejawen kontol itu orang islam bukan kalo memang orang islam sebenarnya apa harus mengatak dengan kata kata kejawen kontol emang ajaran islam bahasanya harus begitu panitia surga masa omongannya ga pake adab apa ajaranya pake bahasa,2025-06-01 08:32:59,['4'],orang islam yg bilang kejawen kontol orang islam kalo orang islam mengatak kejawen kontol emang ajaran islam bahasanya panitia surga omongannya ga pake adab ajaranya pake bahasa,positif,8,positif,2.222202910717758
805,1929060360851526001,2349313015,,&gt; ujarnya lirih seolah berbicara kepada angin atau kepada dirinya sendiri. Tapi rasa kadang lebih jujur daripada kata-kata. Maka izinkan makanan ini yang menyampaikan sesuatu untukmu. Ia menggeser piring kue itu perlahan ke arah kursi kosong di seberang meja. &gt;,2025-06-01 08:32:59,[],gt lirih berbicara angin kadang jujur katakata izinkan makanan untukmu menggeser piring kue perlahan arah kursi kosong seberang meja gt,negatif,-12,negatif,2.222240059702463
806,1929060120375304470,1900579883895676928,,@jejeayy1 gatau deh gada kata kata,2025-06-01 08:32:59,['1'],gatau deh gada,negatif,-1,negatif,2.2222237272866687
807,1929060014624248291,717712716874391552,,@jwonnuxx Ini pasti kata-kata hari ini ya abang Shaka #.paham,2025-06-01 08:32:59,[],katakata ya abang shaka paham,positif,4,positif,2.222220749610564
808,1929059905677254864,1563918488267198467,,@Yudiilll @nishltaku @EkoRachmadi2 Ada ya koruptor ditangkap tanpa bukti yg jelas ? Yang ada kalau si Amies ditangkap mulai lah narasi ketakadilan tak ada bukti pembungkaman calon presiden dst nya Si mulut Amies emang bs bermanis manis. Membungkus dgn kata kata yang terlihat hebat heroik.,2025-06-01 08:32:59,['2'],ya koruptor ditangkap bukti yg si amies ditangkap narasi ketakadilan bukti pembungkaman calon presiden dst nya si mulut amies emang bs bermanis manis membungkus dgn hebat heroik,negatif,-6,negatif,2.2230340743676114
809,1929059194961064265,1279061841281380354,,jangan kebiasaan make kata kata ga pada tempatnya deh. aneh bgt minta ke ortu dibilang ngemis.,2025-06-01 08:32:59,[],kebiasaan make ga tempatnya deh aneh bgt ortu dibilang ngemis,negatif,-4,negatif,2.22220080941157
810,1929059140627763514,1497183589619830786,,@sweectz kata kata kramat tuh kak,2025-06-01 08:32:59,[],kramat tuh kak,netral,0,netral,2.222215598228712
811,1929058670505333193,1053294658569289730,,Aku rasa ayat ini mungkin keluar dari mulut seseorang yang belum pun berkahwin. Sebab kalau dah kahwin dia akan tahu &amp; sedar hakikat perkahwinan itu bagaimana. Dia tak akan sampai hati untuk mengeluarkan kata-kata yang dangkal begini.,2025-06-01 08:32:59,[],ayat mulut berkahwin dah kahwin amp sedar hakikat perkahwinan hati mengeluarkan katakata dangkal,negatif,-14,negatif,2.2222189618910595
812,1929058564154204345,1730870520739160064,,hatiku terlalu mungil untuk dikata-katain pake kata-kata toxic gabisa banget,2025-06-01 08:32:59,[],hatiku mungil dikatakatain pake katakata toxic gabisa banget,negatif,-5,negatif,2.222233866755733
813,1929058461708369985,25796673,,Ingin rasanya ku mengeluarkan kata kata kasar,2025-06-01 08:32:59,[],ku mengeluarkan kasar,netral,0,netral,2.222225297204196
814,1929058289280778322,1053294658569289730,,Kasihan terhadap mereka yang mengeluarkan kata-kata sebegini. Lebih kasihan lagi terhadap mereka yang menyokongnya. Kalau seseorang itu benar faham tentang Islam tidak sewajarnya ungkapan ini keluar dari mulutnya. Contoh paling hampir ialah Sayidatina Khadijah binti Khuwailid. https://t.co/pdiYC6pwPL,2025-06-01 08:32:59,['6'],kasihan mengeluarkan katakata kasihan menyokongnya faham islam sewajarnya ungkapan mulutnya contoh sayidatina khadijah binti khuwailid,netral,0,netral,2.222227123105561
815,1929058114709438767,1290608945606795265,,@arinlee01 Padahal fans Dy juga mendukung buat rnb akgae berulah itu tapi malah dikasih kata kata begitu waduh selama ini berarti oke oke aja kalo Dy beneran jadi samsak fandom kah? Shsjakka,2025-06-01 08:32:59,['01'],fans dy mendukung rnb akgae berulah dikasih oke oke aja kalo dy beneran samsak fandom kah shsjakka,positif,8,positif,2.222216899788679
816,1929057774832677278,1442681895158878209,,@nattaywat di jadiin buku aja kata kata lucu nya SKSKKSK SAYANGKUU,2025-06-01 08:32:59,[],jadiin buku aja lucu nya skskksk sayangkuu,negatif,-1,negatif,2.222230898563836
817,1929056713493147788,1584832090591223809,,@asahimup oke udh ku ss. ku pegang kata kata mu kak,2025-06-01 08:32:59,[],oke udh ku ss ku pegang mu kak,netral,0,netral,2.222236133303211
818,1929055779274764680,1866275716893200384,,@Utayrus_Ayd Saya kawatirnya yang melakukan edit justru akan seperti ini. Karena penyanjung editor sangat percaya dan bahagia tambah pula kata-kata hujatan kebencian,2025-06-01 08:32:59,[],kawatirnya edit penyanjung editor percaya bahagia katakata hujatan kebencian,positif,1,positif,2.2222401281696933
819,1929055567160463715,2758514019,,@Doelbatox Penuh dengan kata-kata ya,2025-06-01 08:32:59,[],penuh katakata ya,positif,4,positif,2.222198746197951
820,1929055400113922450,1063752758807777281,,@sweectz Enggak butuh kata kata kaya gitu,2025-06-01 08:32:59,[],butuh kaya gitu,negatif,-7,negatif,2.222206816543787
821,1929055084094062647,1409312683250176004,,@aksarapodo @sbyfess Eh kok bisa ada kata kata gimana caranya,2025-06-01 08:32:59,[],eh gimana,netral,0,netral,2.2222366937364635
822,1929054922315645221,1219414785747324928,,@Otcar Gw cabut kata-kata gw sekarang.,2025-06-01 08:32:59,[],gw cabut katakata gw,negatif,-5,negatif,2.2222129144560614
823,1929054386807881844,1371452282324185090,,Tiap kali TBM selalu nyampein kata-kata ini. Sayangi nyawa sendiri. Keluarga di rumah nunggu gaji yang berkah. Sampeyan kenapa-napa perusahaan bisa nyari orang baru. Kalo nyawa sampeyan yang ilang mau nyari kemana?,2025-06-01 08:32:59,[],kali tbm nyampein katakata sayangi nyawa keluarga rumah nunggu gaji berkah sampeyan kenapanapa perusahaan nyari orang kalo nyawa sampeyan ilang nyari kemana,negatif,-1,negatif,2.2222261878551204
824,1929054311100961188,1697865224710438912,,memutuskan untuk full support dia karna kata-kata yg dikeluarkan dari mulutnya selalu bisa dipertanggungjawabkan dan omongan janjinya bisa di pegang bukan hanya bualan semata dia beneran serius membuktikannya kata orang itu baru disebut LAKI-LAKI GENTLEMEN https://t.co/q3lKNQrqCF,2025-06-01 08:32:59,['3'],memutuskan full support karna katakata yg dikeluarkan mulutnya dipertanggungjawabkan omongan janjinya pegang bualan beneran serius membuktikannya orang lakilaki gentlemen,negatif,-8,negatif,2.2222326307402134
825,1929053156261892277,530867596,,@iambigggT @zeinpiliang kata-kata hari ini bolo https://t.co/lGwZ45VDhN,2025-06-01 08:32:59,['45'],katakata bolo,netral,0,netral,2.2222160137353257
826,1929052448376651835,1884121271434371074,,@SolaceAmerta Ohh ini toh doksli dari kata kata krisis Beras,2025-06-01 08:32:59,[],ohh doksli krisis beras,negatif,-4,negatif,2.222224551549989
827,1929052316394561609,856121481113116672,,@prajuritKARINA Kasih aku kata-kata dong by biar gak sedih lagi?,2025-06-01 08:32:59,[],kasih katakata by biar gak sedih,negatif,-9,negatif,2.2222036769818043
828,1929093364525289790,1806705283810660352,,@ketekpaus_ @armingosongg sebenerny gapapa tau klo kamu gapunya pengalaman sebelumny. yg penting tuh tunjukkin klo kamu antusias untuk belajar &amp; berkembang di organisasi. caranya? yg paling efektif pas wawancara ga cuma kata-kata tp gestur tubuh jg main utk bnr menunjukkan tujuan km masuk organisasi,2025-06-01 08:34:28,[],sebenerny gapapa tau klo gapunya pengalaman sebelumny yg tuh tunjukkin klo antusias belajar amp berkembang organisasi yg efektif pas wawancara ga katakata tp gestur tubuh jg main utk bnr tujuan km masuk organisasi,positif,6,positif,2.2222232588781656
829,1929093163869716761,2945345752,,@nyonyaningguang kata kata hari ini https://t.co/ScPI1V8TTl,2025-06-01 08:34:28,"['1', '8']",,netral,0,negatif,2.159005914321281
830,1929093087961415793,734645949608415233,,Dalam hati Saka bingung sendiri. Ini lo ngapain sih? Aneh banget. Tapi di luar ia terus melontarkan kata-kata sindiran dan kemarahan.,2025-06-01 08:34:28,[],hati saka bingung lo ngapain sih aneh banget melontarkan katakata sindiran kemarahan,negatif,-5,negatif,2.2222046756065876
831,1929092748138914118,1624607559264129024,,@YantoBoyok00 @tirta_cipeng Dia asisten dulu di barca terus pernah mau ngebet buat jadi pelatih dulu makanya waktu inter menang lawan barca yang 2009 apa 2010 itu dia ngejek fans barca yang dulu nentang dia buat jadi coach dengan kata kata gabutuh translator buat jadi pelatih CMIW,2025-06-01 08:34:28,"['00', '2009', '2010']",asisten barca ngebet pelatih inter menang lawan barca 2009 2010 ngejek fans barca nentang coach gabutuh translator pelatih cmiw,negatif,-4,negatif,2.222224468490121
832,1929092717025329174,468202400,,@mineyushi kak ternyata berguna juga ya kata kata tsb untuk momen kaya gitu,2025-06-01 08:34:28,[],kak berguna ya tsb momen kaya gitu,positif,7,positif,2.2222020885978178
833,1929092357955232124,1497418134013505537,,@unjaex Kurang jelas yah waktunya? Itu jam pas kebetulan trsr lagi perform di pict kedua itu kata-kata trsr yg biasa mereka omongin kalau lgi di perform. Masih kurang jelas? Ada di pict terakhir. Mau ngelak apa lagi? Jadi siapa yang nyari ribut duluan?‍️ https://t.co/fi2X6wch5i,2025-06-01 08:34:28,"['2', '6', '5']",yah jam pas trsr perform pict katakata trsr yg omongin lgi perform pict ngelak nyari ribut duluan,negatif,-5,negatif,2.22223100988945
834,1929092309536162127,270231069,,Gue tarik kata kata gue mcgg asik cuyy.,2025-06-01 08:34:28,[],gue tarik gue mcgg asik cuyy,positif,6,positif,2.2221969585989054
835,1929092110176731193,1306794927460769792,,Ga ada kata kata yang bisa jelasin betapa cintanya aku sama karya karya Ahmad Tohari.,2025-06-01 08:34:28,[],ga jelasin betapa cintanya karya karya ahmad tohari,positif,10,positif,2.2222046989143402
836,1929091610559799541,1239429071542431745,,kata-kata yang harus dihindari.. https://t.co/pIDoFIrDM5,2025-06-01 08:34:28,['5'],katakata dihindari,netral,0,netral,2.2222260227996715
837,1929091154785743196,1720665183188922368,,@Ngadinopanser @Minietweets_ @mohmahfudmd Arti peribahasa Jawa Sabda pandita ratu tan kena wola-wali adalah kata-kata pemimpin bijaksana tidak dapat diubah atau ditarik kembali menekankan integritas dan otoritas. Dalam budaya Jawa ini mencerminkan penghormatan terhadap pemimpin yang konsisten membangun kepercayaan,2025-06-01 08:34:28,[],arti peribahasa jawa sabda pandita ratu tan kena wolawali katakata pemimpin bijaksana diubah ditarik menekankan integritas otoritas budaya jawa mencerminkan penghormatan pemimpin konsisten membangun kepercayaan,negatif,-13,negatif,2.222207583169517
838,1929091123462688794,1417251642085318663,,Setelah kata-kata bombastis sebelumnya ga mempan.. kini muncul Meledak,2025-06-01 08:34:28,[],katakata bombastis ga mempan muncul meledak,negatif,-10,negatif,2.222209808654659
839,1929091037395660828,1733812081542254592,,gw gumoh bgt njing liat mf yang isinya ngebacot gamau kuliah di pil 2 kek anjing bersyukur lu ngentot diluar 200rb org banyak yang dapet kata kata semangat daripaa selamat ngentot lu semua,2025-06-01 08:34:28,"['2', '200']",gw gumoh bgt njing liat mf isinya ngebacot gamau kuliah pil 2 kek anjing bersyukur lu ngentot diluar 200rb org dapet semangat daripaa selamat ngentot lu,netral,0,netral,2.2222206817018217
840,1929090948253761831,1855458523305672704,,@shizukaahere Sugar dadynya hapus aja desss.... Post lagi tanpa kata kata sugar dady... Takut Weh,2025-06-01 08:34:28,[],sugar dadynya hapus aja desss post sugar dady takut weh,negatif,-6,negatif,2.222239322169342
841,1929090563539628540,1588945493438013440,,@Tokocrypto Kata kata investasi itu tidak cocok buat crypto jika melihat grafik semua crypto kecuali BTC. https://t.co/ZMHerpe7pl,2025-06-01 08:34:28,['7'],investasi cocok crypto grafik crypto kecuali btc,negatif,-3,negatif,2.222225336606968
842,1929089629392957891,1886302964664745984,,kata kata mutiara nya makhluk rendahan tai tai,2025-06-01 08:34:28,[],mutiara nya makhluk rendahan tai tai,negatif,-7,negatif,2.222232832061212
843,1929089588187775155,1794381955653578752,,kata kata yg keluar setiap disenggol duluan:,2025-06-01 08:34:28,[],yg disenggol duluan,negatif,-2,negatif,2.223483509149153
844,1929089140341035089,1198258761523060737,,Diotakmu penuh dg kata Jika Jika aku tidak ada disini jika aku seharusnya tidak melakukan ini jika seharusnya aku lebih hati-hati. Di dalam ributnya pikiranmu kamu harus juga menerima ributnya kata-kata orang lain terhadapmu. Semuanya penuh &amp; lama-lama seperti akan meledak.,2025-06-01 08:34:28,[],diotakmu penuh dg hatihati ributnya pikiranmu menerima ributnya katakata orang terhadapmu penuh amp lamalama meledak,negatif,-1,negatif,2.2222224119739766
845,1929088269746053631,1805202509549715456,,Pancasila bukan sekadar kata-kata. Lebih dari itu Pancasila merupakan sumber kekuatan bagi bangsa Indonesia. Find more Instagram : @ designbunchberry Facebook : Bunchberry Design Pinterest : bunchberrydesign https://t.co/lX65eXBOwW,2025-06-01 08:34:28,['65'],pancasila katakata pancasila sumber kekuatan bangsa indonesia find more instagram designbunchberry facebook bunchberry design pinterest bunchberrydesign,positif,3,positif,2.2222380240529853
846,1929088136480461175,1268132096771407873,,anjayy kata kata tanggal 19 mei,2025-06-01 08:34:28,['19'],anjayy tanggal 19 mei,negatif,-4,negatif,2.2222186887309965
847,1929088001851772932,2954749274,,@Leesojl Lewat kata-kata hari ini apa boleh? Tenang aja aku gak loyo tapi aku baru kembali dari hiatus! BOLEH BANGET ARGGHHH LUCU kamu juga cantiknya pacarmu dan aku hahay,2025-06-01 08:34:28,[],katakata tenang aja gak loyo hiatus banget argghhh lucu cantiknya pacarmu hahay,negatif,-3,negatif,2.222230815050546
848,1929087198890004823,1177020771475939328,,@_mimisaidi Baik! Saya akan mendengar kata-kata sifu.,2025-06-01 08:34:28,[],mendengar katakata sifu,netral,0,netral,2.222220418740847
849,1929086656772190303,1341359224601788418,,@MohammadMakruf @AlanN35104 @Doremi1821839 @ImamBesar212 @Kakak211 @I_love_Israel7 @MarioInferno @nidi_nada29067 @PaijoKhentirrr Lah kata kata mu bilang ; Yang dijelaskan UAS bukan muhamad bin abdullah. Saya jelaskam panjang lebar pu kamu gak akan paham yang muslim aja belum tentu bisa &amp; mau paham,2025-06-01 08:34:28,"['35104', '1821839', '212', '211', '7', '29067']",mu bilang uas muhamad bin abdullah jelaskam lebar pu gak paham muslim aja amp paham,positif,1,positif,2.2222210180595017
850,1929086560810459277,343457252,,@ivanlanin Uda mohon tanya. Dalam cerita kata-kata yang diucapkan dalam hati/pikiran/batin bgmn format penulisannya? Apakah hrs: 1. Ditulis miring; 2. Diberi tanda petik? Atau apakah ditulis biasa seperti percakapan biasa yg diucapkan melalui mulut? Atau bagaimana seharusnya?,2025-06-01 08:34:28,"['1', '2']",uda mohon cerita katakata hatipikiranbatin bgmn format penulisannya hrs 1 ditulis miring 2 tanda petik ditulis percakapan yg mulut,negatif,-13,negatif,2.222204271427476
851,1929083762912235779,1424513138209157121,,Tersenyum dan tertawa memang merupakan salah satu kunci untuk menjaga keseimbangan emosi dan menjauhkan stres. Oleh karena itu kata-kata konyol yang lucu dan menghibur dapat menjadi obat yang ampuh untuk mengusir kejenuhan dan tekanan yang ada. Replay kata-kata lucu Kalian,2025-06-01 08:34:28,[],tersenyum tertawa salah kunci menjaga keseimbangan emosi menjauhkan stres katakata konyol lucu menghibur obat ampuh mengusir kejenuhan tekanan replay katakata lucu,negatif,-20,negatif,2.222213712401133
852,1929083544950686032,1451059706252824582,,Kata kata terngiang di otak adalah Oooh My Goooaaaaaatt Yang diucapkan oleh seorang fetis ronaldo,2025-06-01 08:34:28,[],terngiang otak oooh my goooaaaaaatt fetis ronaldo,negatif,-3,negatif,2.2222361669362884
853,1929083202859094361,1654874361277616129,,@jejeayy1 Lagi nggak punya kata-kata deh,2025-06-01 08:34:28,['1'],nggak katakata deh,negatif,-3,negatif,2.2222210318563023
854,1929082735357829277,102273661,,@Doelbatox karna tertampar mulu sama kata kata truk,2025-06-01 08:34:28,[],karna tertampar mulu truk,negatif,-1,negatif,2.2222183775372435
855,1929082600163090662,1329761054864281602,,Kata kata hari ini :),2025-06-01 08:34:28,[],,netral,0,negatif,2.159005914321281
856,1929082436635234448,863578508479442945,,Dengan MBTI ISFP Richa adalah pribadi yang artistik sensitif dan sangat menghargai keindahan dalam hal-hal kecil. Ia lebih suka berbicara lewat tindakan daripada kata-kata dan sering menunjukkan kepeduliannya secara diam-diam namun tulus. https://t.co/wP3ZNGFWJW,2025-06-01 08:34:28,['3'],mbti isfp richa pribadi artistik sensitif menghargai keindahan halhal suka berbicara tindakan katakata kepeduliannya diamdiam tulus,positif,2,positif,2.222215067687922
857,1929082190417035343,1869371784379891713,,@snbtfess udh jgn pikirin orang jgn biarkan kata kata org itu mengendalikan mu sender. Km berhak atas dirimu sendiri yh hempas aja yg bgtu. Dengerin kritik/saran itu gk masalah tp kl negatif gt gk usahlah km pikirkan.,2025-06-01 08:34:28,[],udh jgn pikirin orang jgn biarkan org mengendalikan mu sender km berhak dirimu yh hempas aja yg bgtu dengerin kritiksaran gk tp kl negatif gt gk usahlah km pikirkan,negatif,-4,negatif,2.222222840430729
858,1929081874292314544,1494244746793189378,,Kata-kata adalah doa ... Lancarkan mudahkan banyak rezeki datang dari arah mana saja.. ratusan-ribuan-puluhan ribu $ sehat dan bahagia,2025-06-01 08:34:28,[],katakata doa lancarkan mudahkan rezeki arah ratusanribuanpuluhan ribu sehat bahagia,negatif,-4,negatif,2.2222143001757115
859,1929081125869142228,1117713175342829569,,kenapa ya harus ada sitasi kenapa kalian ga percaya aja sama kata kata aku,2025-06-01 08:34:28,[],ya sitasi ga percaya aja,positif,7,positif,2.2269201491732984
860,1929080423352619164,1364915338375143426,,alay bgt jir ternyata mfs gw bodo ah ga bisa ekspresikan pake kata kata,2025-06-01 08:34:28,[],alay bgt jir mfs gw bodo ah ga ekspresikan pake,negatif,-12,negatif,2.222239107374189
861,1929080189687841033,2306458376,,@jackboiys itu kata kata zomblo bisa gausah diperjelas ga?,2025-06-01 08:34:28,[],zomblo gausah diperjelas ga,negatif,-4,negatif,2.222213449498361
862,1929079976659210387,1554329396,,feminis itu hidupnya muter-muter di kata-kata dilarang ngatur selain donatur.. ya sebenernya ngebuktiin valuenya mereka cuma untuk dibeli transaksional aja sih,2025-06-01 08:34:28,[],feminis hidupnya mutermuter katakata dilarang ngatur donatur ya sebenernya ngebuktiin valuenya dibeli transaksional aja sih,positif,4,positif,2.2140883914449696
863,1929079939099238764,1753331332401471488,,@chirppycip @sbmptnfess Rasa ingin membalas semua yang ngirim menfess kagak bersyukur pake kata kata inih,2025-06-01 08:34:28,[],membalas ngirim menfess kagak bersyukur pake inih,negatif,-1,negatif,2.2222279649256778
864,1929079212494958604,1488133992557645829,,@RiyyuLynelle_ @jimiciw eh bener lagii wkwkwk kata kata keramatt,2025-06-01 08:34:28,[],eh bener lagii wkwkwk keramatt,positif,2,positif,2.222231146916781
865,1929079067011158476,1475278764015718400,,mei selalu jadi bulan dengan dokumentasi fotonya kata kata paling banyak,2025-06-01 08:34:28,[],mei dokumentasi fotonya,netral,0,netral,2.2222331417747827
866,1929078920755736621,1296056920126627840,,@davisformvp23 @bailemon_ @_mizuhashi kata-kata lucu ngemis ke orang tua wkwk,2025-06-01 08:34:28,['23'],katakata lucu ngemis orang tua wkwk,negatif,-6,negatif,2.222237252416835
867,1929078011724198378,2978140904,,@ReflyHZ Tanggapi dengan santai tidak perlu emosi berlebihan apalagi sampai keluar kata kata kotor,2025-06-01 08:34:28,[],tanggapi santai emosi kotor,negatif,-7,negatif,2.2222225931644117
868,1929077967118020953,1266285827471978496,,stiap naik kelas pasti ada temen kelas yang nangis grgr aku. padahal aku rarely tubir tp kayanya kl udh tersinggung kata kata yg dikeluarin biadab bgt sampe pada nangis gitu. buat ukuran ank sd smp sma yee,2025-06-01 08:34:28,[],stiap kelas temen kelas nangis grgr rarely tubir tp kayanya kl udh tersinggung yg dikeluarin biadab bgt sampe nangis gitu ukuran ank sd smp sma yee,negatif,-28,negatif,2.222228140279515
869,1929077818794590430,1824125140072116224,,beneran siap dipenggal kalo kata kata mendadak dan mendidik dan sejenisnya keluar dari mulut/jari aing,2025-06-01 08:34:28,[],beneran dipenggal kalo mendadak mendidik sejenisnya mulutjari aing,positif,6,positif,2.2222069872943933
870,1929077500124020832,1395783569436340229,,dpt kata kata semangat guys https://t.co/bX4WrdmPb7,2025-06-01 08:34:28,"['4', '7']",dpt semangat guys,netral,0,netral,2.222223269506125
871,1929076648952946743,1745329021674770432,,@naraaouboom Terima kasih ya kamu udah selalu ngasih kata-kata baik selamat hari minggu semoga kamu bahagia selalu,2025-06-01 08:34:28,[],terima kasih ya udah ngasih katakata selamat minggu semoga bahagia,positif,7,positif,2.2221975997246397
872,1929076543843873057,1359924132918435841,,Kata kata yg ku tunggu https://t.co/bPO28utKhe,2025-06-01 08:34:28,['28'],yg ku tunggu,negatif,-2,negatif,2.2222387956466383
873,1929075885480792321,1917284586448642049,,︎ Berikan detail alamat dan waktu di email. Aku akan datang tepat waktu. Kata-kata itu diucap dengan lugas berakhir sebagai janji sekaligus pengiring kepergian HYUN dari ruangan dingin itu. ︎,2025-06-01 08:34:28,[],detail alamat email katakata diucap lugas janji pengiring kepergian hyun ruangan dingin,positif,1,positif,2.222218766184475
874,1929075651383861300,1716663978821398528,,nih silahkan di cek yah manteman :9 gue ga bikin carrd baru cuman revisi kata kata sama ngubah beberapa warna. maff sedikit mengecewakan bagi mutual lama https://t.co/bqgylUXkbA,2025-06-01 08:34:28,['9'],nih silahkan cek yah manteman 9 gue ga bikin carrd cuman revisi ngubah warna maff mengecewakan mutual,negatif,-4,negatif,2.222229174033835
875,1929075417861992673,1457641235775062022,,kata-kata lucu fourth itu manusia asli MASIH CEKIKIKAN BANGET ANJIR yang bilang fot AI siapaa njirrr,2025-06-01 08:34:28,[],katakata lucu fourth manusia asli cekikikan banget anjir bilang fot ai siapaa njirrr,positif,1,positif,2.215781429147441
876,1929075329202561066,1870434302946844672,,kata kata apa lgi yang pantas buat mereka https://t.co/oBeWABeu1j,2025-06-01 08:34:28,['1'],lgi,netral,0,netral,2.2222092094931245
877,1929075279810400682,1825341569161121792,,kak when you regained your conciousness lo bakalan mikirin soal kata-kata kasar yang lo tulis ke orang yang bahkan kenal lo aja nggak pake akun bodong lo ini. no good thing will come from this btw.,2025-06-01 08:34:28,[],kak when you regained your conciousness lo mikirin katakata kasar lo tulis orang kenal lo aja nggak pake akun bodong lo no good thing will come from this btw,negatif,-2,negatif,2.222209722376582
878,1929075037992010085,1183469917581897728,,@karedokx @tanyakanrl Kata-kata terakhirnya mantap betul,2025-06-01 08:34:28,[],katakata terakhirnya mantap,positif,5,positif,2.186269171704154
879,1929074986452398563,1863254225264005120,,Mau sampai kapan kata kata itu selalu muncul di kepala ku,2025-06-01 08:34:28,[],muncul kepala ku,negatif,-3,negatif,2.1728013450953476
880,1929074387652850080,1772200621975973888,,@eajw00ah KATA-KATA KAK JEMA GK PERNAH GAGAL TREASURE OWNS THE NIGHT #TREASUREatWeverseCon #WeverseConFestival #TREASURE #트레저 @treasuremembers,2025-06-01 08:34:28,['00'],katakata kak jema gk gagal treasure owns the night,negatif,-4,negatif,2.2222099515233715
881,1929073122642149680,412077859,,kata kata berat keluar hari ini. yang perlu ganti ganti dah pak . besok gua bikin motor tenaga marmut aja dah udah,2025-06-01 08:34:28,[],berat ganti ganti dah besok gua bikin motor tenaga marmut aja dah udah,negatif,-11,negatif,2.2260321777399015
882,1929073120578556297,726013134612365313,,Untuk format pengumpulannya cukup sebut nama kelompok dan beri tanda anggota yang aktif atau gak setiap rondenya. Kel 9 1. guruxloki 2. guruxsersei 3. guruxthena Dst.. Mau ditambah kata-kata lain di bawah biar gak template boleh ya asal nama kel &amp; list anggotanya ada. https://t.co/nd1FtMdpFP,2025-06-01 08:34:28,"['9', '1', '2', '3', '1']",format pengumpulannya nama kelompok tanda anggota aktif gak rondenya kel 9 1 guruxloki 2 guruxsersei 3 guruxthena dst ditambah katakata biar gak template ya nama kel amp list anggotanya,negatif,-12,negatif,2.222249734516267
883,1929072512731627903,1370604191052263427,,@AnikMuchtarom @cinggaro @branjangankawat Apalagi kata-kata yg sulit seperti : Njempalik njepat njengat ...itu kalau di bahasa Indonesia kan jadi panjang #Jowolawas,2025-06-01 08:34:28,[],katakata yg sulit njempalik njepat njengat bahasa indonesia,negatif,-4,negatif,2.2222227776607104
884,1929072273052328364,1286772586936799232,,@penyukaped4s @Marievity3_ once again sorry ya kaa kalo ada kata kata yg kurang berkenan semalem udh diberesin ko udh di reminder jg buat semuanya. semoga damai selalu ya kita,2025-06-01 08:34:28,"['4', '3']",once again sorry ya kaa kalo yg berkenan semalem udh diberesin ko udh reminder jg semoga damai ya,positif,6,positif,2.222211473373737
885,1929071909825610004,2330430637,,@leeaisaw kakaakk terima kasih kue dan kata-kata manisnyaa. semoga hal baik selalu datang ke kakak yaa,2025-06-01 08:34:28,[],kakaakk terima kasih kue katakata manisnyaa semoga kakak yaa,positif,1,positif,2.22222850772017
886,1929071634540826760,2330430637,,@soshyun kakakkk terima kasih yaaaa kue dan kata-kata yang ngga kalah manisnya. semoga ucapannya kembali ke kaka ya be gentler to yourself too nee?,2025-06-01 08:34:28,[],kakakkk terima kasih yaaaa kue katakata ngga kalah manisnya semoga ucapannya kaka ya be gentler to yourself too nee,netral,0,netral,2.222219770266128
887,1929071491993207206,1856229389782142976,,@sbmptnfess Baru mau mengeluarkan kata-kata mutiara nder,2025-06-01 08:34:28,[],mengeluarkan katakata mutiara nder,netral,0,netral,2.222222641463917
888,1929071273579094265,1956480499,,Gue stress banget anjir liat kakek kakek viral di tt yang marah-marah ke strangers. Ternyata gak cuma sekali dia begitu. Kata-kata yang keluar dari mulutnya itu loh Dinsos plis kerja ini kakek kakek kayaknya ada gangguan deh,2025-06-01 08:34:28,[],gue stress banget anjir liat kakek kakek viral tt marahmarah strangers gak katakata mulutnya loh dinsos plis kerja kakek kakek kayaknya gangguan deh,positif,1,positif,2.2222179339793695
889,1929071257414180948,1641869560751210497,,Dan juga aku tuh tim males komplen walau sebenarnya dalem hati berisik terus aku juga ga bisa merangkai kata-kata yang enak di baca takut kena salty,2025-06-01 08:34:28,[],tuh tim males komplen dalem hati berisik ga merangkai katakata enak baca takut kena salty,negatif,-24,negatif,2.222232596914198
890,1929071173175787803,1057869442007228416,,@wifnteo Kamu mau bikin aku mleyot berapa kali sayang aku udah meleleh banget baca kata kata kamu ini,2025-06-01 08:34:28,[],bikin mleyot kali sayang udah meleleh banget baca,negatif,-3,negatif,2.2249052384404604
891,1929071126912651555,1183075553336709120,,tapi gimana anjir cuma bisa sabar sabar sabar. sampe udah muak sama kata-kata sabar..,2025-06-01 08:34:28,[],gimana anjir sabar sabar sabar sampe udah muak katakata sabar,positif,12,positif,2.222218145438753
892,1929070999254819089,1687032100678230016,,Sport jantung melihat gimana remaja mudah tertipu manis kata-kata. #DepokSOS #SaveOurSurroundingsFest,2025-06-01 08:34:28,[],sport jantung gimana remaja mudah tertipu manis katakata,negatif,-5,negatif,2.222214355758111
893,1929070905868652622,4152518174,,Kata-kata hari ini pak Inzaghiiiiiii Ini adalah tiga. Tiga kali kalah tiga kompetisi gagal juara https://t.co/rtthsFsFBZ,2025-06-01 08:34:28,[],katakata inzaghiiiiiii kali kalah kompetisi gagal juara,negatif,-8,negatif,2.222211252235467
894,1929070827258966327,1142782139785592832,,normalisasi kok kata kata tiktok gendeng mbakkk,2025-06-01 08:34:28,[],normalisasi tiktok gendeng mbakkk,negatif,-2,negatif,2.2222123363526585
895,1929070525914947844,1599695159440322561,,@kenzezt Benee banget kata kata nya,2025-06-01 08:34:28,[],benee banget nya,positif,1,positif,2.2222319159404207
896,1929070515152425086,1840391437252538368,,@lnovo83 @sukafantasy46 Jitu juga rangkaian kata-kata pujangga umpan ke.akan tu bang https://t.co/pP3nY9miEI,2025-06-01 08:34:28,"['83', '46', '3', '9']",jitu rangkaian katakata pujangga umpan keakan tu bang,negatif,-3,negatif,2.2222180328341765
897,1929070374941069792,486650220,,Kramas diawali dengan kata kata sok bijak akhirnya gak jadi kramas Cobain deh,2025-06-01 08:34:28,[],kramas diawali sok bijak gak kramas cobain deh,negatif,-4,negatif,2.2222033851526124
898,1929069374662418942,539688902,,Kata kata indah pun tidak cukup mendiskripsikan kamu yang begitu sempurna #정수빈상하이첫팬사인 #ChungSubinFirstFanMeeting,2025-06-01 08:34:28,[],indah mendiskripsikan sempurna,negatif,-5,negatif,2.222222998515539
899,1929069099918733547,1909216095766200320,,@BofurinFlower Kasihan kakak cantik lucu nan imut ini di bombardir oleh kata kata yang merepresentasikan dirinya.,2025-06-01 08:34:28,[],kasihan kakak cantik lucu nan imut bombardir merepresentasikan,negatif,-10,negatif,2.2222333731001345
900,1929069052913238335,2287557392,,@pockyrc1 @footbalicius @WatchmenID Mana clip/kata kata KOTOR yang keluar dari komentatornya??? (atau emang otak lo aja yang KOTOR?),2025-06-01 08:34:28,['1'],clipkata kotor komentatornya emang otak lo aja kotor,negatif,-12,negatif,2.222225016294213
901,1929068742580867084,1305047571862228993,,Sampe ngucap kata kata yang sama saking seringnya bahas hal itu. emang guenya yang harus sadar diri,2025-06-01 08:34:28,[],sampe ngucap saking bahas emang guenya sadar,positif,1,positif,2.222212069557426
902,1929068266527539687,992989667308941313,,First time aku tak henti mencarut lepas tengok vtt yg ada kata-kata menyedihkan Ye. Kau punya la tu. Mmg aku carut dari awal sampai akhir vtt tu. Pale buto kau la terpaling sedih. Terpaling tersakiti sial babi anjing. Reply chat aku dulu,2025-06-01 08:34:28,[],first time henti mencarut lepas tengok vtt yg katakata menyedihkan ye kau la tu mmg carut vtt tu pale buto kau la terpaling sedih terpaling tersakiti sial babi anjing reply chat,negatif,-30,negatif,2.22222744663057
903,1929068227977416841,1647602215492919296,,⠀ Beberapa detik ia diam sebelum akhirnya meraih cangkir itu dengan satu tangan dan menyesapnya dalam diam. Pahitnya pas. Tidak menusuk cukup untuk mengingatkan bahwa sesuatu sedang bekerja di dalam. Ia tidak langsung menjawab Darma. Ada hal dalam kata-kata tadi ( ) ⠀,2025-06-01 08:34:28,[],detik diam meraih cangkir tangan menyesapnya diam pahitnya pas menusuk langsung darma katakata,negatif,-3,negatif,2.2222353553973853
904,1929067857616294198,968400474842918913,,Gada itu karma. Itu cuma kata kata penghibur,2025-06-01 08:34:28,[],gada karma penghibur,netral,0,netral,2.2222203539589227
905,1929067837945163888,3665540355,,Hay lagi-lagi jualan. Kali ini cluenya lebih singkat cuma pakai kata-kata yang masih bisa dihitung jari. https://t.co/Hl7F3QuYtO,2025-06-01 08:34:28,"['7', '3']",hay lagilagi jualan kali cluenya singkat pakai katakata dihitung jari,negatif,-5,negatif,2.222217555071064
906,1929065856043975051,1857755322263416836,,@Yujiu212 Cakep bgt kata kata nya,2025-06-01 08:34:28,['212'],cakep bgt nya,negatif,-1,negatif,2.2222287092003623
907,1929065431349776847,424826235,,Kata-kata hari ini~ https://t.co/feHjMUFXad,2025-06-01 08:34:28,[],katakata,netral,0,netral,2.222224984508566
908,1929065368196157909,1697500654066155520,,250601 #CARMEN weverse comment : tumben gak ada kata-kata dari kemaren : mager.. skip : hari hari liat orang di notice sama idol nya lah gua kapan ya? : Kapan kapan #Hearts2Hearts #하츠투하츠 #H2H @Hearts2Hearts https://t.co/0YOYf0tFaJ,2025-06-01 08:34:28,"['250601', '2', '2', '2', '0', '0']",250601 weverse comment tumben gak katakata kemaren mager skip liat orang notice idol nya gua ya,negatif,-6,negatif,2.2222344879704674
909,1929065008681386429,1911332661127503872,,@bfgrent Tapi perlu diingat aku anaknya bukan si paling PT tapi aku woa banget woa mentok! Aku suka nyiram pacarku pakai kata kata apresiasi plus kata kata manis hehe. Jadi.. Mind to spend 2 days with me? : https://t.co/w8NgQL5bID https://t.co/VoPLPOctXX,2025-06-01 08:34:28,"['2', '8', '5']",anaknya si pt woa banget woa mentok suka nyiram pacarku pakai apresiasi plus manis hehe mind to spend 2 days with me,negatif,-5,negatif,2.222223931192726
910,1929064227551195460,3020851448,,Kata kata hari ini mqin empi el aka bang komposisi hero gituan https://t.co/eyg3EmFgmP,2025-06-01 08:34:28,['3'],mqin empi el aka bang komposisi hero gituan,negatif,-6,negatif,2.222213552245505
911,1929063767939137993,1496710711376252933,,@Iyangaprill kata kata penguat,2025-06-01 08:34:28,[],penguat,netral,0,netral,2.222239157118164
912,1929063466083729639,851181944,,@erreerya Kata kata ajaib Yaudah mau gimana lagi,2025-06-01 08:34:28,[],ajaib yaudah gimana,negatif,-4,negatif,2.2222313184186486
913,1929062774065483886,291558763,,@flippy_flash @FansNerazzurri Marah niye? 5-0 bang udah gak ketolong itu parahnya. Di final pula. Minimal malu bang malah ngata-ngatain decul Kasar amat kata-kata orang lagi emosi bercampur malu,2025-06-01 08:34:28,"['5', '0']",marah niye 50 bang udah gak ketolong parahnya final minimal malu bang ngatangatain decul kasar katakata orang emosi bercampur malu,negatif,-22,negatif,2.222224087807855
914,1929061981480518074,1863486622270111744,,anjai kata kata hari ini bude https://t.co/kvBGgE7G26,2025-06-01 08:34:28,"['7', '26']",anjai bude,netral,0,netral,2.2222201880953554
915,1929061946562850859,1511745105589604352,,@gwangjularity @BaseAnakFK sa ae kata kata penghiburnya kak (cries in fk pts),2025-06-01 08:34:28,[],sa ae penghiburnya kak cries in fk pts,negatif,-4,negatif,2.2222326975375455
916,1929061916334231950,1855454703045476352,,@tanyarlfes dulu aku masih jadi remaja pemberontak sekitaran umur 15 aku ngeblock ibuku karena ngerasa omongannya pedis banget kaya waktu itu aku lagi nyari jati diri tapi di nasehati dengan kata-kata yg justru bikin aku malah ngerasa lebih hilang lagi tapi skrg udah sadar ko ges,2025-06-01 08:34:28,['15'],remaja pemberontak sekitaran umur 15 ngeblock ibuku ngerasa omongannya pedis banget kaya nyari jati nasehati katakata yg bikin ngerasa hilang skrg udah sadar ko ges,negatif,-16,negatif,2.222241772477689
917,1929061758829773087,938708549961576448,,@3CareIndonesia Kata- kata motivasi sepertinya yg banyak orang butuhkan di jaman sekarang terima kasih telah memberi semangat,2025-06-01 08:34:28,['3'],motivasi yg orang butuhkan jaman terima kasih semangat,negatif,-5,negatif,2.2222319517865383
918,1929061742635569656,15435517,,Inilah penjelasan mengapa pria selain berumur lebih pendek juga sulit mengingat kata-kata cerita dan curhat istrinya. Via TikTok: bt_diazz https://t.co/67i8NUM2Od,2025-06-01 08:34:28,"['67', '8', '2']",penjelasan pria berumur pendek sulit katakata cerita curhat istrinya via tiktok bt_diazz,negatif,-8,negatif,2.2222222856901186
919,1929061079277097370,1793275090576257024,,@rayzapratamaa @utdfocusid Lucu banget lagi wkwkwk pokoknya dasar dari semua yang keren cruyf aja ya bang padahal mereka semua punya filosofi sendiri tapi yang dibanggain sama si 2 handphone selalu cruyfnya aja dan selalu ngutip kata-kata guadriola tentang cruyf emang agak aneh buzzer knvb itu wkwkwk.,2025-06-01 08:34:28,['2'],lucu banget wkwkwk pokoknya dasar keren cruyf aja ya bang filosofi dibanggain si 2 handphone cruyfnya aja ngutip katakata guadriola cruyf emang aneh buzzer knvb wkwkwk,positif,4,positif,2.2222246928943794
920,1929060760325689543,1673691859108106241,,@Boediantar4 Saya orang islam saya mau tanya itu yg bilang kejawen kontol itu orang islam bukan kalo memang orang islam sebenarnya apa harus mengatak dengan kata kata kejawen kontol emang ajaran islam bahasanya harus begitu panitia surga masa omongannya ga pake adab apa ajaranya pake bahasa,2025-06-01 08:34:28,['4'],orang islam yg bilang kejawen kontol orang islam kalo orang islam mengatak kejawen kontol emang ajaran islam bahasanya panitia surga omongannya ga pake adab ajaranya pake bahasa,positif,8,positif,2.222202910717758
921,1929060360851526001,2349313015,,&gt; ujarnya lirih seolah berbicara kepada angin atau kepada dirinya sendiri. Tapi rasa kadang lebih jujur daripada kata-kata. Maka izinkan makanan ini yang menyampaikan sesuatu untukmu. Ia menggeser piring kue itu perlahan ke arah kursi kosong di seberang meja. &gt;,2025-06-01 08:34:28,[],gt lirih berbicara angin kadang jujur katakata izinkan makanan untukmu menggeser piring kue perlahan arah kursi kosong seberang meja gt,negatif,-12,negatif,2.222240059702463
922,1929060120375304470,1900579883895676928,,@jejeayy1 gatau deh gada kata kata,2025-06-01 08:34:28,['1'],gatau deh gada,negatif,-1,negatif,2.2222237272866687
923,1929060014624248291,717712716874391552,,@jwonnuxx Ini pasti kata-kata hari ini ya abang Shaka #.paham,2025-06-01 08:34:28,[],katakata ya abang shaka paham,positif,4,positif,2.222220749610564
924,1929059905677254864,1563918488267198467,,@Yudiilll @nishltaku @EkoRachmadi2 Ada ya koruptor ditangkap tanpa bukti yg jelas ? Yang ada kalau si Amies ditangkap mulai lah narasi ketakadilan tak ada bukti pembungkaman calon presiden dst nya Si mulut Amies emang bs bermanis manis. Membungkus dgn kata kata yang terlihat hebat heroik.,2025-06-01 08:34:28,['2'],ya koruptor ditangkap bukti yg si amies ditangkap narasi ketakadilan bukti pembungkaman calon presiden dst nya si mulut amies emang bs bermanis manis membungkus dgn hebat heroik,negatif,-6,negatif,2.2230340743676114
925,1929059194961064265,1279061841281380354,,jangan kebiasaan make kata kata ga pada tempatnya deh. aneh bgt minta ke ortu dibilang ngemis.,2025-06-01 08:34:28,[],kebiasaan make ga tempatnya deh aneh bgt ortu dibilang ngemis,negatif,-4,negatif,2.22220080941157
926,1929059140627763514,1497183589619830786,,@sweectz kata kata kramat tuh kak,2025-06-01 08:34:28,[],kramat tuh kak,netral,0,netral,2.222215598228712
927,1929058670505333193,1053294658569289730,,Aku rasa ayat ini mungkin keluar dari mulut seseorang yang belum pun berkahwin. Sebab kalau dah kahwin dia akan tahu &amp; sedar hakikat perkahwinan itu bagaimana. Dia tak akan sampai hati untuk mengeluarkan kata-kata yang dangkal begini.,2025-06-01 08:34:28,[],ayat mulut berkahwin dah kahwin amp sedar hakikat perkahwinan hati mengeluarkan katakata dangkal,negatif,-14,negatif,2.2222189618910595
928,1929058564154204345,1730870520739160064,,hatiku terlalu mungil untuk dikata-katain pake kata-kata toxic gabisa banget,2025-06-01 08:34:28,[],hatiku mungil dikatakatain pake katakata toxic gabisa banget,negatif,-5,negatif,2.222233866755733
929,1929058461708369985,25796673,,Ingin rasanya ku mengeluarkan kata kata kasar,2025-06-01 08:34:28,[],ku mengeluarkan kasar,netral,0,netral,2.222225297204196
930,1929058289280778322,1053294658569289730,,Kasihan terhadap mereka yang mengeluarkan kata-kata sebegini. Lebih kasihan lagi terhadap mereka yang menyokongnya. Kalau seseorang itu benar faham tentang Islam tidak sewajarnya ungkapan ini keluar dari mulutnya. Contoh paling hampir ialah Sayidatina Khadijah binti Khuwailid. https://t.co/pdiYC6pwPL,2025-06-01 08:34:28,['6'],kasihan mengeluarkan katakata kasihan menyokongnya faham islam sewajarnya ungkapan mulutnya contoh sayidatina khadijah binti khuwailid,netral,0,netral,2.222227123105561
931,1929058114709438767,1290608945606795265,,@arinlee01 Padahal fans Dy juga mendukung buat rnb akgae berulah itu tapi malah dikasih kata kata begitu waduh selama ini berarti oke oke aja kalo Dy beneran jadi samsak fandom kah? Shsjakka,2025-06-01 08:34:28,['01'],fans dy mendukung rnb akgae berulah dikasih oke oke aja kalo dy beneran samsak fandom kah shsjakka,positif,8,positif,2.222216899788679
932,1929057774832677278,1442681895158878209,,@nattaywat di jadiin buku aja kata kata lucu nya SKSKKSK SAYANGKUU,2025-06-01 08:34:28,[],jadiin buku aja lucu nya skskksk sayangkuu,negatif,-1,negatif,2.222230898563836
933,1929056713493147788,1584832090591223809,,@asahimup oke udh ku ss. ku pegang kata kata mu kak,2025-06-01 08:34:28,[],oke udh ku ss ku pegang mu kak,netral,0,netral,2.222236133303211
934,1929055779274764680,1866275716893200384,,@Utayrus_Ayd Saya kawatirnya yang melakukan edit justru akan seperti ini. Karena penyanjung editor sangat percaya dan bahagia tambah pula kata-kata hujatan kebencian,2025-06-01 08:34:28,[],kawatirnya edit penyanjung editor percaya bahagia katakata hujatan kebencian,positif,1,positif,2.2222401281696933
935,1929055567160463715,2758514019,,@Doelbatox Penuh dengan kata-kata ya,2025-06-01 08:34:28,[],penuh katakata ya,positif,4,positif,2.222198746197951
936,1929055400113922450,1063752758807777281,,@sweectz Enggak butuh kata kata kaya gitu,2025-06-01 08:34:28,[],butuh kaya gitu,negatif,-7,negatif,2.222206816543787
937,1929055084094062647,1409312683250176004,,@aksarapodo @sbyfess Eh kok bisa ada kata kata gimana caranya,2025-06-01 08:34:28,[],eh gimana,netral,0,netral,2.2222366937364635
938,1929054922315645221,1219414785747324928,,@Otcar Gw cabut kata-kata gw sekarang.,2025-06-01 08:34:28,[],gw cabut katakata gw,negatif,-5,negatif,2.2222129144560614
939,1929054386807881844,1371452282324185090,,Tiap kali TBM selalu nyampein kata-kata ini. Sayangi nyawa sendiri. Keluarga di rumah nunggu gaji yang berkah. Sampeyan kenapa-napa perusahaan bisa nyari orang baru. Kalo nyawa sampeyan yang ilang mau nyari kemana?,2025-06-01 08:34:28,[],kali tbm nyampein katakata sayangi nyawa keluarga rumah nunggu gaji berkah sampeyan kenapanapa perusahaan nyari orang kalo nyawa sampeyan ilang nyari kemana,negatif,-1,negatif,2.2222261878551204
940,1929054311100961188,1697865224710438912,,memutuskan untuk full support dia karna kata-kata yg dikeluarkan dari mulutnya selalu bisa dipertanggungjawabkan dan omongan janjinya bisa di pegang bukan hanya bualan semata dia beneran serius membuktikannya kata orang itu baru disebut LAKI-LAKI GENTLEMEN https://t.co/q3lKNQrqCF,2025-06-01 08:34:28,['3'],memutuskan full support karna katakata yg dikeluarkan mulutnya dipertanggungjawabkan omongan janjinya pegang bualan beneran serius membuktikannya orang lakilaki gentlemen,negatif,-8,negatif,2.2222326307402134
941,1929053156261892277,530867596,,@iambigggT @zeinpiliang kata-kata hari ini bolo https://t.co/lGwZ45VDhN,2025-06-01 08:34:28,['45'],katakata bolo,netral,0,netral,2.2222160137353257
942,1929093364525289790,1806705283810660352,,@ketekpaus_ @armingosongg sebenerny gapapa tau klo kamu gapunya pengalaman sebelumny. yg penting tuh tunjukkin klo kamu antusias untuk belajar &amp; berkembang di organisasi. caranya? yg paling efektif pas wawancara ga cuma kata-kata tp gestur tubuh jg main utk bnr menunjukkan tujuan km masuk organisasi,2025-06-01 08:36:05,[],sebenerny gapapa tau klo gapunya pengalaman sebelumny yg tuh tunjukkin klo antusias belajar amp berkembang organisasi yg efektif pas wawancara ga katakata tp gestur tubuh jg main utk bnr tujuan km masuk organisasi,positif,6,positif,2.2222232588781656
943,1929093163869716761,2945345752,,@nyonyaningguang kata kata hari ini https://t.co/ScPI1V8TTl,2025-06-01 08:36:05,"['1', '8']",,netral,0,negatif,2.159005914321281
944,1929093087961415793,734645949608415233,,Dalam hati Saka bingung sendiri. Ini lo ngapain sih? Aneh banget. Tapi di luar ia terus melontarkan kata-kata sindiran dan kemarahan.,2025-06-01 08:36:05,[],hati saka bingung lo ngapain sih aneh banget melontarkan katakata sindiran kemarahan,negatif,-5,negatif,2.2222046756065876
945,1929092748138914118,1624607559264129024,,@YantoBoyok00 @tirta_cipeng Dia asisten dulu di barca terus pernah mau ngebet buat jadi pelatih dulu makanya waktu inter menang lawan barca yang 2009 apa 2010 itu dia ngejek fans barca yang dulu nentang dia buat jadi coach dengan kata kata gabutuh translator buat jadi pelatih CMIW,2025-06-01 08:36:05,"['00', '2009', '2010']",asisten barca ngebet pelatih inter menang lawan barca 2009 2010 ngejek fans barca nentang coach gabutuh translator pelatih cmiw,negatif,-4,negatif,2.222224468490121
946,1929092717025329174,468202400,,@mineyushi kak ternyata berguna juga ya kata kata tsb untuk momen kaya gitu,2025-06-01 08:36:05,[],kak berguna ya tsb momen kaya gitu,positif,7,positif,2.2222020885978178
947,1929092357955232124,1497418134013505537,,@unjaex Kurang jelas yah waktunya? Itu jam pas kebetulan trsr lagi perform di pict kedua itu kata-kata trsr yg biasa mereka omongin kalau lgi di perform. Masih kurang jelas? Ada di pict terakhir. Mau ngelak apa lagi? Jadi siapa yang nyari ribut duluan?‍️ https://t.co/fi2X6wch5i,2025-06-01 08:36:05,"['2', '6', '5']",yah jam pas trsr perform pict katakata trsr yg omongin lgi perform pict ngelak nyari ribut duluan,negatif,-5,negatif,2.22223100988945
948,1929092309536162127,270231069,,Gue tarik kata kata gue mcgg asik cuyy.,2025-06-01 08:36:05,[],gue tarik gue mcgg asik cuyy,positif,6,positif,2.2221969585989054
949,1929092110176731193,1306794927460769792,,Ga ada kata kata yang bisa jelasin betapa cintanya aku sama karya karya Ahmad Tohari.,2025-06-01 08:36:05,[],ga jelasin betapa cintanya karya karya ahmad tohari,positif,10,positif,2.2222046989143402
950,1929091610559799541,1239429071542431745,,kata-kata yang harus dihindari.. https://t.co/pIDoFIrDM5,2025-06-01 08:36:05,['5'],katakata dihindari,netral,0,netral,2.2222260227996715
951,1929091154785743196,1720665183188922368,,@Ngadinopanser @Minietweets_ @mohmahfudmd Arti peribahasa Jawa Sabda pandita ratu tan kena wola-wali adalah kata-kata pemimpin bijaksana tidak dapat diubah atau ditarik kembali menekankan integritas dan otoritas. Dalam budaya Jawa ini mencerminkan penghormatan terhadap pemimpin yang konsisten membangun kepercayaan,2025-06-01 08:36:05,[],arti peribahasa jawa sabda pandita ratu tan kena wolawali katakata pemimpin bijaksana diubah ditarik menekankan integritas otoritas budaya jawa mencerminkan penghormatan pemimpin konsisten membangun kepercayaan,negatif,-13,negatif,2.222207583169517
952,1929091123462688794,1417251642085318663,,Setelah kata-kata bombastis sebelumnya ga mempan.. kini muncul Meledak,2025-06-01 08:36:05,[],katakata bombastis ga mempan muncul meledak,negatif,-10,negatif,2.222209808654659
953,1929091037395660828,1733812081542254592,,gw gumoh bgt njing liat mf yang isinya ngebacot gamau kuliah di pil 2 kek anjing bersyukur lu ngentot diluar 200rb org banyak yang dapet kata kata semangat daripaa selamat ngentot lu semua,2025-06-01 08:36:05,"['2', '200']",gw gumoh bgt njing liat mf isinya ngebacot gamau kuliah pil 2 kek anjing bersyukur lu ngentot diluar 200rb org dapet semangat daripaa selamat ngentot lu,netral,0,netral,2.2222206817018217
954,1929090948253761831,1855458523305672704,,@shizukaahere Sugar dadynya hapus aja desss.... Post lagi tanpa kata kata sugar dady... Takut Weh,2025-06-01 08:36:05,[],sugar dadynya hapus aja desss post sugar dady takut weh,negatif,-6,negatif,2.222239322169342
955,1929090563539628540,1588945493438013440,,@Tokocrypto Kata kata investasi itu tidak cocok buat crypto jika melihat grafik semua crypto kecuali BTC. https://t.co/ZMHerpe7pl,2025-06-01 08:36:05,['7'],investasi cocok crypto grafik crypto kecuali btc,negatif,-3,negatif,2.222225336606968
956,1929089629392957891,1886302964664745984,,kata kata mutiara nya makhluk rendahan tai tai,2025-06-01 08:36:05,[],mutiara nya makhluk rendahan tai tai,negatif,-7,negatif,2.222232832061212
957,1929089588187775155,1794381955653578752,,kata kata yg keluar setiap disenggol duluan:,2025-06-01 08:36:05,[],yg disenggol duluan,negatif,-2,negatif,2.223483509149153
958,1929089140341035089,1198258761523060737,,Diotakmu penuh dg kata Jika Jika aku tidak ada disini jika aku seharusnya tidak melakukan ini jika seharusnya aku lebih hati-hati. Di dalam ributnya pikiranmu kamu harus juga menerima ributnya kata-kata orang lain terhadapmu. Semuanya penuh &amp; lama-lama seperti akan meledak.,2025-06-01 08:36:05,[],diotakmu penuh dg hatihati ributnya pikiranmu menerima ributnya katakata orang terhadapmu penuh amp lamalama meledak,negatif,-1,negatif,2.2222224119739766
959,1929088269746053631,1805202509549715456,,Pancasila bukan sekadar kata-kata. Lebih dari itu Pancasila merupakan sumber kekuatan bagi bangsa Indonesia. Find more Instagram : @ designbunchberry Facebook : Bunchberry Design Pinterest : bunchberrydesign https://t.co/lX65eXBOwW,2025-06-01 08:36:05,['65'],pancasila katakata pancasila sumber kekuatan bangsa indonesia find more instagram designbunchberry facebook bunchberry design pinterest bunchberrydesign,positif,3,positif,2.2222380240529853
960,1929088136480461175,1268132096771407873,,anjayy kata kata tanggal 19 mei,2025-06-01 08:36:05,['19'],anjayy tanggal 19 mei,negatif,-4,negatif,2.2222186887309965
961,1929088001851772932,2954749274,,@Leesojl Lewat kata-kata hari ini apa boleh? Tenang aja aku gak loyo tapi aku baru kembali dari hiatus! BOLEH BANGET ARGGHHH LUCU kamu juga cantiknya pacarmu dan aku hahay,2025-06-01 08:36:05,[],katakata tenang aja gak loyo hiatus banget argghhh lucu cantiknya pacarmu hahay,negatif,-3,negatif,2.222230815050546
962,1929087198890004823,1177020771475939328,,@_mimisaidi Baik! Saya akan mendengar kata-kata sifu.,2025-06-01 08:36:05,[],mendengar katakata sifu,netral,0,netral,2.222220418740847
963,1929086656772190303,1341359224601788418,,@MohammadMakruf @AlanN35104 @Doremi1821839 @ImamBesar212 @Kakak211 @I_love_Israel7 @MarioInferno @nidi_nada29067 @PaijoKhentirrr Lah kata kata mu bilang ; Yang dijelaskan UAS bukan muhamad bin abdullah. Saya jelaskam panjang lebar pu kamu gak akan paham yang muslim aja belum tentu bisa &amp; mau paham,2025-06-01 08:36:05,"['35104', '1821839', '212', '211', '7', '29067']",mu bilang uas muhamad bin abdullah jelaskam lebar pu gak paham muslim aja amp paham,positif,1,positif,2.2222210180595017
964,1929086560810459277,343457252,,@ivanlanin Uda mohon tanya. Dalam cerita kata-kata yang diucapkan dalam hati/pikiran/batin bgmn format penulisannya? Apakah hrs: 1. Ditulis miring; 2. Diberi tanda petik? Atau apakah ditulis biasa seperti percakapan biasa yg diucapkan melalui mulut? Atau bagaimana seharusnya?,2025-06-01 08:36:05,"['1', '2']",uda mohon cerita katakata hatipikiranbatin bgmn format penulisannya hrs 1 ditulis miring 2 tanda petik ditulis percakapan yg mulut,negatif,-13,negatif,2.222204271427476
965,1929083762912235779,1424513138209157121,,Tersenyum dan tertawa memang merupakan salah satu kunci untuk menjaga keseimbangan emosi dan menjauhkan stres. Oleh karena itu kata-kata konyol yang lucu dan menghibur dapat menjadi obat yang ampuh untuk mengusir kejenuhan dan tekanan yang ada. Replay kata-kata lucu Kalian,2025-06-01 08:36:05,[],tersenyum tertawa salah kunci menjaga keseimbangan emosi menjauhkan stres katakata konyol lucu menghibur obat ampuh mengusir kejenuhan tekanan replay katakata lucu,negatif,-20,negatif,2.222213712401133
966,1929083544950686032,1451059706252824582,,Kata kata terngiang di otak adalah Oooh My Goooaaaaaatt Yang diucapkan oleh seorang fetis ronaldo,2025-06-01 08:36:05,[],terngiang otak oooh my goooaaaaaatt fetis ronaldo,negatif,-3,negatif,2.2222361669362884
967,1929083202859094361,1654874361277616129,,@jejeayy1 Lagi nggak punya kata-kata deh,2025-06-01 08:36:05,['1'],nggak katakata deh,negatif,-3,negatif,2.2222210318563023
968,1929082735357829277,102273661,,@Doelbatox karna tertampar mulu sama kata kata truk,2025-06-01 08:36:05,[],karna tertampar mulu truk,negatif,-1,negatif,2.2222183775372435
969,1929082600163090662,1329761054864281602,,Kata kata hari ini :),2025-06-01 08:36:05,[],,netral,0,negatif,2.159005914321281
970,1929082436635234448,863578508479442945,,Dengan MBTI ISFP Richa adalah pribadi yang artistik sensitif dan sangat menghargai keindahan dalam hal-hal kecil. Ia lebih suka berbicara lewat tindakan daripada kata-kata dan sering menunjukkan kepeduliannya secara diam-diam namun tulus. https://t.co/wP3ZNGFWJW,2025-06-01 08:36:05,['3'],mbti isfp richa pribadi artistik sensitif menghargai keindahan halhal suka berbicara tindakan katakata kepeduliannya diamdiam tulus,positif,2,positif,2.222215067687922
971,1929082190417035343,1869371784379891713,,@snbtfess udh jgn pikirin orang jgn biarkan kata kata org itu mengendalikan mu sender. Km berhak atas dirimu sendiri yh hempas aja yg bgtu. Dengerin kritik/saran itu gk masalah tp kl negatif gt gk usahlah km pikirkan.,2025-06-01 08:36:05,[],udh jgn pikirin orang jgn biarkan org mengendalikan mu sender km berhak dirimu yh hempas aja yg bgtu dengerin kritiksaran gk tp kl negatif gt gk usahlah km pikirkan,negatif,-4,negatif,2.222222840430729
972,1929081874292314544,1494244746793189378,,Kata-kata adalah doa ... Lancarkan mudahkan banyak rezeki datang dari arah mana saja.. ratusan-ribuan-puluhan ribu $ sehat dan bahagia,2025-06-01 08:36:05,[],katakata doa lancarkan mudahkan rezeki arah ratusanribuanpuluhan ribu sehat bahagia,negatif,-4,negatif,2.2222143001757115
973,1929081125869142228,1117713175342829569,,kenapa ya harus ada sitasi kenapa kalian ga percaya aja sama kata kata aku,2025-06-01 08:36:05,[],ya sitasi ga percaya aja,positif,7,positif,2.2269201491732984
974,1929071126912651555,1183075553336709120,,tapi gimana anjir cuma bisa sabar sabar sabar. sampe udah muak sama kata-kata sabar..,2025-06-01 08:36:05,[],gimana anjir sabar sabar sabar sampe udah muak katakata sabar,positif,12,positif,2.222218145438753
975,1929070999254819089,1687032100678230016,,Sport jantung melihat gimana remaja mudah tertipu manis kata-kata. #DepokSOS #SaveOurSurroundingsFest,2025-06-01 08:36:05,[],sport jantung gimana remaja mudah tertipu manis katakata,negatif,-5,negatif,2.222214355758111
976,1929070905868652622,4152518174,,Kata-kata hari ini pak Inzaghiiiiiii Ini adalah tiga. Tiga kali kalah tiga kompetisi gagal juara https://t.co/rtthsFsFBZ,2025-06-01 08:36:05,[],katakata inzaghiiiiiii kali kalah kompetisi gagal juara,negatif,-8,negatif,2.222211252235467
977,1929070827258966327,1142782139785592832,,normalisasi kok kata kata tiktok gendeng mbakkk,2025-06-01 08:36:05,[],normalisasi tiktok gendeng mbakkk,negatif,-2,negatif,2.2222123363526585
978,1929070525914947844,1599695159440322561,,@kenzezt Benee banget kata kata nya,2025-06-01 08:36:05,[],benee banget nya,positif,1,positif,2.2222319159404207
979,1929070515152425086,1840391437252538368,,@lnovo83 @sukafantasy46 Jitu juga rangkaian kata-kata pujangga umpan ke.akan tu bang https://t.co/pP3nY9miEI,2025-06-01 08:36:05,"['83', '46', '3', '9']",jitu rangkaian katakata pujangga umpan keakan tu bang,negatif,-3,negatif,2.2222180328341765
980,1929070374941069792,486650220,,Kramas diawali dengan kata kata sok bijak akhirnya gak jadi kramas Cobain deh,2025-06-01 08:36:05,[],kramas diawali sok bijak gak kramas cobain deh,negatif,-4,negatif,2.2222033851526124
981,1929069374662418942,539688902,,Kata kata indah pun tidak cukup mendiskripsikan kamu yang begitu sempurna #정수빈상하이첫팬사인 #ChungSubinFirstFanMeeting,2025-06-01 08:36:05,[],indah mendiskripsikan sempurna,negatif,-5,negatif,2.222222998515539
982,1929069099918733547,1909216095766200320,,@BofurinFlower Kasihan kakak cantik lucu nan imut ini di bombardir oleh kata kata yang merepresentasikan dirinya.,2025-06-01 08:36:05,[],kasihan kakak cantik lucu nan imut bombardir merepresentasikan,negatif,-10,negatif,2.2222333731001345
983,1929069052913238335,2287557392,,@pockyrc1 @footbalicius @WatchmenID Mana clip/kata kata KOTOR yang keluar dari komentatornya??? (atau emang otak lo aja yang KOTOR?),2025-06-01 08:36:05,['1'],clipkata kotor komentatornya emang otak lo aja kotor,negatif,-12,negatif,2.222225016294213
984,1929068742580867084,1305047571862228993,,Sampe ngucap kata kata yang sama saking seringnya bahas hal itu. emang guenya yang harus sadar diri,2025-06-01 08:36:05,[],sampe ngucap saking bahas emang guenya sadar,positif,1,positif,2.222212069557426
985,1929068266527539687,992989667308941313,,First time aku tak henti mencarut lepas tengok vtt yg ada kata-kata menyedihkan Ye. Kau punya la tu. Mmg aku carut dari awal sampai akhir vtt tu. Pale buto kau la terpaling sedih. Terpaling tersakiti sial babi anjing. Reply chat aku dulu,2025-06-01 08:36:05,[],first time henti mencarut lepas tengok vtt yg katakata menyedihkan ye kau la tu mmg carut vtt tu pale buto kau la terpaling sedih terpaling tersakiti sial babi anjing reply chat,negatif,-30,negatif,2.22222744663057
986,1929068227977416841,1647602215492919296,,⠀ Beberapa detik ia diam sebelum akhirnya meraih cangkir itu dengan satu tangan dan menyesapnya dalam diam. Pahitnya pas. Tidak menusuk cukup untuk mengingatkan bahwa sesuatu sedang bekerja di dalam. Ia tidak langsung menjawab Darma. Ada hal dalam kata-kata tadi ( ) ⠀,2025-06-01 08:36:05,[],detik diam meraih cangkir tangan menyesapnya diam pahitnya pas menusuk langsung darma katakata,negatif,-3,negatif,2.2222353553973853
987,1929067857616294198,968400474842918913,,Gada itu karma. Itu cuma kata kata penghibur,2025-06-01 08:36:05,[],gada karma penghibur,netral,0,netral,2.2222203539589227
988,1929067837945163888,3665540355,,Hay lagi-lagi jualan. Kali ini cluenya lebih singkat cuma pakai kata-kata yang masih bisa dihitung jari. https://t.co/Hl7F3QuYtO,2025-06-01 08:36:05,"['7', '3']",hay lagilagi jualan kali cluenya singkat pakai katakata dihitung jari,negatif,-5,negatif,2.222217555071064
989,1929065856043975051,1857755322263416836,,@Yujiu212 Cakep bgt kata kata nya,2025-06-01 08:36:05,['212'],cakep bgt nya,negatif,-1,negatif,2.2222287092003623
990,1929065431349776847,424826235,,Kata-kata hari ini~ https://t.co/feHjMUFXad,2025-06-01 08:36:05,[],katakata,netral,0,netral,2.222224984508566
991,1929059905677254864,1563918488267198467,,@Yudiilll @nishltaku @EkoRachmadi2 Ada ya koruptor ditangkap tanpa bukti yg jelas ? Yang ada kalau si Amies ditangkap mulai lah narasi ketakadilan tak ada bukti pembungkaman calon presiden dst nya Si mulut Amies emang bs bermanis manis. Membungkus dgn kata kata yang terlihat hebat heroik.,2025-06-01 08:36:05,['2'],ya koruptor ditangkap bukti yg si amies ditangkap narasi ketakadilan bukti pembungkaman calon presiden dst nya si mulut amies emang bs bermanis manis membungkus dgn hebat heroik,negatif,-6,negatif,2.2230340743676114
992,1929059194961064265,1279061841281380354,,jangan kebiasaan make kata kata ga pada tempatnya deh. aneh bgt minta ke ortu dibilang ngemis.,2025-06-01 08:36:05,[],kebiasaan make ga tempatnya deh aneh bgt ortu dibilang ngemis,negatif,-4,negatif,2.22220080941157
993,1929059140627763514,1497183589619830786,,@sweectz kata kata kramat tuh kak,2025-06-01 08:36:05,[],kramat tuh kak,netral,0,netral,2.222215598228712
994,1929058670505333193,1053294658569289730,,Aku rasa ayat ini mungkin keluar dari mulut seseorang yang belum pun berkahwin. Sebab kalau dah kahwin dia akan tahu &amp; sedar hakikat perkahwinan itu bagaimana. Dia tak akan sampai hati untuk mengeluarkan kata-kata yang dangkal begini.,2025-06-01 08:36:05,[],ayat mulut berkahwin dah kahwin amp sedar hakikat perkahwinan hati mengeluarkan katakata dangkal,negatif,-14,negatif,2.2222189618910595
995,1929058564154204345,1730870520739160064,,hatiku terlalu mungil untuk dikata-katain pake kata-kata toxic gabisa banget,2025-06-01 08:36:05,[],hatiku mungil dikatakatain pake katakata toxic gabisa banget,negatif,-5,negatif,2.222233866755733
996,1929058461708369985,25796673,,Ingin rasanya ku mengeluarkan kata kata kasar,2025-06-01 08:36:05,[],ku mengeluarkan kasar,netral,0,netral,2.222225297204196
997,1929058289280778322,1053294658569289730,,Kasihan terhadap mereka yang mengeluarkan kata-kata sebegini. Lebih kasihan lagi terhadap mereka yang menyokongnya. Kalau seseorang itu benar faham tentang Islam tidak sewajarnya ungkapan ini keluar dari mulutnya. Contoh paling hampir ialah Sayidatina Khadijah binti Khuwailid. https://t.co/pdiYC6pwPL,2025-06-01 08:36:05,['6'],kasihan mengeluarkan katakata kasihan menyokongnya faham islam sewajarnya ungkapan mulutnya contoh sayidatina khadijah binti khuwailid,netral,0,netral,2.222227123105561
998,1929058114709438767,1290608945606795265,,@arinlee01 Padahal fans Dy juga mendukung buat rnb akgae berulah itu tapi malah dikasih kata kata begitu waduh selama ini berarti oke oke aja kalo Dy beneran jadi samsak fandom kah? Shsjakka,2025-06-01 08:36:05,['01'],fans dy mendukung rnb akgae berulah dikasih oke oke aja kalo dy beneran samsak fandom kah shsjakka,positif,8,positif,2.222216899788679
999,1929057774832677278,1442681895158878209,,@nattaywat di jadiin buku aja kata kata lucu nya SKSKKSK SAYANGKUU,2025-06-01 08:36:05,[],jadiin buku aja lucu nya skskksk sayangkuu,negatif,-1,negatif,2.222230898563836
1000,1929056713493147788,1584832090591223809,,@asahimup oke udh ku ss. ku pegang kata kata mu kak,2025-06-01 08:36:05,[],oke udh ku ss ku pegang mu kak,netral,0,netral,2.222236133303211
1001,1929055779274764680,1866275716893200384,,@Utayrus_Ayd Saya kawatirnya yang melakukan edit justru akan seperti ini. Karena penyanjung editor sangat percaya dan bahagia tambah pula kata-kata hujatan kebencian,2025-06-01 08:36:05,[],kawatirnya edit penyanjung editor percaya bahagia katakata hujatan kebencian,positif,1,positif,2.2222401281696933
1002,1929055567160463715,2758514019,,@Doelbatox Penuh dengan kata-kata ya,2025-06-01 08:36:05,[],penuh katakata ya,positif,4,positif,2.222198746197951
1003,1929055400113922450,1063752758807777281,,@sweectz Enggak butuh kata kata kaya gitu,2025-06-01 08:36:05,[],butuh kaya gitu,negatif,-7,negatif,2.222206816543787
1004,1929055084094062647,1409312683250176004,,@aksarapodo @sbyfess Eh kok bisa ada kata kata gimana caranya,2025-06-01 08:36:05,[],eh gimana,netral,0,netral,2.2222366937364635
1005,1929054922315645221,1219414785747324928,,@Otcar Gw cabut kata-kata gw sekarang.,2025-06-01 08:36:05,[],gw cabut katakata gw,negatif,-5,negatif,2.2222129144560614
1006,1929054386807881844,1371452282324185090,,Tiap kali TBM selalu nyampein kata-kata ini. Sayangi nyawa sendiri. Keluarga di rumah nunggu gaji yang berkah. Sampeyan kenapa-napa perusahaan bisa nyari orang baru. Kalo nyawa sampeyan yang ilang mau nyari kemana?,2025-06-01 08:36:05,[],kali tbm nyampein katakata sayangi nyawa keluarga rumah nunggu gaji berkah sampeyan kenapanapa perusahaan nyari orang kalo nyawa sampeyan ilang nyari kemana,negatif,-1,negatif,2.2222261878551204
1007,1929054311100961188,1697865224710438912,,memutuskan untuk full support dia karna kata-kata yg dikeluarkan dari mulutnya selalu bisa dipertanggungjawabkan dan omongan janjinya bisa di pegang bukan hanya bualan semata dia beneran serius membuktikannya kata orang itu baru disebut LAKI-LAKI GENTLEMEN https://t.co/q3lKNQrqCF,2025-06-01 08:36:05,['3'],memutuskan full support karna katakata yg dikeluarkan mulutnya dipertanggungjawabkan omongan janjinya pegang bualan beneran serius membuktikannya orang lakilaki gentlemen,negatif,-8,negatif,2.2222326307402134
1008,1929053156261892277,530867596,,@iambigggT @zeinpiliang kata-kata hari ini bolo https://t.co/lGwZ45VDhN,2025-06-01 08:36:05,['45'],katakata bolo,netral,0,netral,2.2222160137353257
1009,1929052448376651835,1884121271434371074,,@SolaceAmerta Ohh ini toh doksli dari kata kata krisis Beras,2025-06-01 08:36:05,[],ohh doksli krisis beras,negatif,-4,negatif,2.222224551549989
1010,1929052316394561609,856121481113116672,,@prajuritKARINA Kasih aku kata-kata dong by biar gak sedih lagi?,2025-06-01 08:36:05,[],kasih katakata by biar gak sedih,negatif,-9,negatif,2.2222036769818043
1011,1929051822192263329,1688285990086148096,,@problemetik Sudah gak bisa dijelaskan dengan kata-kata jadi hanya airmata yg bisa mewakili,2025-06-01 08:36:05,[],gak katakata airmata yg mewakili,negatif,-3,negatif,2.2222241444653523
1012,1929051719532445962,1542320320970821632,,TUHAN TIDAK MENUNTUT KITA UNTUK SUKSES. TUHAN HANYA MENYURUH KITA BERJUANG TANPA HENTI. EMHA AINUN NADJIB,2025-06-01 08:36:05,[],tuhan menuntut sukses tuhan menyuruh berjuang henti emha ainun nadjib,positif,2,positif,2.222218658137287
1013,1929051561558421715,1935947137,,@tiwas_kelaran Aamiin semoga begitu. Kesabaran memang sering jadi kunci kebahagiaan yang datang di waktu yang tepat. Terima kasih atas kata-kata indahnya!,2025-06-01 08:36:05,[],aamiin semoga kesabaran kunci kebahagiaan terima kasih katakata indahnya,positif,15,positif,2.2222225619635805
1014,1929050958149071047,1277253192120545282,,@bbyiesteaw ya ampun aku sedih banget bacanya... terima kasih banyak yaaa untuk kata-kata baik dan doanya. semoga kamu juga selalu penuh cinta dan bahagia lafyuuuu,2025-06-01 08:36:05,[],ya ampun sedih banget bacanya terima kasih yaaa katakata doanya semoga penuh cinta bahagia lafyuuuu,negatif,-4,negatif,2.219474175289539
1015,1929049251692294318,1120574096574599168,,Bisa gunakan kata baik-baik untuk menegur Kalau kata-kata nya begitu ya orang juga bakalan marah lah Tau sendiri sekarang orang-orang di twt lagi sensitif,2025-06-01 08:36:05,[],baikbaik menegur katakata nya ya orang marah tau orangorang twt sensitif,negatif,-7,negatif,2.2222076566852054
1016,1929049078928667111,1580039020796841984,,@lann_lan_ Kakk sorry bgt kalo udah sold boleh di td gak ya? Aku paham bgt kakaknya stop collect dan rela pc nya di sell underpriced. Cuma aku takut harga yg kakak kasih jadi patokan harga orang buat sell maaf kalo kata-kata aku kurang nyaman dibaca ya kak maaciii,2025-06-01 08:36:05,[],kakk sorry bgt kalo udah sold td gak ya paham bgt kakaknya stop collect rela pc nya sell underpriced takut harga yg kakak kasih patokan harga orang sell maaf kalo katakata nyaman dibaca ya kak maaciii,netral,0,netral,2.1384260975865184
1017,1929048832488153104,1869557290191482880,,@venchgarden Kata-kata gua tuh.,2025-06-01 08:36:05,[],katakata gua tuh,negatif,-3,negatif,2.222218298726499
1018,1929048556796838112,1720665183188922368,,@ayye9595 @jiaolona @Candraw919 Haha emot batu itu biasanya dipake buat ngasih reaksi datar atau bercanda kayak duh apa sih ini tanpa perlu kata-kata. Di thread ini kayaknya @jiaolona pake buat ngelewatin pertanyaanmu soal VPS dengan bercanda soalnya suasananya santai. Emoji ini dari patung Moai di,2025-06-01 08:36:05,"['9595', '919']",haha emot batu dipake ngasih reaksi datar bercanda kayak duh sih katakata thread kayaknya pake ngelewatin pertanyaanmu vps bercanda suasananya santai emoji patung moai,negatif,-25,negatif,2.222214659360207
1019,1929048552753213466,51815301,,@ragnoicity Mudah kalo di kata kata aja,2025-06-01 08:36:05,[],mudah kalo aja,netral,0,netral,2.1784048776805025
1020,1929048256711110893,971354628813078528,,@msaid_didu Ingat kata kata kyai kanjeng dia akan ditawur rakyatnya sendiri apa bakal kejadian ya?,2025-06-01 08:36:05,[],kyai kanjeng ditawur rakyatnya kejadian ya,positif,2,positif,2.2222099946033875
1021,1929047969216520460,1820682506922033152,,@lidaffffff kata kata pas siang kalo malem nanti gatau,2025-06-01 08:36:05,[],pas siang kalo malem gatau,positif,1,positif,2.222216949836771
1022,1929047843857379452,1263814878898221057,,kata kata hari ini alias gw keren bgt,2025-06-01 08:36:05,[],alias gw keren bgt,netral,0,negatif,2.1383814616383714
1023,1929046860418723902,1821865655899189249,,cinta ku ke bracelet udh gabisa diungkap kan oleh kata kata (gw cinta bngt ‍‍️️️),2025-06-01 08:36:05,[],cinta ku bracelet udh gabisa diungkap gw cinta bngt,negatif,-2,negatif,2.2245427589393887
1024,1929046765338046850,1377785976412499968,,@MunchMunc_21 @Autosultan_team @Suigar_com @cro_aggregator @Official_NODO Tidak butuh kata kata yang penting interaksi aja @GiveRep,2025-06-01 08:36:05,['21'],butuh interaksi aja,negatif,-6,negatif,2.22223343174334
1025,1929046649516523638,1278893304025722880,,@erlanggapratiwi ooh emang referensimu isinya selangkangan semua sih ya? jadi gaada referensi kata-kata yang lebih baik wkwkwkwk,2025-06-01 08:36:05,[],ooh emang referensimu isinya selangkangan sih ya gaada referensi katakata wkwkwkwk,positif,1,positif,2.2222181467286353
1026,1929046102390550709,1590881850767339520,,at the end emang semua akan punya hidupnya masing masing. but its okay. kalo kata paul.. namanya juga hidup kalo kata nabila.. sementara bukan selamanya kata kata rony.. butuh waktu kalo kata salma.. terima kasih,2025-06-01 08:36:05,[],at the end emang hidupnya but its okay kalo paul namanya hidup kalo nabila rony butuh kalo salma terima kasih,negatif,-4,negatif,2.2221991943535637
1027,1929045788447199597,984985248537559040,,kata kata ini yg selalu aku pegang sampai saat ini. Karena penyakit hati itu bisa membunuhmu kapan saja tanpa menyentuh.,2025-06-01 08:36:05,[],yg pegang penyakit hati membunuhmu menyentuh,negatif,-8,negatif,2.2236003677280567
1028,1929045517012521005,97554944,,Kata-kata yang sedikit gila tapi ini adanya,2025-06-01 08:36:05,[],katakata gila,negatif,-5,negatif,2.222237707028619
1029,1929044996843266053,1918949366666317824,,@Diandrawill1506 Bude bude lu bikin nama Caleb girlie jelek tau ga? Opini pribadi lu itu memakai kata kata yang tak pantas makanya lu diserang. Udh dewasa kan? Jangan bersikap kayak anak kecil. Toh kalau lu mau berpendapat ya boleh tp ketikannya tolong dongg aduhh,2025-06-01 08:36:05,['1506'],bude bude lu bikin nama caleb girlie jelek tau ga opini pribadi lu memakai lu diserang udh dewasa bersikap kayak anak lu berpendapat ya tp ketikannya tolong dongg aduhh,negatif,-15,negatif,2.2222387331506877
1030,1929044791796351366,1502256199827263488,,@Younjgae Lucu banget gemes kaya percintaan banget pake kata kata yang dirancang sedemikian rupa ya Oh ya??? Aduh lucu banget dia namanya udh dikenalin belum? Jenisnya mirip sama Maeumi dan Gaeul anjingnya Jungwon dan Sunghoon ih!,2025-06-01 08:36:05,[],lucu banget gemes kaya percintaan banget pake dirancang rupa ya oh ya aduh lucu banget namanya udh dikenalin jenisnya maeumi gaeul anjingnya jungwon sunghoon ih,positif,3,positif,2.222209063743706
1031,1929044568915288543,3169564883,,@funtakee kok gaada kata kata hbd nyaa,2025-06-01 08:36:05,[],gaada hbd nyaa,negatif,-3,negatif,2.2222163837193807
1032,1929044115817214044,1079981324876767233,,'Bersama ku setiap hari aja udah serem' Bakal gue inget terus kata-kata pro ke almond ini lucu bgt lagi..,2025-06-01 08:36:05,[],ku aja udah serem gue inget katakata pro almond lucu bgt,negatif,-6,negatif,2.222207959763349
1033,1929043502425387316,37161353,,Aku tahu ia sedang menyusun kata-kata yang pas agar aku lebih mudah mengerti. Pada akhirnya ia menyerah. Entahlah susah untuk dijelaskan. Sesuatu yang sulit dipahami akal manusia. Setidaknya menurut kepercayaan kami warga sekitar sini. I,2025-06-01 08:36:05,[],menyusun katakata pas mudah mengerti menyerah susah sulit dipahami akal manusia kepercayaan warga i,negatif,-7,negatif,2.222238221976879
1034,1929042762906599742,1755573443821752320,,Aku sayang kamu. Lebih dari kata-kata bisa ungkapin. Dan aku bakal terus sayang selama kamu masih mau sama aku di dunia yang ga selamanya berjalan sesuai kemauan kita I love you my best Part of my life Jiwangga Pranadipta Suamiku. ´･ᴗ･` https://t.co/P4rtLqc9kW,2025-06-01 08:36:05,"['4', '9']",sayang katakata ungkapin sayang dunia ga berjalan sesuai kemauan i love you my best part of my life jiwangga pranadipta suamiku ᴗ,negatif,-10,negatif,2.222223564989665
1035,1929042680988000367,1121043883448602625,,@mnyugjae Ini kata-kata bulshit keberapa yang udah dd keluarin hari ini?,2025-06-01 08:36:05,[],katakata bulshit keberapa udah dd keluarin,netral,0,netral,2.222216233956836
1036,1929042518802370794,1117406233584001024,,dulu jaman 2010 an chat an di dm itu agak gak umum. jadi meskipun temen kita ada kata kata eh kita belum pernah dm an. nanti dm an ya hehe. first dm kwkkwwk. kalo sekarang aneh aja sih rasanya dulu knp gitu,2025-06-01 08:36:05,['2010'],jaman 2010 an chat an dm gak temen eh dm an dm an ya hehe first dm kwkkwwk kalo aneh aja sih knp gitu,positif,2,positif,2.222222327597376
1037,1929041885995176056,1525993103592607744,,@bigxrd Bosen banget denger kata-kata itu,2025-06-01 08:36:05,[],bosen banget denger katakata,negatif,-6,negatif,2.2221992886238437
1038,1929041755434865135,1189709182099836928,,@grok @mindfulmaven_ Bukan itu tapi kata kata caption dlm gambar tersebut,2025-06-01 08:36:05,[],caption dlm gambar,negatif,-3,negatif,2.222218598796768
1039,1929040694393319764,1748707247604293633,,@Ghaii_AA HEPII BIRTHDAY KAKAAA WISH YOU ALL THE BEST KARNA AKU GBISA NYUSUN KATA KATA. intinya semoga lancarr segala urusan kaka mau yang mudah sampai yang sulit,2025-06-01 08:36:05,[],hepii birthday kakaaa wish you all the best karna gbisa nyusun intinya semoga lancarr urusan kaka mudah sulit,positif,3,positif,2.222213235814403
1040,1929040331816702160,1867553071796289536,,lu dengan enak nya ngehate singto dengan kata kata sakau trus lu minta maaf? kok enteng kali mulut mu itu. baru juga dibully udh minta maaf coba ga ada yang ngebully mungkin lu udah ngejelekin singto lebih dari ini. pliss singto itu orang baik ga macam macam orangnya. https://t.co/FGPcu84xGS,2025-06-01 08:36:05,['84'],lu enak nya ngehate singto sakau trus lu maaf enteng kali mulut mu dibully udh maaf coba ga ngebully lu udah ngejelekin singto pliss singto orang ga orangnya,negatif,-19,negatif,2.222213791300002
1041,1929040233296724198,1188646881900941312,,Ternyata di sana juga ada template kata kata mutiara bapak bapak fb ya,2025-06-01 08:36:05,[],template mutiara fb ya,positif,4,positif,2.2222019564168014
1042,1929040128821047815,765533630206586880,,@anastasiartn @leony_be @kiimsunoc @hansolvcmine @nonapics_ Tuh kan emosian lagi pms pasti. Lagi btw gua disitu ngatain reading compre lu yang jelek cuma balikin kata-kata lu. Tapi lu tersinggung wkwkwk tolol banget berarti merasa jelek ya tolol.,2025-06-01 08:36:05,[],tuh emosian pms btw gua disitu ngatain reading compre lu jelek balikin katakata lu lu tersinggung wkwkwk tolol banget jelek ya tolol,negatif,-25,negatif,2.2222155865352744
1043,1929039618177118222,1342429489406435329,,@ctrlaltdel_77 @haruxday_ wkwk orang tolol biasanya isi otaknya bokep doang nih contohnya lu bgt 100% kalah daya otak kata kata yg keluar cuma bisa bawa orang tua untuk dihujat. semoga utang lu segera lunas ya,2025-06-01 08:36:05,"['77', '100']",wkwk orang tolol isi otaknya bokep doang nih contohnya lu bgt 100 kalah daya otak yg bawa orang tua dihujat semoga utang lu lunas ya,negatif,-32,negatif,2.222226163194791
1044,1929039248726036641,1869251106381168640,,@entrophilogy tjakeeepp kata kata hari ini by enoki,2025-06-01 08:36:05,[],tjakeeepp by enoki,netral,0,netral,2.2222240255303802
1045,1929039112440365282,3299426551,,No closure is a closure. Kamu cuma lagi denial. Toh kalau ketemu dan yang akan kamu dengar mungkin cuma kata-kata yang paling gak pengen kamu dengar hanya sebelumnya udah dipoles supaya gak makin menyakiti kamu dan membuat dia kelihatan gak banyak bersalah di hubungan kalian.c,2025-06-01 08:36:05,[],no closure is a closure denial ketemu dengar katakata gak pengen dengar udah dipoles gak menyakiti gak bersalah hubungan kalianc,negatif,-6,negatif,2.2222227990242036
1046,1929038860605915374,1292419793056706560,,@Dyanasthasia coba kata kata Jangan-jangan nya dihilangkan lebih tepat,2025-06-01 08:36:05,[],coba janganjangan nya dihilangkan,negatif,-1,negatif,2.222232187739752
1047,1929038631538241964,1701576482878091264,,@brfelindra Di era Presiden Prabowo kebebasan berpendapat nggak cuma kata-kata tapi bener-bener kejadian,2025-06-01 08:36:05,[],era presiden prabowo kebebasan berpendapat nggak katakata benerbener kejadian,negatif,-2,negatif,2.2222088751933713
1048,1929037786218201452,1251441499591475200,,@BMultinovic @krajiladasuki @caumuli_ @zenrs apapun kata-kata mu aku tetap KDM &amp; Gibran,2025-06-01 08:36:05,[],apapun katakata mu kdm amp gibran,netral,0,netral,2.2222290960032605
1049,1929037348517331059,2785368266,,klw ditanyak pengennya apa pengen bgt lari di Jogja ya Allah Bismillah kata-kata adalah do'a,2025-06-01 08:36:05,[],klw ditanyak pengennya pengen bgt lari jogja ya allah bismillah katakata doa,positif,5,positif,2.2222184352194887
1050,1929037333262905370,1355552239960485888,,coba dong kasih kata-kata buat GEMINI,2025-06-01 08:36:05,[],coba kasih katakata gemini,negatif,-2,negatif,2.2222047712961808
1051,1929037313126150590,1644902128295739392,,@quotesseseorang Ini sebuah kata-kata yang sangat berarti,2025-06-01 08:36:05,[],katakata,netral,0,netral,2.222224984508566
1052,1929037293190312050,1281953677150806016,,@missyoongii Kalau inget lagi betapa teganya kata kata mereka.,2025-06-01 08:36:05,[],inget betapa teganya,netral,0,netral,2.222226213573099
1053,1929093364525289790,1806705283810660352,,@ketekpaus_ @armingosongg sebenerny gapapa tau klo kamu gapunya pengalaman sebelumny. yg penting tuh tunjukkin klo kamu antusias untuk belajar &amp; berkembang di organisasi. caranya? yg paling efektif pas wawancara ga cuma kata-kata tp gestur tubuh jg main utk bnr menunjukkan tujuan km masuk organisasi,2025-06-09 08:34:39,[],sebenerny gapapa tau klo gapunya pengalaman sebelumny yg tuh tunjukkin klo antusias belajar amp berkembang organisasi yg efektif pas wawancara ga katakata tp gestur tubuh jg main utk bnr tujuan km masuk organisasi,positif,6,positif,2.2222232588781656
1054,1929093163869716761,2945345752,,@nyonyaningguang kata kata hari ini https://t.co/ScPI1V8TTl,2025-06-09 08:34:39,"['1', '8']",,netral,0,negatif,2.159005914321281
1055,1929093087961415793,734645949608415233,,Dalam hati Saka bingung sendiri. Ini lo ngapain sih? Aneh banget. Tapi di luar ia terus melontarkan kata-kata sindiran dan kemarahan.,2025-06-09 08:34:39,[],hati saka bingung lo ngapain sih aneh banget melontarkan katakata sindiran kemarahan,negatif,-5,negatif,2.2222046756065876
1056,1929092748138914118,1624607559264129024,,@YantoBoyok00 @tirta_cipeng Dia asisten dulu di barca terus pernah mau ngebet buat jadi pelatih dulu makanya waktu inter menang lawan barca yang 2009 apa 2010 itu dia ngejek fans barca yang dulu nentang dia buat jadi coach dengan kata kata gabutuh translator buat jadi pelatih CMIW,2025-06-09 08:34:39,"['00', '2009', '2010']",asisten barca ngebet pelatih inter menang lawan barca 2009 2010 ngejek fans barca nentang coach gabutuh translator pelatih cmiw,negatif,-4,negatif,2.222224468490121
1057,1929092717025329174,468202400,,@mineyushi kak ternyata berguna juga ya kata kata tsb untuk momen kaya gitu,2025-06-09 08:34:39,[],kak berguna ya tsb momen kaya gitu,positif,7,positif,2.2222020885978178
1058,1929092357955232124,1497418134013505537,,@unjaex Kurang jelas yah waktunya? Itu jam pas kebetulan trsr lagi perform di pict kedua itu kata-kata trsr yg biasa mereka omongin kalau lgi di perform. Masih kurang jelas? Ada di pict terakhir. Mau ngelak apa lagi? Jadi siapa yang nyari ribut duluan?‍️ https://t.co/fi2X6wch5i,2025-06-09 08:34:39,"['2', '6', '5']",yah jam pas trsr perform pict katakata trsr yg omongin lgi perform pict ngelak nyari ribut duluan,negatif,-5,negatif,2.22223100988945
1059,1929092309536162127,270231069,,Gue tarik kata kata gue mcgg asik cuyy.,2025-06-09 08:34:39,[],gue tarik gue mcgg asik cuyy,positif,6,positif,2.2221969585989054
1060,1929092110176731193,1306794927460769792,,Ga ada kata kata yang bisa jelasin betapa cintanya aku sama karya karya Ahmad Tohari.,2025-06-09 08:34:39,[],ga jelasin betapa cintanya karya karya ahmad tohari,positif,10,positif,2.2222046989143402
1061,1929091610559799541,1239429071542431745,,kata-kata yang harus dihindari.. https://t.co/pIDoFIrDM5,2025-06-09 08:34:39,['5'],katakata dihindari,netral,0,netral,2.2222260227996715
1062,1929091154785743196,1720665183188922368,,@Ngadinopanser @Minietweets_ @mohmahfudmd Arti peribahasa Jawa Sabda pandita ratu tan kena wola-wali adalah kata-kata pemimpin bijaksana tidak dapat diubah atau ditarik kembali menekankan integritas dan otoritas. Dalam budaya Jawa ini mencerminkan penghormatan terhadap pemimpin yang konsisten membangun kepercayaan,2025-06-09 08:34:39,[],arti peribahasa jawa sabda pandita ratu tan kena wolawali katakata pemimpin bijaksana diubah ditarik menekankan integritas otoritas budaya jawa mencerminkan penghormatan pemimpin konsisten membangun kepercayaan,negatif,-13,negatif,2.222207583169517
1063,1929091123462688794,1417251642085318663,,Setelah kata-kata bombastis sebelumnya ga mempan.. kini muncul Meledak,2025-06-09 08:34:39,[],katakata bombastis ga mempan muncul meledak,negatif,-10,negatif,2.222209808654659
1064,1929091037395660828,1733812081542254592,,gw gumoh bgt njing liat mf yang isinya ngebacot gamau kuliah di pil 2 kek anjing bersyukur lu ngentot diluar 200rb org banyak yang dapet kata kata semangat daripaa selamat ngentot lu semua,2025-06-09 08:34:39,"['2', '200']",gw gumoh bgt njing liat mf isinya ngebacot gamau kuliah pil 2 kek anjing bersyukur lu ngentot diluar 200rb org dapet semangat daripaa selamat ngentot lu,netral,0,netral,2.2222206817018217
1065,1929090948253761831,1855458523305672704,,@shizukaahere Sugar dadynya hapus aja desss.... Post lagi tanpa kata kata sugar dady... Takut Weh,2025-06-09 08:34:39,[],sugar dadynya hapus aja desss post sugar dady takut weh,negatif,-6,negatif,2.222239322169342
1066,1929090563539628540,1588945493438013440,,@Tokocrypto Kata kata investasi itu tidak cocok buat crypto jika melihat grafik semua crypto kecuali BTC. https://t.co/ZMHerpe7pl,2025-06-09 08:34:39,['7'],investasi cocok crypto grafik crypto kecuali btc,negatif,-3,negatif,2.222225336606968
1067,1929089629392957891,1886302964664745984,,kata kata mutiara nya makhluk rendahan tai tai,2025-06-09 08:34:39,[],mutiara nya makhluk rendahan tai tai,negatif,-7,negatif,2.222232832061212
1068,1929089588187775155,1794381955653578752,,kata kata yg keluar setiap disenggol duluan:,2025-06-09 08:34:39,[],yg disenggol duluan,negatif,-2,negatif,2.223483509149153
1069,1929089140341035089,1198258761523060737,,Diotakmu penuh dg kata Jika Jika aku tidak ada disini jika aku seharusnya tidak melakukan ini jika seharusnya aku lebih hati-hati. Di dalam ributnya pikiranmu kamu harus juga menerima ributnya kata-kata orang lain terhadapmu. Semuanya penuh &amp; lama-lama seperti akan meledak.,2025-06-09 08:34:39,[],diotakmu penuh dg hatihati ributnya pikiranmu menerima ributnya katakata orang terhadapmu penuh amp lamalama meledak,negatif,-1,negatif,2.2222224119739766
1070,1929088269746053631,1805202509549715456,,Pancasila bukan sekadar kata-kata. Lebih dari itu Pancasila merupakan sumber kekuatan bagi bangsa Indonesia. Find more Instagram : @ designbunchberry Facebook : Bunchberry Design Pinterest : bunchberrydesign https://t.co/lX65eXBOwW,2025-06-09 08:34:39,['65'],pancasila katakata pancasila sumber kekuatan bangsa indonesia find more instagram designbunchberry facebook bunchberry design pinterest bunchberrydesign,positif,3,positif,2.2222380240529853
1071,1929088136480461175,1268132096771407873,,anjayy kata kata tanggal 19 mei,2025-06-09 08:34:39,['19'],anjayy tanggal 19 mei,negatif,-4,negatif,2.2222186887309965
1072,1929088001851772932,2954749274,,@Leesojl Lewat kata-kata hari ini apa boleh? Tenang aja aku gak loyo tapi aku baru kembali dari hiatus! BOLEH BANGET ARGGHHH LUCU kamu juga cantiknya pacarmu dan aku hahay,2025-06-09 08:34:39,[],katakata tenang aja gak loyo hiatus banget argghhh lucu cantiknya pacarmu hahay,negatif,-3,negatif,2.222230815050546
1073,1929087198890004823,1177020771475939328,,@_mimisaidi Baik! Saya akan mendengar kata-kata sifu.,2025-06-09 08:34:39,[],mendengar katakata sifu,netral,0,netral,2.222220418740847
1074,1929086656772190303,1341359224601788418,,@MohammadMakruf @AlanN35104 @Doremi1821839 @ImamBesar212 @Kakak211 @I_love_Israel7 @MarioInferno @nidi_nada29067 @PaijoKhentirrr Lah kata kata mu bilang ; Yang dijelaskan UAS bukan muhamad bin abdullah. Saya jelaskam panjang lebar pu kamu gak akan paham yang muslim aja belum tentu bisa &amp; mau paham,2025-06-09 08:34:39,"['35104', '1821839', '212', '211', '7', '29067']",mu bilang uas muhamad bin abdullah jelaskam lebar pu gak paham muslim aja amp paham,positif,1,positif,2.2222210180595017
1075,1929086560810459277,343457252,,@ivanlanin Uda mohon tanya. Dalam cerita kata-kata yang diucapkan dalam hati/pikiran/batin bgmn format penulisannya? Apakah hrs: 1. Ditulis miring; 2. Diberi tanda petik? Atau apakah ditulis biasa seperti percakapan biasa yg diucapkan melalui mulut? Atau bagaimana seharusnya?,2025-06-09 08:34:39,"['1', '2']",uda mohon cerita katakata hatipikiranbatin bgmn format penulisannya hrs 1 ditulis miring 2 tanda petik ditulis percakapan yg mulut,negatif,-13,negatif,2.222204271427476
1076,1929083762912235779,1424513138209157121,,Tersenyum dan tertawa memang merupakan salah satu kunci untuk menjaga keseimbangan emosi dan menjauhkan stres. Oleh karena itu kata-kata konyol yang lucu dan menghibur dapat menjadi obat yang ampuh untuk mengusir kejenuhan dan tekanan yang ada. Replay kata-kata lucu Kalian,2025-06-09 08:34:39,[],tersenyum tertawa salah kunci menjaga keseimbangan emosi menjauhkan stres katakata konyol lucu menghibur obat ampuh mengusir kejenuhan tekanan replay katakata lucu,negatif,-20,negatif,2.222213712401133
1077,1929083544950686032,1451059706252824582,,Kata kata terngiang di otak adalah Oooh My Goooaaaaaatt Yang diucapkan oleh seorang fetis ronaldo,2025-06-09 08:34:39,[],terngiang otak oooh my goooaaaaaatt fetis ronaldo,negatif,-3,negatif,2.2222361669362884
1078,1929083202859094361,1654874361277616129,,@jejeayy1 Lagi nggak punya kata-kata deh,2025-06-09 08:34:39,['1'],nggak katakata deh,negatif,-3,negatif,2.2222210318563023
1079,1929082735357829277,102273661,,@Doelbatox karna tertampar mulu sama kata kata truk,2025-06-09 08:34:39,[],karna tertampar mulu truk,negatif,-1,negatif,2.2222183775372435
1080,1929082600163090662,1329761054864281602,,Kata kata hari ini :),2025-06-09 08:34:39,[],,netral,0,negatif,2.159005914321281
1081,1929082436635234448,863578508479442945,,Dengan MBTI ISFP Richa adalah pribadi yang artistik sensitif dan sangat menghargai keindahan dalam hal-hal kecil. Ia lebih suka berbicara lewat tindakan daripada kata-kata dan sering menunjukkan kepeduliannya secara diam-diam namun tulus. https://t.co/wP3ZNGFWJW,2025-06-09 08:34:39,['3'],mbti isfp richa pribadi artistik sensitif menghargai keindahan halhal suka berbicara tindakan katakata kepeduliannya diamdiam tulus,positif,2,positif,2.222215067687922
1082,1929082190417035343,1869371784379891713,,@snbtfess udh jgn pikirin orang jgn biarkan kata kata org itu mengendalikan mu sender. Km berhak atas dirimu sendiri yh hempas aja yg bgtu. Dengerin kritik/saran itu gk masalah tp kl negatif gt gk usahlah km pikirkan.,2025-06-09 08:34:39,[],udh jgn pikirin orang jgn biarkan org mengendalikan mu sender km berhak dirimu yh hempas aja yg bgtu dengerin kritiksaran gk tp kl negatif gt gk usahlah km pikirkan,negatif,-4,negatif,2.222222840430729
1083,1929081874292314544,1494244746793189378,,Kata-kata adalah doa ... Lancarkan mudahkan banyak rezeki datang dari arah mana saja.. ratusan-ribuan-puluhan ribu $ sehat dan bahagia,2025-06-09 08:34:39,[],katakata doa lancarkan mudahkan rezeki arah ratusanribuanpuluhan ribu sehat bahagia,negatif,-4,negatif,2.2222143001757115
1084,1929081125869142228,1117713175342829569,,kenapa ya harus ada sitasi kenapa kalian ga percaya aja sama kata kata aku,2025-06-09 08:34:39,[],ya sitasi ga percaya aja,positif,7,positif,2.2269201491732984
1085,1929071126912651555,1183075553336709120,,tapi gimana anjir cuma bisa sabar sabar sabar. sampe udah muak sama kata-kata sabar..,2025-06-09 08:34:39,[],gimana anjir sabar sabar sabar sampe udah muak katakata sabar,positif,12,positif,2.222218145438753
1086,1929070999254819089,1687032100678230016,,Sport jantung melihat gimana remaja mudah tertipu manis kata-kata. #DepokSOS #SaveOurSurroundingsFest,2025-06-09 08:34:39,[],sport jantung gimana remaja mudah tertipu manis katakata,negatif,-5,negatif,2.222214355758111
1087,1929070905868652622,4152518174,,Kata-kata hari ini pak Inzaghiiiiiii Ini adalah tiga. Tiga kali kalah tiga kompetisi gagal juara https://t.co/rtthsFsFBZ,2025-06-09 08:34:39,[],katakata inzaghiiiiiii kali kalah kompetisi gagal juara,negatif,-8,negatif,2.222211252235467
1088,1929070827258966327,1142782139785592832,,normalisasi kok kata kata tiktok gendeng mbakkk,2025-06-09 08:34:39,[],normalisasi tiktok gendeng mbakkk,negatif,-2,negatif,2.2222123363526585
1089,1929070525914947844,1599695159440322561,,@kenzezt Benee banget kata kata nya,2025-06-09 08:34:39,[],benee banget nya,positif,1,positif,2.2222319159404207
1090,1929070515152425086,1840391437252538368,,@lnovo83 @sukafantasy46 Jitu juga rangkaian kata-kata pujangga umpan ke.akan tu bang https://t.co/pP3nY9miEI,2025-06-09 08:34:39,"['83', '46', '3', '9']",jitu rangkaian katakata pujangga umpan keakan tu bang,negatif,-3,negatif,2.2222180328341765
1091,1929070374941069792,486650220,,Kramas diawali dengan kata kata sok bijak akhirnya gak jadi kramas Cobain deh,2025-06-09 08:34:39,[],kramas diawali sok bijak gak kramas cobain deh,negatif,-4,negatif,2.2222033851526124
1092,1929069374662418942,539688902,,Kata kata indah pun tidak cukup mendiskripsikan kamu yang begitu sempurna #정수빈상하이첫팬사인 #ChungSubinFirstFanMeeting,2025-06-09 08:34:39,[],indah mendiskripsikan sempurna,negatif,-5,negatif,2.222222998515539
1093,1929069099918733547,1909216095766200320,,@BofurinFlower Kasihan kakak cantik lucu nan imut ini di bombardir oleh kata kata yang merepresentasikan dirinya.,2025-06-09 08:34:39,[],kasihan kakak cantik lucu nan imut bombardir merepresentasikan,negatif,-10,negatif,2.2222333731001345
1094,1929069052913238335,2287557392,,@pockyrc1 @footbalicius @WatchmenID Mana clip/kata kata KOTOR yang keluar dari komentatornya??? (atau emang otak lo aja yang KOTOR?),2025-06-09 08:34:39,['1'],clipkata kotor komentatornya emang otak lo aja kotor,negatif,-12,negatif,2.222225016294213
1095,1929068742580867084,1305047571862228993,,Sampe ngucap kata kata yang sama saking seringnya bahas hal itu. emang guenya yang harus sadar diri,2025-06-09 08:34:39,[],sampe ngucap saking bahas emang guenya sadar,positif,1,positif,2.222212069557426
1096,1929068266527539687,992989667308941313,,First time aku tak henti mencarut lepas tengok vtt yg ada kata-kata menyedihkan Ye. Kau punya la tu. Mmg aku carut dari awal sampai akhir vtt tu. Pale buto kau la terpaling sedih. Terpaling tersakiti sial babi anjing. Reply chat aku dulu,2025-06-09 08:34:39,[],first time henti mencarut lepas tengok vtt yg katakata menyedihkan ye kau la tu mmg carut vtt tu pale buto kau la terpaling sedih terpaling tersakiti sial babi anjing reply chat,negatif,-30,negatif,2.22222744663057
1097,1929068227977416841,1647602215492919296,,⠀ Beberapa detik ia diam sebelum akhirnya meraih cangkir itu dengan satu tangan dan menyesapnya dalam diam. Pahitnya pas. Tidak menusuk cukup untuk mengingatkan bahwa sesuatu sedang bekerja di dalam. Ia tidak langsung menjawab Darma. Ada hal dalam kata-kata tadi ( ) ⠀,2025-06-09 08:34:39,[],detik diam meraih cangkir tangan menyesapnya diam pahitnya pas menusuk langsung darma katakata,negatif,-3,negatif,2.2222353553973853
1098,1929067857616294198,968400474842918913,,Gada itu karma. Itu cuma kata kata penghibur,2025-06-09 08:34:39,[],gada karma penghibur,netral,0,netral,2.2222203539589227
1099,1929067837945163888,3665540355,,Hay lagi-lagi jualan. Kali ini cluenya lebih singkat cuma pakai kata-kata yang masih bisa dihitung jari. https://t.co/Hl7F3QuYtO,2025-06-09 08:34:39,"['7', '3']",hay lagilagi jualan kali cluenya singkat pakai katakata dihitung jari,negatif,-5,negatif,2.222217555071064
1100,1929065856043975051,1857755322263416836,,@Yujiu212 Cakep bgt kata kata nya,2025-06-09 08:34:39,['212'],cakep bgt nya,negatif,-1,negatif,2.2222287092003623
1101,1929065431349776847,424826235,,Kata-kata hari ini~ https://t.co/feHjMUFXad,2025-06-09 08:34:39,[],katakata,netral,0,netral,2.222224984508566
1102,1929059905677254864,1563918488267198467,,@Yudiilll @nishltaku @EkoRachmadi2 Ada ya koruptor ditangkap tanpa bukti yg jelas ? Yang ada kalau si Amies ditangkap mulai lah narasi ketakadilan tak ada bukti pembungkaman calon presiden dst nya Si mulut Amies emang bs bermanis manis. Membungkus dgn kata kata yang terlihat hebat heroik.,2025-06-09 08:34:39,['2'],ya koruptor ditangkap bukti yg si amies ditangkap narasi ketakadilan bukti pembungkaman calon presiden dst nya si mulut amies emang bs bermanis manis membungkus dgn hebat heroik,negatif,-6,negatif,2.2230340743676114
1103,1929059194961064265,1279061841281380354,,jangan kebiasaan make kata kata ga pada tempatnya deh. aneh bgt minta ke ortu dibilang ngemis.,2025-06-09 08:34:39,[],kebiasaan make ga tempatnya deh aneh bgt ortu dibilang ngemis,negatif,-4,negatif,2.22220080941157
1104,1929059140627763514,1497183589619830786,,@sweectz kata kata kramat tuh kak,2025-06-09 08:34:39,[],kramat tuh kak,netral,0,netral,2.222215598228712
1105,1929058670505333193,1053294658569289730,,Aku rasa ayat ini mungkin keluar dari mulut seseorang yang belum pun berkahwin. Sebab kalau dah kahwin dia akan tahu &amp; sedar hakikat perkahwinan itu bagaimana. Dia tak akan sampai hati untuk mengeluarkan kata-kata yang dangkal begini.,2025-06-09 08:34:39,[],ayat mulut berkahwin dah kahwin amp sedar hakikat perkahwinan hati mengeluarkan katakata dangkal,negatif,-14,negatif,2.2222189618910595
1106,1929058564154204345,1730870520739160064,,hatiku terlalu mungil untuk dikata-katain pake kata-kata toxic gabisa banget,2025-06-09 08:34:39,[],hatiku mungil dikatakatain pake katakata toxic gabisa banget,negatif,-5,negatif,2.222233866755733
1107,1929058461708369985,25796673,,Ingin rasanya ku mengeluarkan kata kata kasar,2025-06-09 08:34:39,[],ku mengeluarkan kasar,netral,0,netral,2.222225297204196
1108,1929058289280778322,1053294658569289730,,Kasihan terhadap mereka yang mengeluarkan kata-kata sebegini. Lebih kasihan lagi terhadap mereka yang menyokongnya. Kalau seseorang itu benar faham tentang Islam tidak sewajarnya ungkapan ini keluar dari mulutnya. Contoh paling hampir ialah Sayidatina Khadijah binti Khuwailid. https://t.co/pdiYC6pwPL,2025-06-09 08:34:39,['6'],kasihan mengeluarkan katakata kasihan menyokongnya faham islam sewajarnya ungkapan mulutnya contoh sayidatina khadijah binti khuwailid,netral,0,netral,2.222227123105561
1109,1929058114709438767,1290608945606795265,,@arinlee01 Padahal fans Dy juga mendukung buat rnb akgae berulah itu tapi malah dikasih kata kata begitu waduh selama ini berarti oke oke aja kalo Dy beneran jadi samsak fandom kah? Shsjakka,2025-06-09 08:34:39,['01'],fans dy mendukung rnb akgae berulah dikasih oke oke aja kalo dy beneran samsak fandom kah shsjakka,positif,8,positif,2.222216899788679
1110,1929057774832677278,1442681895158878209,,@nattaywat di jadiin buku aja kata kata lucu nya SKSKKSK SAYANGKUU,2025-06-09 08:34:39,[],jadiin buku aja lucu nya skskksk sayangkuu,negatif,-1,negatif,2.222230898563836
1111,1929056713493147788,1584832090591223809,,@asahimup oke udh ku ss. ku pegang kata kata mu kak,2025-06-09 08:34:39,[],oke udh ku ss ku pegang mu kak,netral,0,netral,2.222236133303211
1112,1929055779274764680,1866275716893200384,,@Utayrus_Ayd Saya kawatirnya yang melakukan edit justru akan seperti ini. Karena penyanjung editor sangat percaya dan bahagia tambah pula kata-kata hujatan kebencian,2025-06-09 08:34:39,[],kawatirnya edit penyanjung editor percaya bahagia katakata hujatan kebencian,positif,1,positif,2.2222401281696933
1113,1929055567160463715,2758514019,,@Doelbatox Penuh dengan kata-kata ya,2025-06-09 08:34:39,[],penuh katakata ya,positif,4,positif,2.222198746197951
1114,1929055400113922450,1063752758807777281,,@sweectz Enggak butuh kata kata kaya gitu,2025-06-09 08:34:39,[],butuh kaya gitu,negatif,-7,negatif,2.222206816543787
1115,1929055084094062647,1409312683250176004,,@aksarapodo @sbyfess Eh kok bisa ada kata kata gimana caranya,2025-06-09 08:34:39,[],eh gimana,netral,0,netral,2.2222366937364635
1116,1929054922315645221,1219414785747324928,,@Otcar Gw cabut kata-kata gw sekarang.,2025-06-09 08:34:39,[],gw cabut katakata gw,negatif,-5,negatif,2.2222129144560614
1117,1929054386807881844,1371452282324185090,,Tiap kali TBM selalu nyampein kata-kata ini. Sayangi nyawa sendiri. Keluarga di rumah nunggu gaji yang berkah. Sampeyan kenapa-napa perusahaan bisa nyari orang baru. Kalo nyawa sampeyan yang ilang mau nyari kemana?,2025-06-09 08:34:39,[],kali tbm nyampein katakata sayangi nyawa keluarga rumah nunggu gaji berkah sampeyan kenapanapa perusahaan nyari orang kalo nyawa sampeyan ilang nyari kemana,negatif,-1,negatif,2.2222261878551204
1118,1929054311100961188,1697865224710438912,,memutuskan untuk full support dia karna kata-kata yg dikeluarkan dari mulutnya selalu bisa dipertanggungjawabkan dan omongan janjinya bisa di pegang bukan hanya bualan semata dia beneran serius membuktikannya kata orang itu baru disebut LAKI-LAKI GENTLEMEN https://t.co/q3lKNQrqCF,2025-06-09 08:34:39,['3'],memutuskan full support karna katakata yg dikeluarkan mulutnya dipertanggungjawabkan omongan janjinya pegang bualan beneran serius membuktikannya orang lakilaki gentlemen,negatif,-8,negatif,2.2222326307402134
1119,1929053156261892277,530867596,,@iambigggT @zeinpiliang kata-kata hari ini bolo https://t.co/lGwZ45VDhN,2025-06-09 08:34:39,['45'],katakata bolo,netral,0,netral,2.2222160137353257
1120,1929052448376651835,1884121271434371074,,@SolaceAmerta Ohh ini toh doksli dari kata kata krisis Beras,2025-06-09 08:34:39,[],ohh doksli krisis beras,negatif,-4,negatif,2.222224551549989
1121,1929052316394561609,856121481113116672,,@prajuritKARINA Kasih aku kata-kata dong by biar gak sedih lagi?,2025-06-09 08:34:39,[],kasih katakata by biar gak sedih,negatif,-9,negatif,2.2222036769818043
1122,1929051822192263329,1688285990086148096,,@problemetik Sudah gak bisa dijelaskan dengan kata-kata jadi hanya airmata yg bisa mewakili,2025-06-09 08:34:39,[],gak katakata airmata yg mewakili,negatif,-3,negatif,2.2222241444653523
1123,1929051719532445962,1542320320970821632,,TUHAN TIDAK MENUNTUT KITA UNTUK SUKSES. TUHAN HANYA MENYURUH KITA BERJUANG TANPA HENTI. EMHA AINUN NADJIB,2025-06-09 08:34:39,[],tuhan menuntut sukses tuhan menyuruh berjuang henti emha ainun nadjib,positif,2,positif,2.222218658137287
1124,1929051561558421715,1935947137,,@tiwas_kelaran Aamiin semoga begitu. Kesabaran memang sering jadi kunci kebahagiaan yang datang di waktu yang tepat. Terima kasih atas kata-kata indahnya!,2025-06-09 08:34:39,[],aamiin semoga kesabaran kunci kebahagiaan terima kasih katakata indahnya,positif,15,positif,2.2222225619635805
1125,1929050958149071047,1277253192120545282,,@bbyiesteaw ya ampun aku sedih banget bacanya... terima kasih banyak yaaa untuk kata-kata baik dan doanya. semoga kamu juga selalu penuh cinta dan bahagia lafyuuuu,2025-06-09 08:34:39,[],ya ampun sedih banget bacanya terima kasih yaaa katakata doanya semoga penuh cinta bahagia lafyuuuu,negatif,-4,negatif,2.219474175289539
1126,1929049251692294318,1120574096574599168,,Bisa gunakan kata baik-baik untuk menegur Kalau kata-kata nya begitu ya orang juga bakalan marah lah Tau sendiri sekarang orang-orang di twt lagi sensitif,2025-06-09 08:34:39,[],baikbaik menegur katakata nya ya orang marah tau orangorang twt sensitif,negatif,-7,negatif,2.2222076566852054
1127,1929049078928667111,1580039020796841984,,@lann_lan_ Kakk sorry bgt kalo udah sold boleh di td gak ya? Aku paham bgt kakaknya stop collect dan rela pc nya di sell underpriced. Cuma aku takut harga yg kakak kasih jadi patokan harga orang buat sell maaf kalo kata-kata aku kurang nyaman dibaca ya kak maaciii,2025-06-09 08:34:39,[],kakk sorry bgt kalo udah sold td gak ya paham bgt kakaknya stop collect rela pc nya sell underpriced takut harga yg kakak kasih patokan harga orang sell maaf kalo katakata nyaman dibaca ya kak maaciii,netral,0,netral,2.1384260975865184
1128,1929048832488153104,1869557290191482880,,@venchgarden Kata-kata gua tuh.,2025-06-09 08:34:39,[],katakata gua tuh,negatif,-3,negatif,2.222218298726499
1129,1929048556796838112,1720665183188922368,,@ayye9595 @jiaolona @Candraw919 Haha emot batu itu biasanya dipake buat ngasih reaksi datar atau bercanda kayak duh apa sih ini tanpa perlu kata-kata. Di thread ini kayaknya @jiaolona pake buat ngelewatin pertanyaanmu soal VPS dengan bercanda soalnya suasananya santai. Emoji ini dari patung Moai di,2025-06-09 08:34:39,"['9595', '919']",haha emot batu dipake ngasih reaksi datar bercanda kayak duh sih katakata thread kayaknya pake ngelewatin pertanyaanmu vps bercanda suasananya santai emoji patung moai,negatif,-25,negatif,2.222214659360207
1130,1929048552753213466,51815301,,@ragnoicity Mudah kalo di kata kata aja,2025-06-09 08:34:39,[],mudah kalo aja,netral,0,netral,2.1784048776805025
1131,1929048256711110893,971354628813078528,,@msaid_didu Ingat kata kata kyai kanjeng dia akan ditawur rakyatnya sendiri apa bakal kejadian ya?,2025-06-09 08:34:39,[],kyai kanjeng ditawur rakyatnya kejadian ya,positif,2,positif,2.2222099946033875
1132,1929047969216520460,1820682506922033152,,@lidaffffff kata kata pas siang kalo malem nanti gatau,2025-06-09 08:34:39,[],pas siang kalo malem gatau,positif,1,positif,2.222216949836771
1133,1929047843857379452,1263814878898221057,,kata kata hari ini alias gw keren bgt,2025-06-09 08:34:39,[],alias gw keren bgt,netral,0,negatif,2.1383814616383714
1134,1929046860418723902,1821865655899189249,,cinta ku ke bracelet udh gabisa diungkap kan oleh kata kata (gw cinta bngt ‍‍️️️),2025-06-09 08:34:39,[],cinta ku bracelet udh gabisa diungkap gw cinta bngt,negatif,-2,negatif,2.2245427589393887
1135,1929046765338046850,1377785976412499968,,@MunchMunc_21 @Autosultan_team @Suigar_com @cro_aggregator @Official_NODO Tidak butuh kata kata yang penting interaksi aja @GiveRep,2025-06-09 08:34:39,['21'],butuh interaksi aja,negatif,-6,negatif,2.22223343174334
1136,1929046649516523638,1278893304025722880,,@erlanggapratiwi ooh emang referensimu isinya selangkangan semua sih ya? jadi gaada referensi kata-kata yang lebih baik wkwkwkwk,2025-06-09 08:34:39,[],ooh emang referensimu isinya selangkangan sih ya gaada referensi katakata wkwkwkwk,positif,1,positif,2.2222181467286353
1137,1929046102390550709,1590881850767339520,,at the end emang semua akan punya hidupnya masing masing. but its okay. kalo kata paul.. namanya juga hidup kalo kata nabila.. sementara bukan selamanya kata kata rony.. butuh waktu kalo kata salma.. terima kasih,2025-06-09 08:34:39,[],at the end emang hidupnya but its okay kalo paul namanya hidup kalo nabila rony butuh kalo salma terima kasih,negatif,-4,negatif,2.2221991943535637
1138,1929045788447199597,984985248537559040,,kata kata ini yg selalu aku pegang sampai saat ini. Karena penyakit hati itu bisa membunuhmu kapan saja tanpa menyentuh.,2025-06-09 08:34:39,[],yg pegang penyakit hati membunuhmu menyentuh,negatif,-8,negatif,2.2236003677280567
1139,1929045517012521005,97554944,,Kata-kata yang sedikit gila tapi ini adanya,2025-06-09 08:34:39,[],katakata gila,negatif,-5,negatif,2.222237707028619
1140,1929044996843266053,1918949366666317824,,@Diandrawill1506 Bude bude lu bikin nama Caleb girlie jelek tau ga? Opini pribadi lu itu memakai kata kata yang tak pantas makanya lu diserang. Udh dewasa kan? Jangan bersikap kayak anak kecil. Toh kalau lu mau berpendapat ya boleh tp ketikannya tolong dongg aduhh,2025-06-09 08:34:39,['1506'],bude bude lu bikin nama caleb girlie jelek tau ga opini pribadi lu memakai lu diserang udh dewasa bersikap kayak anak lu berpendapat ya tp ketikannya tolong dongg aduhh,negatif,-15,negatif,2.2222387331506877
1141,1929044791796351366,1502256199827263488,,@Younjgae Lucu banget gemes kaya percintaan banget pake kata kata yang dirancang sedemikian rupa ya Oh ya??? Aduh lucu banget dia namanya udh dikenalin belum? Jenisnya mirip sama Maeumi dan Gaeul anjingnya Jungwon dan Sunghoon ih!,2025-06-09 08:34:39,[],lucu banget gemes kaya percintaan banget pake dirancang rupa ya oh ya aduh lucu banget namanya udh dikenalin jenisnya maeumi gaeul anjingnya jungwon sunghoon ih,positif,3,positif,2.222209063743706
1142,1929044568915288543,3169564883,,@funtakee kok gaada kata kata hbd nyaa,2025-06-09 08:34:39,[],gaada hbd nyaa,negatif,-3,negatif,2.2222163837193807
1143,1929044115817214044,1079981324876767233,,'Bersama ku setiap hari aja udah serem' Bakal gue inget terus kata-kata pro ke almond ini lucu bgt lagi..,2025-06-09 08:34:39,[],ku aja udah serem gue inget katakata pro almond lucu bgt,negatif,-6,negatif,2.222207959763349
1144,1929043502425387316,37161353,,Aku tahu ia sedang menyusun kata-kata yang pas agar aku lebih mudah mengerti. Pada akhirnya ia menyerah. Entahlah susah untuk dijelaskan. Sesuatu yang sulit dipahami akal manusia. Setidaknya menurut kepercayaan kami warga sekitar sini. I,2025-06-09 08:34:39,[],menyusun katakata pas mudah mengerti menyerah susah sulit dipahami akal manusia kepercayaan warga i,negatif,-7,negatif,2.222238221976879
1145,1929042762906599742,1755573443821752320,,Aku sayang kamu. Lebih dari kata-kata bisa ungkapin. Dan aku bakal terus sayang selama kamu masih mau sama aku di dunia yang ga selamanya berjalan sesuai kemauan kita I love you my best Part of my life Jiwangga Pranadipta Suamiku. ´･ᴗ･` https://t.co/P4rtLqc9kW,2025-06-09 08:34:39,"['4', '9']",sayang katakata ungkapin sayang dunia ga berjalan sesuai kemauan i love you my best part of my life jiwangga pranadipta suamiku ᴗ,negatif,-10,negatif,2.222223564989665
1146,1929042680988000367,1121043883448602625,,@mnyugjae Ini kata-kata bulshit keberapa yang udah dd keluarin hari ini?,2025-06-09 08:34:39,[],katakata bulshit keberapa udah dd keluarin,netral,0,netral,2.222216233956836
1147,1929042518802370794,1117406233584001024,,dulu jaman 2010 an chat an di dm itu agak gak umum. jadi meskipun temen kita ada kata kata eh kita belum pernah dm an. nanti dm an ya hehe. first dm kwkkwwk. kalo sekarang aneh aja sih rasanya dulu knp gitu,2025-06-09 08:34:39,['2010'],jaman 2010 an chat an dm gak temen eh dm an dm an ya hehe first dm kwkkwwk kalo aneh aja sih knp gitu,positif,2,positif,2.222222327597376
1148,1929041885995176056,1525993103592607744,,@bigxrd Bosen banget denger kata-kata itu,2025-06-09 08:34:39,[],bosen banget denger katakata,negatif,-6,negatif,2.2221992886238437
1149,1929041755434865135,1189709182099836928,,@grok @mindfulmaven_ Bukan itu tapi kata kata caption dlm gambar tersebut,2025-06-09 08:34:39,[],caption dlm gambar,negatif,-3,negatif,2.222218598796768
1150,1929040694393319764,1748707247604293633,,@Ghaii_AA HEPII BIRTHDAY KAKAAA WISH YOU ALL THE BEST KARNA AKU GBISA NYUSUN KATA KATA. intinya semoga lancarr segala urusan kaka mau yang mudah sampai yang sulit,2025-06-09 08:34:39,[],hepii birthday kakaaa wish you all the best karna gbisa nyusun intinya semoga lancarr urusan kaka mudah sulit,positif,3,positif,2.222213235814403
1151,1929040331816702160,1867553071796289536,,lu dengan enak nya ngehate singto dengan kata kata sakau trus lu minta maaf? kok enteng kali mulut mu itu. baru juga dibully udh minta maaf coba ga ada yang ngebully mungkin lu udah ngejelekin singto lebih dari ini. pliss singto itu orang baik ga macam macam orangnya. https://t.co/FGPcu84xGS,2025-06-09 08:34:39,['84'],lu enak nya ngehate singto sakau trus lu maaf enteng kali mulut mu dibully udh maaf coba ga ngebully lu udah ngejelekin singto pliss singto orang ga orangnya,negatif,-19,negatif,2.222213791300002
1152,1929040233296724198,1188646881900941312,,Ternyata di sana juga ada template kata kata mutiara bapak bapak fb ya,2025-06-09 08:34:39,[],template mutiara fb ya,positif,4,positif,2.2222019564168014
1153,1929040128821047815,765533630206586880,,@anastasiartn @leony_be @kiimsunoc @hansolvcmine @nonapics_ Tuh kan emosian lagi pms pasti. Lagi btw gua disitu ngatain reading compre lu yang jelek cuma balikin kata-kata lu. Tapi lu tersinggung wkwkwk tolol banget berarti merasa jelek ya tolol.,2025-06-09 08:34:39,[],tuh emosian pms btw gua disitu ngatain reading compre lu jelek balikin katakata lu lu tersinggung wkwkwk tolol banget jelek ya tolol,negatif,-25,negatif,2.2222155865352744
1154,1929039618177118222,1342429489406435329,,@ctrlaltdel_77 @haruxday_ wkwk orang tolol biasanya isi otaknya bokep doang nih contohnya lu bgt 100% kalah daya otak kata kata yg keluar cuma bisa bawa orang tua untuk dihujat. semoga utang lu segera lunas ya,2025-06-09 08:34:39,"['77', '100']",wkwk orang tolol isi otaknya bokep doang nih contohnya lu bgt 100 kalah daya otak yg bawa orang tua dihujat semoga utang lu lunas ya,negatif,-32,negatif,2.222226163194791
1155,1929039248726036641,1869251106381168640,,@entrophilogy tjakeeepp kata kata hari ini by enoki,2025-06-09 08:34:39,[],tjakeeepp by enoki,netral,0,netral,2.2222240255303802
1156,1929039112440365282,3299426551,,No closure is a closure. Kamu cuma lagi denial. Toh kalau ketemu dan yang akan kamu dengar mungkin cuma kata-kata yang paling gak pengen kamu dengar hanya sebelumnya udah dipoles supaya gak makin menyakiti kamu dan membuat dia kelihatan gak banyak bersalah di hubungan kalian.c,2025-06-09 08:34:39,[],no closure is a closure denial ketemu dengar katakata gak pengen dengar udah dipoles gak menyakiti gak bersalah hubungan kalianc,negatif,-6,negatif,2.2222227990242036
1157,1929038860605915374,1292419793056706560,,@Dyanasthasia coba kata kata Jangan-jangan nya dihilangkan lebih tepat,2025-06-09 08:34:39,[],coba janganjangan nya dihilangkan,negatif,-1,negatif,2.222232187739752
1158,1929038631538241964,1701576482878091264,,@brfelindra Di era Presiden Prabowo kebebasan berpendapat nggak cuma kata-kata tapi bener-bener kejadian,2025-06-09 08:34:39,[],era presiden prabowo kebebasan berpendapat nggak katakata benerbener kejadian,negatif,-2,negatif,2.2222088751933713
1159,1929037786218201452,1251441499591475200,,@BMultinovic @krajiladasuki @caumuli_ @zenrs apapun kata-kata mu aku tetap KDM &amp; Gibran,2025-06-09 08:34:39,[],apapun katakata mu kdm amp gibran,netral,0,netral,2.2222290960032605
1160,1929037348517331059,2785368266,,klw ditanyak pengennya apa pengen bgt lari di Jogja ya Allah Bismillah kata-kata adalah do'a,2025-06-09 08:34:39,[],klw ditanyak pengennya pengen bgt lari jogja ya allah bismillah katakata doa,positif,5,positif,2.2222184352194887
1161,1929037333262905370,1355552239960485888,,coba dong kasih kata-kata buat GEMINI,2025-06-09 08:34:39,[],coba kasih katakata gemini,negatif,-2,negatif,2.2222047712961808
1162,1929037313126150590,1644902128295739392,,@quotesseseorang Ini sebuah kata-kata yang sangat berarti,2025-06-09 08:34:39,[],katakata,netral,0,netral,2.222224984508566
1163,1929037293190312050,1281953677150806016,,@missyoongii Kalau inget lagi betapa teganya kata kata mereka.,2025-06-09 08:34:39,[],inget betapa teganya,netral,0,netral,2.222226213573099
1164,1929093364525289790,1806705283810660352,,@ketekpaus_ @armingosongg sebenerny gapapa tau klo kamu gapunya pengalaman sebelumny. yg penting tuh tunjukkin klo kamu antusias untuk belajar &amp; berkembang di organisasi. caranya? yg paling efektif pas wawancara ga cuma kata-kata tp gestur tubuh jg main utk bnr menunjukkan tujuan km masuk organisasi,2025-06-09 08:36:25,[],sebenerny gapapa tau klo gapunya pengalaman sebelumny yg tuh tunjukkin klo antusias belajar amp berkembang organisasi yg efektif pas wawancara ga katakata tp gestur tubuh jg main utk bnr tujuan km masuk organisasi,positif,6,positif,2.2222232588781656
1165,1929093163869716761,2945345752,,@nyonyaningguang kata kata hari ini https://t.co/ScPI1V8TTl,2025-06-09 08:36:25,"['1', '8']",,netral,0,negatif,2.159005914321281
1166,1929093087961415793,734645949608415233,,Dalam hati Saka bingung sendiri. Ini lo ngapain sih? Aneh banget. Tapi di luar ia terus melontarkan kata-kata sindiran dan kemarahan.,2025-06-09 08:36:25,[],hati saka bingung lo ngapain sih aneh banget melontarkan katakata sindiran kemarahan,negatif,-5,negatif,2.2222046756065876
1167,1929092748138914118,1624607559264129024,,@YantoBoyok00 @tirta_cipeng Dia asisten dulu di barca terus pernah mau ngebet buat jadi pelatih dulu makanya waktu inter menang lawan barca yang 2009 apa 2010 itu dia ngejek fans barca yang dulu nentang dia buat jadi coach dengan kata kata gabutuh translator buat jadi pelatih CMIW,2025-06-09 08:36:25,"['00', '2009', '2010']",asisten barca ngebet pelatih inter menang lawan barca 2009 2010 ngejek fans barca nentang coach gabutuh translator pelatih cmiw,negatif,-4,negatif,2.222224468490121
1168,1929092717025329174,468202400,,@mineyushi kak ternyata berguna juga ya kata kata tsb untuk momen kaya gitu,2025-06-09 08:36:25,[],kak berguna ya tsb momen kaya gitu,positif,7,positif,2.2222020885978178
1169,1929092357955232124,1497418134013505537,,@unjaex Kurang jelas yah waktunya? Itu jam pas kebetulan trsr lagi perform di pict kedua itu kata-kata trsr yg biasa mereka omongin kalau lgi di perform. Masih kurang jelas? Ada di pict terakhir. Mau ngelak apa lagi? Jadi siapa yang nyari ribut duluan?‍️ https://t.co/fi2X6wch5i,2025-06-09 08:36:25,"['2', '6', '5']",yah jam pas trsr perform pict katakata trsr yg omongin lgi perform pict ngelak nyari ribut duluan,negatif,-5,negatif,2.22223100988945
1170,1929092309536162127,270231069,,Gue tarik kata kata gue mcgg asik cuyy.,2025-06-09 08:36:25,[],gue tarik gue mcgg asik cuyy,positif,6,positif,2.2221969585989054
1171,1929092110176731193,1306794927460769792,,Ga ada kata kata yang bisa jelasin betapa cintanya aku sama karya karya Ahmad Tohari.,2025-06-09 08:36:25,[],ga jelasin betapa cintanya karya karya ahmad tohari,positif,10,positif,2.2222046989143402
1172,1929091610559799541,1239429071542431745,,kata-kata yang harus dihindari.. https://t.co/pIDoFIrDM5,2025-06-09 08:36:25,['5'],katakata dihindari,netral,0,netral,2.2222260227996715
1173,1929091154785743196,1720665183188922368,,@Ngadinopanser @Minietweets_ @mohmahfudmd Arti peribahasa Jawa Sabda pandita ratu tan kena wola-wali adalah kata-kata pemimpin bijaksana tidak dapat diubah atau ditarik kembali menekankan integritas dan otoritas. Dalam budaya Jawa ini mencerminkan penghormatan terhadap pemimpin yang konsisten membangun kepercayaan,2025-06-09 08:36:25,[],arti peribahasa jawa sabda pandita ratu tan kena wolawali katakata pemimpin bijaksana diubah ditarik menekankan integritas otoritas budaya jawa mencerminkan penghormatan pemimpin konsisten membangun kepercayaan,negatif,-13,negatif,2.222207583169517
1174,1929091123462688794,1417251642085318663,,Setelah kata-kata bombastis sebelumnya ga mempan.. kini muncul Meledak,2025-06-09 08:36:25,[],katakata bombastis ga mempan muncul meledak,negatif,-10,negatif,2.222209808654659
1175,1929091037395660828,1733812081542254592,,gw gumoh bgt njing liat mf yang isinya ngebacot gamau kuliah di pil 2 kek anjing bersyukur lu ngentot diluar 200rb org banyak yang dapet kata kata semangat daripaa selamat ngentot lu semua,2025-06-09 08:36:25,"['2', '200']",gw gumoh bgt njing liat mf isinya ngebacot gamau kuliah pil 2 kek anjing bersyukur lu ngentot diluar 200rb org dapet semangat daripaa selamat ngentot lu,netral,0,netral,2.2222206817018217
1176,1929090948253761831,1855458523305672704,,@shizukaahere Sugar dadynya hapus aja desss.... Post lagi tanpa kata kata sugar dady... Takut Weh,2025-06-09 08:36:25,[],sugar dadynya hapus aja desss post sugar dady takut weh,negatif,-6,negatif,2.222239322169342
1177,1929090563539628540,1588945493438013440,,@Tokocrypto Kata kata investasi itu tidak cocok buat crypto jika melihat grafik semua crypto kecuali BTC. https://t.co/ZMHerpe7pl,2025-06-09 08:36:25,['7'],investasi cocok crypto grafik crypto kecuali btc,negatif,-3,negatif,2.222225336606968
1178,1929089629392957891,1886302964664745984,,kata kata mutiara nya makhluk rendahan tai tai,2025-06-09 08:36:26,[],mutiara nya makhluk rendahan tai tai,negatif,-7,negatif,2.222232832061212
1179,1929089588187775155,1794381955653578752,,kata kata yg keluar setiap disenggol duluan:,2025-06-09 08:36:26,[],yg disenggol duluan,negatif,-2,negatif,2.223483509149153
1180,1929089140341035089,1198258761523060737,,Diotakmu penuh dg kata Jika Jika aku tidak ada disini jika aku seharusnya tidak melakukan ini jika seharusnya aku lebih hati-hati. Di dalam ributnya pikiranmu kamu harus juga menerima ributnya kata-kata orang lain terhadapmu. Semuanya penuh &amp; lama-lama seperti akan meledak.,2025-06-09 08:36:26,[],diotakmu penuh dg hatihati ributnya pikiranmu menerima ributnya katakata orang terhadapmu penuh amp lamalama meledak,negatif,-1,negatif,2.2222224119739766
1181,1929088269746053631,1805202509549715456,,Pancasila bukan sekadar kata-kata. Lebih dari itu Pancasila merupakan sumber kekuatan bagi bangsa Indonesia. Find more Instagram : @ designbunchberry Facebook : Bunchberry Design Pinterest : bunchberrydesign https://t.co/lX65eXBOwW,2025-06-09 08:36:26,['65'],pancasila katakata pancasila sumber kekuatan bangsa indonesia find more instagram designbunchberry facebook bunchberry design pinterest bunchberrydesign,positif,3,positif,2.2222380240529853
1182,1929088136480461175,1268132096771407873,,anjayy kata kata tanggal 19 mei,2025-06-09 08:36:26,['19'],anjayy tanggal 19 mei,negatif,-4,negatif,2.2222186887309965
1183,1929088001851772932,2954749274,,@Leesojl Lewat kata-kata hari ini apa boleh? Tenang aja aku gak loyo tapi aku baru kembali dari hiatus! BOLEH BANGET ARGGHHH LUCU kamu juga cantiknya pacarmu dan aku hahay,2025-06-09 08:36:26,[],katakata tenang aja gak loyo hiatus banget argghhh lucu cantiknya pacarmu hahay,negatif,-3,negatif,2.222230815050546
1184,1929087198890004823,1177020771475939328,,@_mimisaidi Baik! Saya akan mendengar kata-kata sifu.,2025-06-09 08:36:26,[],mendengar katakata sifu,netral,0,netral,2.222220418740847
1185,1929086656772190303,1341359224601788418,,@MohammadMakruf @AlanN35104 @Doremi1821839 @ImamBesar212 @Kakak211 @I_love_Israel7 @MarioInferno @nidi_nada29067 @PaijoKhentirrr Lah kata kata mu bilang ; Yang dijelaskan UAS bukan muhamad bin abdullah. Saya jelaskam panjang lebar pu kamu gak akan paham yang muslim aja belum tentu bisa &amp; mau paham,2025-06-09 08:36:26,"['35104', '1821839', '212', '211', '7', '29067']",mu bilang uas muhamad bin abdullah jelaskam lebar pu gak paham muslim aja amp paham,positif,1,positif,2.2222210180595017
1186,1929086560810459277,343457252,,@ivanlanin Uda mohon tanya. Dalam cerita kata-kata yang diucapkan dalam hati/pikiran/batin bgmn format penulisannya? Apakah hrs: 1. Ditulis miring; 2. Diberi tanda petik? Atau apakah ditulis biasa seperti percakapan biasa yg diucapkan melalui mulut? Atau bagaimana seharusnya?,2025-06-09 08:36:26,"['1', '2']",uda mohon cerita katakata hatipikiranbatin bgmn format penulisannya hrs 1 ditulis miring 2 tanda petik ditulis percakapan yg mulut,negatif,-13,negatif,2.222204271427476
1187,1929083762912235779,1424513138209157121,,Tersenyum dan tertawa memang merupakan salah satu kunci untuk menjaga keseimbangan emosi dan menjauhkan stres. Oleh karena itu kata-kata konyol yang lucu dan menghibur dapat menjadi obat yang ampuh untuk mengusir kejenuhan dan tekanan yang ada. Replay kata-kata lucu Kalian,2025-06-09 08:36:26,[],tersenyum tertawa salah kunci menjaga keseimbangan emosi menjauhkan stres katakata konyol lucu menghibur obat ampuh mengusir kejenuhan tekanan replay katakata lucu,negatif,-20,negatif,2.222213712401133
1188,1929083544950686032,1451059706252824582,,Kata kata terngiang di otak adalah Oooh My Goooaaaaaatt Yang diucapkan oleh seorang fetis ronaldo,2025-06-09 08:36:26,[],terngiang otak oooh my goooaaaaaatt fetis ronaldo,negatif,-3,negatif,2.2222361669362884
1189,1929083202859094361,1654874361277616129,,@jejeayy1 Lagi nggak punya kata-kata deh,2025-06-09 08:36:26,['1'],nggak katakata deh,negatif,-3,negatif,2.2222210318563023
1190,1929082735357829277,102273661,,@Doelbatox karna tertampar mulu sama kata kata truk,2025-06-09 08:36:26,[],karna tertampar mulu truk,negatif,-1,negatif,2.2222183775372435
1191,1929082600163090662,1329761054864281602,,Kata kata hari ini :),2025-06-09 08:36:26,[],,netral,0,negatif,2.159005914321281
1192,1929082436635234448,863578508479442945,,Dengan MBTI ISFP Richa adalah pribadi yang artistik sensitif dan sangat menghargai keindahan dalam hal-hal kecil. Ia lebih suka berbicara lewat tindakan daripada kata-kata dan sering menunjukkan kepeduliannya secara diam-diam namun tulus. https://t.co/wP3ZNGFWJW,2025-06-09 08:36:26,['3'],mbti isfp richa pribadi artistik sensitif menghargai keindahan halhal suka berbicara tindakan katakata kepeduliannya diamdiam tulus,positif,2,positif,2.222215067687922
1193,1929082190417035343,1869371784379891713,,@snbtfess udh jgn pikirin orang jgn biarkan kata kata org itu mengendalikan mu sender. Km berhak atas dirimu sendiri yh hempas aja yg bgtu. Dengerin kritik/saran itu gk masalah tp kl negatif gt gk usahlah km pikirkan.,2025-06-09 08:36:26,[],udh jgn pikirin orang jgn biarkan org mengendalikan mu sender km berhak dirimu yh hempas aja yg bgtu dengerin kritiksaran gk tp kl negatif gt gk usahlah km pikirkan,negatif,-4,negatif,2.222222840430729
1194,1929081874292314544,1494244746793189378,,Kata-kata adalah doa ... Lancarkan mudahkan banyak rezeki datang dari arah mana saja.. ratusan-ribuan-puluhan ribu $ sehat dan bahagia,2025-06-09 08:36:26,[],katakata doa lancarkan mudahkan rezeki arah ratusanribuanpuluhan ribu sehat bahagia,negatif,-4,negatif,2.2222143001757115
1195,1929081125869142228,1117713175342829569,,kenapa ya harus ada sitasi kenapa kalian ga percaya aja sama kata kata aku,2025-06-09 08:36:26,[],ya sitasi ga percaya aja,positif,7,positif,2.2269201491732984
1196,1929071126912651555,1183075553336709120,,tapi gimana anjir cuma bisa sabar sabar sabar. sampe udah muak sama kata-kata sabar..,2025-06-09 08:36:26,[],gimana anjir sabar sabar sabar sampe udah muak katakata sabar,positif,12,positif,2.222218145438753
1197,1929070999254819089,1687032100678230016,,Sport jantung melihat gimana remaja mudah tertipu manis kata-kata. #DepokSOS #SaveOurSurroundingsFest,2025-06-09 08:36:26,[],sport jantung gimana remaja mudah tertipu manis katakata,negatif,-5,negatif,2.222214355758111
1198,1929070905868652622,4152518174,,Kata-kata hari ini pak Inzaghiiiiiii Ini adalah tiga. Tiga kali kalah tiga kompetisi gagal juara https://t.co/rtthsFsFBZ,2025-06-09 08:36:26,[],katakata inzaghiiiiiii kali kalah kompetisi gagal juara,negatif,-8,negatif,2.222211252235467
1199,1929070827258966327,1142782139785592832,,normalisasi kok kata kata tiktok gendeng mbakkk,2025-06-09 08:36:26,[],normalisasi tiktok gendeng mbakkk,negatif,-2,negatif,2.2222123363526585
1200,1929070525914947844,1599695159440322561,,@kenzezt Benee banget kata kata nya,2025-06-09 08:36:26,[],benee banget nya,positif,1,positif,2.2222319159404207
1201,1929070515152425086,1840391437252538368,,@lnovo83 @sukafantasy46 Jitu juga rangkaian kata-kata pujangga umpan ke.akan tu bang https://t.co/pP3nY9miEI,2025-06-09 08:36:26,"['83', '46', '3', '9']",jitu rangkaian katakata pujangga umpan keakan tu bang,negatif,-3,negatif,2.2222180328341765
1202,1929070374941069792,486650220,,Kramas diawali dengan kata kata sok bijak akhirnya gak jadi kramas Cobain deh,2025-06-09 08:36:26,[],kramas diawali sok bijak gak kramas cobain deh,negatif,-4,negatif,2.2222033851526124
1203,1929069374662418942,539688902,,Kata kata indah pun tidak cukup mendiskripsikan kamu yang begitu sempurna #정수빈상하이첫팬사인 #ChungSubinFirstFanMeeting,2025-06-09 08:36:26,[],indah mendiskripsikan sempurna,negatif,-5,negatif,2.222222998515539
1204,1929069099918733547,1909216095766200320,,@BofurinFlower Kasihan kakak cantik lucu nan imut ini di bombardir oleh kata kata yang merepresentasikan dirinya.,2025-06-09 08:36:26,[],kasihan kakak cantik lucu nan imut bombardir merepresentasikan,negatif,-10,negatif,2.2222333731001345
1205,1929069052913238335,2287557392,,@pockyrc1 @footbalicius @WatchmenID Mana clip/kata kata KOTOR yang keluar dari komentatornya??? (atau emang otak lo aja yang KOTOR?),2025-06-09 08:36:26,['1'],clipkata kotor komentatornya emang otak lo aja kotor,negatif,-12,negatif,2.222225016294213
1206,1929068742580867084,1305047571862228993,,Sampe ngucap kata kata yang sama saking seringnya bahas hal itu. emang guenya yang harus sadar diri,2025-06-09 08:36:26,[],sampe ngucap saking bahas emang guenya sadar,positif,1,positif,2.222212069557426
1207,1929068266527539687,992989667308941313,,First time aku tak henti mencarut lepas tengok vtt yg ada kata-kata menyedihkan Ye. Kau punya la tu. Mmg aku carut dari awal sampai akhir vtt tu. Pale buto kau la terpaling sedih. Terpaling tersakiti sial babi anjing. Reply chat aku dulu,2025-06-09 08:36:26,[],first time henti mencarut lepas tengok vtt yg katakata menyedihkan ye kau la tu mmg carut vtt tu pale buto kau la terpaling sedih terpaling tersakiti sial babi anjing reply chat,negatif,-30,negatif,2.22222744663057
1208,1929068227977416841,1647602215492919296,,⠀ Beberapa detik ia diam sebelum akhirnya meraih cangkir itu dengan satu tangan dan menyesapnya dalam diam. Pahitnya pas. Tidak menusuk cukup untuk mengingatkan bahwa sesuatu sedang bekerja di dalam. Ia tidak langsung menjawab Darma. Ada hal dalam kata-kata tadi ( ) ⠀,2025-06-09 08:36:26,[],detik diam meraih cangkir tangan menyesapnya diam pahitnya pas menusuk langsung darma katakata,negatif,-3,negatif,2.2222353553973853
1209,1929067857616294198,968400474842918913,,Gada itu karma. Itu cuma kata kata penghibur,2025-06-09 08:36:26,[],gada karma penghibur,netral,0,netral,2.2222203539589227
1210,1929067837945163888,3665540355,,Hay lagi-lagi jualan. Kali ini cluenya lebih singkat cuma pakai kata-kata yang masih bisa dihitung jari. https://t.co/Hl7F3QuYtO,2025-06-09 08:36:26,"['7', '3']",hay lagilagi jualan kali cluenya singkat pakai katakata dihitung jari,negatif,-5,negatif,2.222217555071064
1211,1929065856043975051,1857755322263416836,,@Yujiu212 Cakep bgt kata kata nya,2025-06-09 08:36:26,['212'],cakep bgt nya,negatif,-1,negatif,2.2222287092003623
1212,1929065431349776847,424826235,,Kata-kata hari ini~ https://t.co/feHjMUFXad,2025-06-09 08:36:26,[],katakata,netral,0,netral,2.222224984508566
1213,1929059905677254864,1563918488267198467,,@Yudiilll @nishltaku @EkoRachmadi2 Ada ya koruptor ditangkap tanpa bukti yg jelas ? Yang ada kalau si Amies ditangkap mulai lah narasi ketakadilan tak ada bukti pembungkaman calon presiden dst nya Si mulut Amies emang bs bermanis manis. Membungkus dgn kata kata yang terlihat hebat heroik.,2025-06-09 08:36:26,['2'],ya koruptor ditangkap bukti yg si amies ditangkap narasi ketakadilan bukti pembungkaman calon presiden dst nya si mulut amies emang bs bermanis manis membungkus dgn hebat heroik,negatif,-6,negatif,2.2230340743676114
1214,1929059194961064265,1279061841281380354,,jangan kebiasaan make kata kata ga pada tempatnya deh. aneh bgt minta ke ortu dibilang ngemis.,2025-06-09 08:36:26,[],kebiasaan make ga tempatnya deh aneh bgt ortu dibilang ngemis,negatif,-4,negatif,2.22220080941157
1215,1929059140627763514,1497183589619830786,,@sweectz kata kata kramat tuh kak,2025-06-09 08:36:26,[],kramat tuh kak,netral,0,netral,2.222215598228712
1216,1929058670505333193,1053294658569289730,,Aku rasa ayat ini mungkin keluar dari mulut seseorang yang belum pun berkahwin. Sebab kalau dah kahwin dia akan tahu &amp; sedar hakikat perkahwinan itu bagaimana. Dia tak akan sampai hati untuk mengeluarkan kata-kata yang dangkal begini.,2025-06-09 08:36:26,[],ayat mulut berkahwin dah kahwin amp sedar hakikat perkahwinan hati mengeluarkan katakata dangkal,negatif,-14,negatif,2.2222189618910595
1217,1929058564154204345,1730870520739160064,,hatiku terlalu mungil untuk dikata-katain pake kata-kata toxic gabisa banget,2025-06-09 08:36:26,[],hatiku mungil dikatakatain pake katakata toxic gabisa banget,negatif,-5,negatif,2.222233866755733
1218,1929058461708369985,25796673,,Ingin rasanya ku mengeluarkan kata kata kasar,2025-06-09 08:36:26,[],ku mengeluarkan kasar,netral,0,netral,2.222225297204196
1219,1929058289280778322,1053294658569289730,,Kasihan terhadap mereka yang mengeluarkan kata-kata sebegini. Lebih kasihan lagi terhadap mereka yang menyokongnya. Kalau seseorang itu benar faham tentang Islam tidak sewajarnya ungkapan ini keluar dari mulutnya. Contoh paling hampir ialah Sayidatina Khadijah binti Khuwailid. https://t.co/pdiYC6pwPL,2025-06-09 08:36:26,['6'],kasihan mengeluarkan katakata kasihan menyokongnya faham islam sewajarnya ungkapan mulutnya contoh sayidatina khadijah binti khuwailid,netral,0,netral,2.222227123105561
1220,1929058114709438767,1290608945606795265,,@arinlee01 Padahal fans Dy juga mendukung buat rnb akgae berulah itu tapi malah dikasih kata kata begitu waduh selama ini berarti oke oke aja kalo Dy beneran jadi samsak fandom kah? Shsjakka,2025-06-09 08:36:26,['01'],fans dy mendukung rnb akgae berulah dikasih oke oke aja kalo dy beneran samsak fandom kah shsjakka,positif,8,positif,2.222216899788679
1221,1929057774832677278,1442681895158878209,,@nattaywat di jadiin buku aja kata kata lucu nya SKSKKSK SAYANGKUU,2025-06-09 08:36:26,[],jadiin buku aja lucu nya skskksk sayangkuu,negatif,-1,negatif,2.222230898563836
1222,1929056713493147788,1584832090591223809,,@asahimup oke udh ku ss. ku pegang kata kata mu kak,2025-06-09 08:36:26,[],oke udh ku ss ku pegang mu kak,netral,0,netral,2.222236133303211
1223,1929055779274764680,1866275716893200384,,@Utayrus_Ayd Saya kawatirnya yang melakukan edit justru akan seperti ini. Karena penyanjung editor sangat percaya dan bahagia tambah pula kata-kata hujatan kebencian,2025-06-09 08:36:26,[],kawatirnya edit penyanjung editor percaya bahagia katakata hujatan kebencian,positif,1,positif,2.2222401281696933
1224,1929055567160463715,2758514019,,@Doelbatox Penuh dengan kata-kata ya,2025-06-09 08:36:26,[],penuh katakata ya,positif,4,positif,2.222198746197951
1225,1929055400113922450,1063752758807777281,,@sweectz Enggak butuh kata kata kaya gitu,2025-06-09 08:36:26,[],butuh kaya gitu,negatif,-7,negatif,2.222206816543787
1226,1929055084094062647,1409312683250176004,,@aksarapodo @sbyfess Eh kok bisa ada kata kata gimana caranya,2025-06-09 08:36:26,[],eh gimana,netral,0,netral,2.2222366937364635
1227,1929054922315645221,1219414785747324928,,@Otcar Gw cabut kata-kata gw sekarang.,2025-06-09 08:36:26,[],gw cabut katakata gw,negatif,-5,negatif,2.2222129144560614
1228,1929054386807881844,1371452282324185090,,Tiap kali TBM selalu nyampein kata-kata ini. Sayangi nyawa sendiri. Keluarga di rumah nunggu gaji yang berkah. Sampeyan kenapa-napa perusahaan bisa nyari orang baru. Kalo nyawa sampeyan yang ilang mau nyari kemana?,2025-06-09 08:36:26,[],kali tbm nyampein katakata sayangi nyawa keluarga rumah nunggu gaji berkah sampeyan kenapanapa perusahaan nyari orang kalo nyawa sampeyan ilang nyari kemana,negatif,-1,negatif,2.2222261878551204
1229,1929054311100961188,1697865224710438912,,memutuskan untuk full support dia karna kata-kata yg dikeluarkan dari mulutnya selalu bisa dipertanggungjawabkan dan omongan janjinya bisa di pegang bukan hanya bualan semata dia beneran serius membuktikannya kata orang itu baru disebut LAKI-LAKI GENTLEMEN https://t.co/q3lKNQrqCF,2025-06-09 08:36:26,['3'],memutuskan full support karna katakata yg dikeluarkan mulutnya dipertanggungjawabkan omongan janjinya pegang bualan beneran serius membuktikannya orang lakilaki gentlemen,negatif,-8,negatif,2.2222326307402134
1230,1929053156261892277,530867596,,@iambigggT @zeinpiliang kata-kata hari ini bolo https://t.co/lGwZ45VDhN,2025-06-09 08:36:26,['45'],katakata bolo,netral,0,netral,2.2222160137353257
1231,1929052448376651835,1884121271434371074,,@SolaceAmerta Ohh ini toh doksli dari kata kata krisis Beras,2025-06-09 08:36:26,[],ohh doksli krisis beras,negatif,-4,negatif,2.222224551549989
1232,1929052316394561609,856121481113116672,,@prajuritKARINA Kasih aku kata-kata dong by biar gak sedih lagi?,2025-06-09 08:36:26,[],kasih katakata by biar gak sedih,negatif,-9,negatif,2.2222036769818043
1233,1929051822192263329,1688285990086148096,,@problemetik Sudah gak bisa dijelaskan dengan kata-kata jadi hanya airmata yg bisa mewakili,2025-06-09 08:36:26,[],gak katakata airmata yg mewakili,negatif,-3,negatif,2.2222241444653523
1234,1929051719532445962,1542320320970821632,,TUHAN TIDAK MENUNTUT KITA UNTUK SUKSES. TUHAN HANYA MENYURUH KITA BERJUANG TANPA HENTI. EMHA AINUN NADJIB,2025-06-09 08:36:26,[],tuhan menuntut sukses tuhan menyuruh berjuang henti emha ainun nadjib,positif,2,positif,2.222218658137287
1235,1929051561558421715,1935947137,,@tiwas_kelaran Aamiin semoga begitu. Kesabaran memang sering jadi kunci kebahagiaan yang datang di waktu yang tepat. Terima kasih atas kata-kata indahnya!,2025-06-09 08:36:26,[],aamiin semoga kesabaran kunci kebahagiaan terima kasih katakata indahnya,positif,15,positif,2.2222225619635805
1236,1929050958149071047,1277253192120545282,,@bbyiesteaw ya ampun aku sedih banget bacanya... terima kasih banyak yaaa untuk kata-kata baik dan doanya. semoga kamu juga selalu penuh cinta dan bahagia lafyuuuu,2025-06-09 08:36:26,[],ya ampun sedih banget bacanya terima kasih yaaa katakata doanya semoga penuh cinta bahagia lafyuuuu,negatif,-4,negatif,2.219474175289539
1237,1929049251692294318,1120574096574599168,,Bisa gunakan kata baik-baik untuk menegur Kalau kata-kata nya begitu ya orang juga bakalan marah lah Tau sendiri sekarang orang-orang di twt lagi sensitif,2025-06-09 08:36:26,[],baikbaik menegur katakata nya ya orang marah tau orangorang twt sensitif,negatif,-7,negatif,2.2222076566852054
1238,1929049078928667111,1580039020796841984,,@lann_lan_ Kakk sorry bgt kalo udah sold boleh di td gak ya? Aku paham bgt kakaknya stop collect dan rela pc nya di sell underpriced. Cuma aku takut harga yg kakak kasih jadi patokan harga orang buat sell maaf kalo kata-kata aku kurang nyaman dibaca ya kak maaciii,2025-06-09 08:36:26,[],kakk sorry bgt kalo udah sold td gak ya paham bgt kakaknya stop collect rela pc nya sell underpriced takut harga yg kakak kasih patokan harga orang sell maaf kalo katakata nyaman dibaca ya kak maaciii,netral,0,netral,2.1384260975865184
1239,1929048832488153104,1869557290191482880,,@venchgarden Kata-kata gua tuh.,2025-06-09 08:36:26,[],katakata gua tuh,negatif,-3,negatif,2.222218298726499
1240,1929048556796838112,1720665183188922368,,@ayye9595 @jiaolona @Candraw919 Haha emot batu itu biasanya dipake buat ngasih reaksi datar atau bercanda kayak duh apa sih ini tanpa perlu kata-kata. Di thread ini kayaknya @jiaolona pake buat ngelewatin pertanyaanmu soal VPS dengan bercanda soalnya suasananya santai. Emoji ini dari patung Moai di,2025-06-09 08:36:26,"['9595', '919']",haha emot batu dipake ngasih reaksi datar bercanda kayak duh sih katakata thread kayaknya pake ngelewatin pertanyaanmu vps bercanda suasananya santai emoji patung moai,negatif,-25,negatif,2.222214659360207
1241,1929048552753213466,51815301,,@ragnoicity Mudah kalo di kata kata aja,2025-06-09 08:36:26,[],mudah kalo aja,netral,0,netral,2.1784048776805025
1242,1929048256711110893,971354628813078528,,@msaid_didu Ingat kata kata kyai kanjeng dia akan ditawur rakyatnya sendiri apa bakal kejadian ya?,2025-06-09 08:36:26,[],kyai kanjeng ditawur rakyatnya kejadian ya,positif,2,positif,2.2222099946033875
1243,1929047969216520460,1820682506922033152,,@lidaffffff kata kata pas siang kalo malem nanti gatau,2025-06-09 08:36:26,[],pas siang kalo malem gatau,positif,1,positif,2.222216949836771
1244,1929047843857379452,1263814878898221057,,kata kata hari ini alias gw keren bgt,2025-06-09 08:36:26,[],alias gw keren bgt,netral,0,negatif,2.1383814616383714
1245,1929046860418723902,1821865655899189249,,cinta ku ke bracelet udh gabisa diungkap kan oleh kata kata (gw cinta bngt ‍‍️️️),2025-06-09 08:36:26,[],cinta ku bracelet udh gabisa diungkap gw cinta bngt,negatif,-2,negatif,2.2245427589393887
1246,1929046765338046850,1377785976412499968,,@MunchMunc_21 @Autosultan_team @Suigar_com @cro_aggregator @Official_NODO Tidak butuh kata kata yang penting interaksi aja @GiveRep,2025-06-09 08:36:26,['21'],butuh interaksi aja,negatif,-6,negatif,2.22223343174334
1247,1929046649516523638,1278893304025722880,,@erlanggapratiwi ooh emang referensimu isinya selangkangan semua sih ya? jadi gaada referensi kata-kata yang lebih baik wkwkwkwk,2025-06-09 08:36:26,[],ooh emang referensimu isinya selangkangan sih ya gaada referensi katakata wkwkwkwk,positif,1,positif,2.2222181467286353
1248,1929046102390550709,1590881850767339520,,at the end emang semua akan punya hidupnya masing masing. but its okay. kalo kata paul.. namanya juga hidup kalo kata nabila.. sementara bukan selamanya kata kata rony.. butuh waktu kalo kata salma.. terima kasih,2025-06-09 08:36:26,[],at the end emang hidupnya but its okay kalo paul namanya hidup kalo nabila rony butuh kalo salma terima kasih,negatif,-4,negatif,2.2221991943535637
1249,1929045788447199597,984985248537559040,,kata kata ini yg selalu aku pegang sampai saat ini. Karena penyakit hati itu bisa membunuhmu kapan saja tanpa menyentuh.,2025-06-09 08:36:26,[],yg pegang penyakit hati membunuhmu menyentuh,negatif,-8,negatif,2.2236003677280567
1250,1929045517012521005,97554944,,Kata-kata yang sedikit gila tapi ini adanya,2025-06-09 08:36:26,[],katakata gila,negatif,-5,negatif,2.222237707028619
1251,1929044996843266053,1918949366666317824,,@Diandrawill1506 Bude bude lu bikin nama Caleb girlie jelek tau ga? Opini pribadi lu itu memakai kata kata yang tak pantas makanya lu diserang. Udh dewasa kan? Jangan bersikap kayak anak kecil. Toh kalau lu mau berpendapat ya boleh tp ketikannya tolong dongg aduhh,2025-06-09 08:36:26,['1506'],bude bude lu bikin nama caleb girlie jelek tau ga opini pribadi lu memakai lu diserang udh dewasa bersikap kayak anak lu berpendapat ya tp ketikannya tolong dongg aduhh,negatif,-15,negatif,2.2222387331506877
1252,1929044791796351366,1502256199827263488,,@Younjgae Lucu banget gemes kaya percintaan banget pake kata kata yang dirancang sedemikian rupa ya Oh ya??? Aduh lucu banget dia namanya udh dikenalin belum? Jenisnya mirip sama Maeumi dan Gaeul anjingnya Jungwon dan Sunghoon ih!,2025-06-09 08:36:26,[],lucu banget gemes kaya percintaan banget pake dirancang rupa ya oh ya aduh lucu banget namanya udh dikenalin jenisnya maeumi gaeul anjingnya jungwon sunghoon ih,positif,3,positif,2.222209063743706
1253,1929044568915288543,3169564883,,@funtakee kok gaada kata kata hbd nyaa,2025-06-09 08:36:26,[],gaada hbd nyaa,negatif,-3,negatif,2.2222163837193807
1254,1929044115817214044,1079981324876767233,,'Bersama ku setiap hari aja udah serem' Bakal gue inget terus kata-kata pro ke almond ini lucu bgt lagi..,2025-06-09 08:36:26,[],ku aja udah serem gue inget katakata pro almond lucu bgt,negatif,-6,negatif,2.222207959763349
1255,1929043502425387316,37161353,,Aku tahu ia sedang menyusun kata-kata yang pas agar aku lebih mudah mengerti. Pada akhirnya ia menyerah. Entahlah susah untuk dijelaskan. Sesuatu yang sulit dipahami akal manusia. Setidaknya menurut kepercayaan kami warga sekitar sini. I,2025-06-09 08:36:26,[],menyusun katakata pas mudah mengerti menyerah susah sulit dipahami akal manusia kepercayaan warga i,negatif,-7,negatif,2.222238221976879
1256,1929042762906599742,1755573443821752320,,Aku sayang kamu. Lebih dari kata-kata bisa ungkapin. Dan aku bakal terus sayang selama kamu masih mau sama aku di dunia yang ga selamanya berjalan sesuai kemauan kita I love you my best Part of my life Jiwangga Pranadipta Suamiku. ´･ᴗ･` https://t.co/P4rtLqc9kW,2025-06-09 08:36:26,"['4', '9']",sayang katakata ungkapin sayang dunia ga berjalan sesuai kemauan i love you my best part of my life jiwangga pranadipta suamiku ᴗ,negatif,-10,negatif,2.222223564989665
1257,1929042680988000367,1121043883448602625,,@mnyugjae Ini kata-kata bulshit keberapa yang udah dd keluarin hari ini?,2025-06-09 08:36:26,[],katakata bulshit keberapa udah dd keluarin,netral,0,netral,2.222216233956836
1258,1929042518802370794,1117406233584001024,,dulu jaman 2010 an chat an di dm itu agak gak umum. jadi meskipun temen kita ada kata kata eh kita belum pernah dm an. nanti dm an ya hehe. first dm kwkkwwk. kalo sekarang aneh aja sih rasanya dulu knp gitu,2025-06-09 08:36:26,['2010'],jaman 2010 an chat an dm gak temen eh dm an dm an ya hehe first dm kwkkwwk kalo aneh aja sih knp gitu,positif,2,positif,2.222222327597376
1259,1929041885995176056,1525993103592607744,,@bigxrd Bosen banget denger kata-kata itu,2025-06-09 08:36:26,[],bosen banget denger katakata,negatif,-6,negatif,2.2221992886238437
1260,1929041755434865135,1189709182099836928,,@grok @mindfulmaven_ Bukan itu tapi kata kata caption dlm gambar tersebut,2025-06-09 08:36:26,[],caption dlm gambar,negatif,-3,negatif,2.222218598796768
1261,1929040694393319764,1748707247604293633,,@Ghaii_AA HEPII BIRTHDAY KAKAAA WISH YOU ALL THE BEST KARNA AKU GBISA NYUSUN KATA KATA. intinya semoga lancarr segala urusan kaka mau yang mudah sampai yang sulit,2025-06-09 08:36:26,[],hepii birthday kakaaa wish you all the best karna gbisa nyusun intinya semoga lancarr urusan kaka mudah sulit,positif,3,positif,2.222213235814403
1262,1929040331816702160,1867553071796289536,,lu dengan enak nya ngehate singto dengan kata kata sakau trus lu minta maaf? kok enteng kali mulut mu itu. baru juga dibully udh minta maaf coba ga ada yang ngebully mungkin lu udah ngejelekin singto lebih dari ini. pliss singto itu orang baik ga macam macam orangnya. https://t.co/FGPcu84xGS,2025-06-09 08:36:26,['84'],lu enak nya ngehate singto sakau trus lu maaf enteng kali mulut mu dibully udh maaf coba ga ngebully lu udah ngejelekin singto pliss singto orang ga orangnya,negatif,-19,negatif,2.222213791300002
1263,1929040233296724198,1188646881900941312,,Ternyata di sana juga ada template kata kata mutiara bapak bapak fb ya,2025-06-09 08:36:26,[],template mutiara fb ya,positif,4,positif,2.2222019564168014
1264,1929040128821047815,765533630206586880,,@anastasiartn @leony_be @kiimsunoc @hansolvcmine @nonapics_ Tuh kan emosian lagi pms pasti. Lagi btw gua disitu ngatain reading compre lu yang jelek cuma balikin kata-kata lu. Tapi lu tersinggung wkwkwk tolol banget berarti merasa jelek ya tolol.,2025-06-09 08:36:26,[],tuh emosian pms btw gua disitu ngatain reading compre lu jelek balikin katakata lu lu tersinggung wkwkwk tolol banget jelek ya tolol,negatif,-25,negatif,2.2222155865352744
1265,1929039618177118222,1342429489406435329,,@ctrlaltdel_77 @haruxday_ wkwk orang tolol biasanya isi otaknya bokep doang nih contohnya lu bgt 100% kalah daya otak kata kata yg keluar cuma bisa bawa orang tua untuk dihujat. semoga utang lu segera lunas ya,2025-06-09 08:36:26,"['77', '100']",wkwk orang tolol isi otaknya bokep doang nih contohnya lu bgt 100 kalah daya otak yg bawa orang tua dihujat semoga utang lu lunas ya,negatif,-32,negatif,2.222226163194791
1266,1929039248726036641,1869251106381168640,,@entrophilogy tjakeeepp kata kata hari ini by enoki,2025-06-09 08:36:26,[],tjakeeepp by enoki,netral,0,netral,2.2222240255303802
1267,1929039112440365282,3299426551,,No closure is a closure. Kamu cuma lagi denial. Toh kalau ketemu dan yang akan kamu dengar mungkin cuma kata-kata yang paling gak pengen kamu dengar hanya sebelumnya udah dipoles supaya gak makin menyakiti kamu dan membuat dia kelihatan gak banyak bersalah di hubungan kalian.c,2025-06-09 08:36:26,[],no closure is a closure denial ketemu dengar katakata gak pengen dengar udah dipoles gak menyakiti gak bersalah hubungan kalianc,negatif,-6,negatif,2.2222227990242036
1268,1929038860605915374,1292419793056706560,,@Dyanasthasia coba kata kata Jangan-jangan nya dihilangkan lebih tepat,2025-06-09 08:36:26,[],coba janganjangan nya dihilangkan,negatif,-1,negatif,2.222232187739752
1269,1929038631538241964,1701576482878091264,,@brfelindra Di era Presiden Prabowo kebebasan berpendapat nggak cuma kata-kata tapi bener-bener kejadian,2025-06-09 08:36:26,[],era presiden prabowo kebebasan berpendapat nggak katakata benerbener kejadian,negatif,-2,negatif,2.2222088751933713
1270,1929037786218201452,1251441499591475200,,@BMultinovic @krajiladasuki @caumuli_ @zenrs apapun kata-kata mu aku tetap KDM &amp; Gibran,2025-06-09 08:36:26,[],apapun katakata mu kdm amp gibran,netral,0,netral,2.2222290960032605
1271,1929037348517331059,2785368266,,klw ditanyak pengennya apa pengen bgt lari di Jogja ya Allah Bismillah kata-kata adalah do'a,2025-06-09 08:36:26,[],klw ditanyak pengennya pengen bgt lari jogja ya allah bismillah katakata doa,positif,5,positif,2.2222184352194887
1272,1929037333262905370,1355552239960485888,,coba dong kasih kata-kata buat GEMINI,2025-06-09 08:36:26,[],coba kasih katakata gemini,negatif,-2,negatif,2.2222047712961808
1273,1929037313126150590,1644902128295739392,,@quotesseseorang Ini sebuah kata-kata yang sangat berarti,2025-06-09 08:36:26,[],katakata,netral,0,netral,2.222224984508566
1274,1929037293190312050,1281953677150806016,,@missyoongii Kalau inget lagi betapa teganya kata kata mereka.,2025-06-09 08:36:26,[],inget betapa teganya,netral,0,netral,2.222226213573099
